date,site,species,indiv.no,stem.wt,dist.top,dist.btm,ht,dbh,dbh2,dbh3
03-Jul,af,acegla,1,NA,NA,NA,2.894,1.881,NA,NA
11-Jun,af,acegla,3,NA,7,5,4.898979486,9.3,2,NA
13-Jun,af,acegla,5,NA,8,6,5.291502622,3,3.4,3.2
13-Jun,af,acegla,6,NA,9,6,6.708203932,4.2,8.2,3.2
13-Jun,af,acegla,7,NA,9,7,5.656854249,5.1,6.9,9
13-Jun,af,acegla,8,NA,8,6,5.291502622,6.5,7.5,5.9
13-Jun,af,acegla,9,NA,7,4,5.744562647,4.5,6.5,7
13-Jun,af,acegla,10,NA,NA,NA,4.896,2.7,4.2,4.3
02-Jul,af,acegla,11,NA,NA,NA,4.666,2.411,NA,NA
02-Jul,af,acegla,12,NA,NA,NA,3.359,1.632,NA,NA
11-Jun,af,alninc,1,NA,NA,NA,2.845,2.1,NA,NA
02-Jul,af,alninc,1,NA,NA,NA,2.334,0.816,1.525,NA
02-Jul,af,alninc,5,NA,5,3,4,2.655,4.354,NA
03-Jul,af,alninc,6,NA,8,6,5.291502622,7.8,8.9,7.2
03-Jul,af,alninc,7,NA,8,7,3.872983346,4.2,5.5,4.3
11-Jun,af,alninc,9,NA,6,5,3.31662479,4.7,NA,NA
11-Jun,af,alninc,10,NA,10,9,4.358898944,3.4,3.5,4.2
04-Jul,af,alninc,12,NA,6,3,5.196152423,4.644,3.848,3.295
04-Jul,af,alninc,13,NA,7,5,4.898979486,3.385,5.925,3.35
04-Jul,af,alninc,14,NA,NA,NA,3.192,1.947,1.721,NA
12-Jun,af,alninc,20,NA,NA,NA,4.653,4.1,3.3,2.8
02-Jul,af,alnvir,1,NA,NA,NA,2.334,0.816,1.525,NA
02-Jul,af,alnvir,2,NA,NA,NA,3.11,1.509,1.382,1.231
02-Jul,af,alnvir,3,NA,NA,NA,3.385,1.692,2.055,1.509
02-Jul,af,alnvir,4,NA,NA,NA,3.334,1.317,1.24,1.42
02-Jul,af,alnvir,5,NA,NA,NA,2.176,1.294,0.915,0.888
02-Jul,af,alnvir,11,NA,NA,NA,3.486,1.924,1.328,0.865
02-Jul,af,alnvir,12,NA,NA,NA,3.396,1.409,1.232,1.17
04-Jul,af,alnvir,13,NA,NA,NA,2.765,1.928,1.953,3.163
04-Jul,af,alnvir,14,NA,NA,NA,3.964,2.588,1.821,1.764
12-Jun,af,alnvir,20,NA,NA,NA,4.392,4,5.2,4.5
11-Jun,af,amealn,1,NA,NA,NA,1.807,1.588,1.312,1.13
11-Jun,af,amealn,2,NA,NA,NA,1.577,1.183,NA,NA
11-Jun,af,amealn,3,NA,NA,NA,2.342,1.986,NA,NA
11-Jun,af,amealn,5,NA,NA,NA,2.104,2.357,NA,NA
02-Jul,af,amealn,6,NA,NA,NA,2.747,1.536,NA,NA
02-Jul,af,amealn,7,NA,NA,NA,2.434,1.432,1.036,NA
02-Jul,af,amealn,8,NA,NA,NA,2.046,1.238,1.387,1.034
02-Jul,af,amealn,9,NA,NA,NA,1.821,1.293,NA,NA
02-Jul,af,amealn,10,NA,NA,NA,1.98,1.095,NA,NA
02-Jul,af,amealn,12,NA,NA,NA,3.642,1.002,NA,NA
11-Jun,af,betpap,1,NA,19,14,12.84523258,36.9,NA,NA
12-Jun,af,betpap,3,NA,13,8,10.24695077,10.5,NA,NA
12-Jun,af,betpap,4,NA,12,8,8.94427191,18,NA,NA
12-Jun,af,betpap,5,NA,14,7,12.12435565,18.5,NA,NA
11-Jun,af,betpap,7,NA,12,10,6.633249581,10,NA,NA
11-Jun,af,betpap,8,NA,13,8,10.24695077,12.6,NA,NA
11-Jun,af,betpap,9,NA,14,11,8.660254038,12.9,NA,NA
11-Jun,af,betpap,10,NA,10,8,6,9.9,NA,NA
11-Jun,af,betpap,11,NA,20,14,14.28285686,33.1,NA,NA
12-Jun,af,betpap,2_02,NA,12,9,7.937253933,9.9,NA,NA
12-Jun,af,betpap ,6,NA,13,8,10.24695077,10.6,NA,NA
11-Jun,af,corsto,1,NA,NA,NA,1.318,14.1,NA,NA
13-Jun,af,corsto,3,NA,NA,NA,3.632,1.534,0.67,NA
11-Jun,af,corsto,4,NA,NA,NA,2.231,1.451,NA,NA
11-Jun,af,corsto,5,NA,NA,NA,3.198,2.971,NA,NA
02-Jul,af,corsto,6,NA,NA,NA,1.6,1.701,NA,NA
02-Jul,af,corsto,7,NA,NA,NA,1.81,1.809,NA,NA
02-Jul,af,corsto,8,NA,NA,NA,1.616,0.954,NA,NA
02-Jul,af,corsto,9,NA,NA,NA,2.738,1.124,NA,NA
02-Jul,af,corsto,10,NA,NA,NA,2.324,1.732,1.538,NA
03-Jul,af,corsto,11,NA,NA,NA,2.724,2.348,NA,NA
12-Jun,af,loninv,1,NA,NA,NA,1.234,1.275,NA,NA
11-Jun,af,loninv,2,NA,NA,NA,1.173,1.164,NA,NA
11-Jun,af,loninv,3,NA,NA,NA,1.396,1.201,NA,NA
02-Jul,af,loninv,4,NA,NA,NA,1.221,0.721,NA,NA
02-Jul,af,loninv,5,NA,NA,NA,1.208,1.198,NA,NA
03-Jul,af,loninv,6,NA,NA,NA,1.406,1.111,NA,NA
13-Jun,af,loninv,8,NA,NA,NA,1.062,1.007,NA,NA
04-Jul,af,loninv,9,NA,NA,NA,1.79,1.555,NA,NA
03-Jul,af,loninv,11,NA,NA,NA,1.592,2.74,1.599,3.474
12-Jun,af,loninv,3_02,NA,NA,NA,2.463,2.071,NA,NA
11-Jun,af,popbal,1,NA,7,6,3.605551275,6.3,6.5,6.2
12-Jun,af,popbal,2,NA,18,12,13.41640786,14.2,NA,NA
11-Jun,af,popbal,2,NA,28,21,18.52025918,34.6,NA,NA
11-Jun,af,popbal,3,NA,9,7,5.656854249,10.8,NA,NA
02-Jul,af,popbal,4,NA,11,8,7.549834435,5.742,NA,NA
02-Jul,af,popbal,5,NA,10,8,6,5.96,NA,NA
02-Jul,af,popbal,6,NA,7,4,5.744562647,4.672,NA,NA
02-Jul,af,popbal,7,NA,6,5,3.31662479,4.175,1.496,NA
02-Jul,af,popbal,8,NA,6,5,3.31662479,2.499,NA,NA
03-Jul,af,popbal,9,NA,11,8,7.549834435,9.906,NA,NA
02-Jul,af,poptre,3,NA,8,6,5.291502622,5.4,NA,NA
02-Jul,af,poptre,4,NA,7,5,4.898979486,4.4,NA,NA
02-Jul,af,poptre,5,NA,6,5,3.31662479,6,NA,NA
02-Jul,af,poptre,6,NA,15,8,12.68857754,12.7,NA,NA
13-Jun,af,poptre,8,NA,6,4,4.472135955,8.1,NA,NA
13-Jun,af,poptre,9,NA,9,4,8.062257748,8,NA,NA
11-Jun,af,poptre,10,NA,NA,NA,4.209,3.6,NA,NA
13-Jun,af,poptre,11,NA,11,8,7.549834435,11.7,NA,NA
02-Jul,af,poptre,12,NA,10,5,8.660254038,7.844,NA,NA
13-Jun,af,poptre,12,NA,21,11,17.88854382,17.5,NA,NA
13-Jun,af,poptre,13,NA,17,14,9.643650761,6,NA,NA
02-Jul,af,poptre,15,NA,NA,NA,2.91,2.744,NA,NA
12-Jun,af,riblac,1,NA,NA,NA,0.46,0.408,NA,NA
12-Jun,af,riblac,2,NA,NA,NA,0.531,0.687,NA,NA
02-Jul,af,riblac,4,NA,NA,NA,0.9,0.721,NA,NA
02-Jul,af,riblac,6,NA,NA,NA,1.073,0.636,0.6,NA
02-Jul,af,riblac,7,NA,NA,NA,0.921,0.799,NA,NA
04-Jul,af,riblac,8,NA,NA,NA,1.431,0.91,NA,NA
03-Jul,af,riblac,9,NA,NA,NA,NA,NA,NA,NA
03-Jul,af,riblac,10,NA,NA,NA,1.294,0.803,NA,NA
03-Jul,af,riblac,11,NA,NA,NA,0.915,0.756,NA,NA
04-Jul,af,riblac,12,NA,NA,NA,1.129,0.808,NA,NA
12-Jun,af,riblac,20,NA,NA,NA,0.755,0.504,NA,NA
12-Jun,af,rosaci,1,NA,NA,NA,1.546,0.842,NA,NA
11-Jun,af,rosaci,2,NA,NA,NA,1.846,1.452,NA,NA
11-Jun,af,rosaci,3,NA,NA,NA,1.443,1.051,NA,NA
13-Jun,af,rosaci,4,NA,NA,NA,1.513,1.063,NA,NA
11-Jun,af,rosaci,5,NA,NA,NA,1.764,1.508,NA,NA
02-Jul,af,rosaci,8,NA,NA,NA,0.986,0.722,NA,NA
02-Jul,af,rosgym,1,NA,NA,NA,1.017,0.639,NA,NA
02-Jul,af,rosgym,2,NA,NA,NA,0.836,0.438,NA,NA
02-Jul,af,rosgym,3,NA,NA,NA,1.097,0.649,NA,NA
03-Jul,af,rosgym,4,NA,NA,NA,0.96,0.543,NA,NA
03-Jul,af,rosgym,5,NA,NA,NA,1.572,0.808,NA,NA
02-Jul,af,rosgym,6,NA,NA,NA,0.914,0.749,NA,NA
02-Jul,af,rosgym,7,NA,NA,NA,1.5,1.077,NA,NA
03-Jul,af,rosgym,8,NA,NA,NA,1.203,0.808,NA,NA
02-Jul,af,rosgym,10,NA,NA,NA,1.486,0.911,0.886,0.657
04-Jul,af,rosgym,11,NA,NA,NA,0.974,0.569,NA,NA
02-Jul,af,rubida,4,NA,NA,NA,0.715,0.477,NA,NA
04-Jul,af,rubida,6,NA,NA,NA,0.885,0.656,NA,NA
02-Jul,af,rubida,10,NA,NA,NA,0.876,0.607,NA,NA
02-Jul,af,rubida,11,NA,NA,NA,1.461,0.767,NA,NA
03-Jul,af,rubida,12,NA,NA,NA,1.061,0.649,NA,NA
03-Jul,af,rubida,13,NA,NA,NA,0.913,0.54,NA,NA
04-Jul,af,rubida,14,NA,NA,NA,1.314,1.082,NA,NA
04-Jul,af,rubida,15,NA,NA,NA,1.301,0.781,NA,NA
04-Jul,af,rubida,16,NA,NA,NA,1.247,0.793,NA,NA
04-Jul,af,rubida,17,NA,NA,NA,1.042,0.592,NA,NA
11-Jun,af,rubida ,1,NA,NA,NA,0.812,0.645,0.571,0.521
13-Jun,af,rubpar,2,NA,NA,NA,0.91,0.787,NA,NA
13-Jun,af,rubpar,3,NA,NA,NA,1.169,0.846,NA,NA
11-Jun,af,rubpar,4,NA,NA,NA,0.691,0.636,NA,NA
02-Jul,af,rubpar,5,NA,NA,NA,0.591,0.463,NA,NA
02-Jul,af,rubpar,6,NA,NA,NA,0.644,0.484,0.552,0.426
02-Jul,af,rubpar,9,NA,NA,NA,0.752,0.621,NA,NA
03-Jul,af,rubpar,10,NA,NA,NA,1.276,0.69,NA,NA
03-Jul,af,rubpar,11,NA,NA,NA,1.043,0.709,NA,NA
03-Jul,af,rubpar,13,NA,NA,NA,0.884,0.658,NA,NA
03-Jul,af,rubpar,15,NA,NA,NA,1.4,0.881,NA,NA
03-Jul,af,rubpar,16,NA,NA,NA,1.4,1.031,NA,NA
03-Jul,af,rubpar,14,NA,NA,NA,0.891,0.616,NA,NA
11-Jun,af,rubspe,1,NA,NA,NA,1.218,0.628,0.636,0.784
11-Jun,af,rubspe,7,NA,NA,NA,1.672,0.581,NA,NA
12-Jun,af,rubspe,10,NA,NA,NA,0.766,0.409,NA,NA
11-Jun,af,samrac,1,NA,NA,NA,2.194,3.071,NA,NA
11-Jun,af,samrac,3,NA,NA,NA,1.834,1.858,NA,NA
04-Jul,af,samrac,4,NA,NA,NA,1.805,1.91,NA,NA
04-Jul,af,samrac,5,NA,NA,NA,1.975,1.87,NA,NA
03-Jul,af,samrac,6,NA,NA,NA,2.084,3.365,NA,NA
03-Jul,af,samrac,7,NA,NA,NA,2.21,1.726,1.384,1.791
11-Jun,af,samrac,9,NA,NA,NA,1.662,1.383,NA,NA
03-Jul,af,samrac,10,NA,NA,NA,1.691,2.919,NA,NA
04-Jul,af,samrac,12,NA,NA,NA,2.512,2.45,NA,NA
04-Jul,af,samrac,13,NA,NA,NA,2.356,2.054,NA,NA
11-Jun,af,shecan,1,NA,NA,NA,0.742,0.946,NA,NA
13-Jun,af,shecan,2,NA,NA,NA,1.03,1.315,NA,NA
13-Jun,af,shecan,3,NA,NA,NA,0.796,0.789,0.64,0.731
11-Jun,af,shecan,4,NA,NA,NA,0.877,0.958,NA,NA
11-Jun,af,shecan,5,NA,NA,NA,1.506,2.439,NA,NA
02-Jul,af,shecan,6,NA,NA,NA,1.57,0.986,1.087,0.88
02-Jul,af,shecan,7,NA,NA,NA,1.535,1.342,1.484,NA
02-Jul,af,shecan,8,NA,NA,NA,1.471,1.841,NA,NA
02-Jul,af,shecan,9,NA,NA,NA,1.044,1.139,NA,NA
02-Jul,af,shecan,10,NA,NA,NA,1.695,2.444,NA,NA
11-Jun,af,sorsco,2,NA,NA,NA,2.262,2.825,NA,NA
12-Jun,af,sorsco,3,NA,7,5,4.898979486,1.719,NA,NA
13-Jun,af,sorsco,3,NA,NA,NA,1.733,3.2,4,NA
02-Jul,af,sorsco,6,NA,NA,NA,1.32,1.226,0.984,NA
02-Jul,af,sorsco,7,NA,NA,NA,2.072,1.538,1.468,NA
02-Jul,af,sorsco,8,NA,NA,NA,4.388,1.799,NA,NA
02-Jul,af,sorsco,9,NA,NA,NA,3.642,1.271,1.407,NA
02-Jul,af,sorsco,10,NA,NA,NA,3.914,1.295,NA,NA
02-Jul,af,sorsco,11,NA,NA,NA,3.466,2.772,NA,NA
03-Jul,af,sorsco,13,NA,NA,NA,2.094,2.246,NA,NA
12-Jun,af,spibet,1,NA,NA,NA,0.465,0.315,NA,NA
11-Jun,af,spibet,2,NA,NA,NA,0.55,0.559,NA,NA
13-Jun,af,spibet,4,NA,NA,NA,0.505,0.299,NA,NA
11-Jun,af,spibet,5,NA,NA,NA,0.636,0.392,NA,NA
11-Jun,af,spibet,11,NA,NA,NA,0.502,0.354,NA,NA
11-Jun,af,spibet,12,NA,NA,NA,0.512,0.448,NA,NA
13-Jun,af,spibet,13,NA,NA,NA,0.971,0.588,NA,NA
13-Jun,af,spibet,14,NA,NA,NA,0.912,0.565,NA,NA
12-Jun,af,spibet,20,NA,NA,NA,0.577,0.361,NA,NA
11-Jun,af,spibet ,06_02,NA,NA,NA,0.516,0.283,NA,NA
12-Jun,af,spidou,1,NA,NA,NA,0.832,0.509,NA,NA
13-Jun,af,spidou,2,NA,NA,NA,1.075,0.725,NA,NA
03-Jul,af,spidou,3,NA,NA,NA,1.032,0.495,NA,NA
13-Jun,af,spidou,4,NA,NA,NA,1.606,1.182,NA,NA
03-Jul,af,spidou,11,NA,NA,NA,1.299,0.548,NA,NA
03-Jul,af,spidou,12,NA,NA,NA,1.215,0.81,NA,NA
04-Jul,af,spidou,13,NA,NA,NA,1.592,0.685,NA,NA
13-Jun,af,spidou,19,NA,NA,NA,1.399,1.078,NA,NA
12-Jun,af,spidou,20,NA,NA,NA,0.981,0.65,NA,NA
13-Jun,af,spidou,19_02,NA,NA,NA,1.414,0.682,NA,NA
12-Jun,af,spipyr,1,NA,NA,NA,1.146,0.771,NA,NA
13-Jun,af,spipyr,2,NA,NA,NA,1.323,0.993,NA,NA
03-Jul,af,spipyr,11,NA,NA,NA,1.003,0.6,NA,NA
04-Jul,af,spipyr,12,NA,NA,NA,1.152,0.576,NA,NA
04-Jul,af,spipyr,13,NA,NA,NA,1.52,0.859,NA,NA
04-Jul,af,spipyr,14,NA,NA,NA,1.08,0.507,NA,NA
13-Jun,af,spipyr,16,NA,NA,NA,0.993,0.76,NA,NA
13-Jun,af,spipyr,17,NA,NA,NA,0.976,0.591,NA,NA
13-Jun,af,spipyr,18,NA,NA,NA,1.451,0.867,NA,NA
12-Jun,af,spipyr,19,NA,NA,NA,0.874,0.788,NA,NA
12-Jun,af,symalb,1,NA,NA,NA,0.732,0.556,NA,NA
12-Jun,af,symalb,2,NA,NA,NA,1.222,0.699,NA,NA
13-Jun,af,symalb,3,NA,NA,NA,1.264,1.031,NA,NA
11-Jun,af,symalb,4,NA,NA,NA,1.152,0.78,NA,NA
02-Jul,af,symalb,5,NA,NA,NA,1.146,0.604,NA,NA
02-Jul,af,symalb,6,NA,NA,NA,0.952,0.55,0.59,NA
02-Jul,af,symalb,7,NA,NA,NA,0.535,0.278,NA,NA
02-Jul,af,symalb,8,NA,NA,NA,0.6,0.609,NA,NA
11-Jun,af,symalb,11,NA,NA,NA,0.834,0.872,NA,NA
04-Jul,af,symalb,12,NA,NA,NA,0.689,0.531,NA,NA
12-Jun,af,vacmem,1,NA,NA,NA,0.449,0.508,NA,NA
02-Jul,af,vacmem,3,NA,NA,NA,0.482,0.521,NA,NA
02-Jul,af,vacmem,4,NA,NA,NA,0.304,0.293,NA,NA
02-Jul,af,vacmem,5,NA,NA,NA,0.681,0.971,0.876,0.759
04-Jul,af,vacmem,6,NA,NA,NA,0.356,0.366,NA,NA
04-Jul,af,vacmem,7,NA,NA,NA,0.55,0.574,NA,NA
04-Jul,af,vacmem,8,NA,NA,NA,0.512,0.677,NA,NA
04-Jul,af,vacmem,9,NA,NA,NA,0.501,0.864,NA,NA
04-Jul,af,vacmem,10,NA,NA,NA,0.282,0.624,NA,NA
12-Jun,af,vacmem,20,NA,NA,NA,0.438,0.493,NA,NA
12-Jun,af,vibedu,1,NA,NA,NA,1.116,0.866,NA,NA
03-Jul,af,vibedu,2,NA,NA,NA,0.748,0.822,NA,NA
12-Jun,af,vibedu,3,NA,NA,NA,1.118,0.744,NA,NA
13-Jun,af,vibedu,3,NA,NA,NA,1.118,0.93,NA,NA
02-Jul,af,vibedu,4,NA,NA,NA,0.804,1.085,NA,NA
02-Jul,af,vibedu,5,NA,NA,NA,1.36,1.067,NA,NA
02-Jul,af,vibedu,6,NA,NA,NA,2.169,1.392,NA,NA
02-Jul,af,vibedu,7,NA,NA,NA,1.185,0.856,NA,NA
02-Jul,af,vibedu,8,NA,NA,NA,0.847,0.571,NA,NA
02-Jul,af,vibedu,11,NA,NA,NA,1.235,0.898,NA,NA
03-Jul,af,vibedu,12,NA,NA,NA,1.509,1.345,NA,NA
29-Jul,kl,acegla,1,NA,6,5,3.31662479,40.8,5.136,4.69
26-Jul,kl,acegla,3,NA,NA,NA,4.703,2.546,2.037,NA
24-Jul,kl,acegla,4,NA,7,6,3.605551275,13.1,NA,NA
24-Jul,kl,acegla,5,NA,11,6,9.219544457,9.6,6.9,NA
24-Jul,kl,acegla,6,NA,7,6,3.605551275,6.1,NA,NA
24-Jul,kl,acegla,7,NA,12,6,10.39230485,6.5,8.4,8.1
25-Jul,kl,acegla,8,NA,11,9,6.32455532,6.143,8.48,7.224
28-Jul,kl,acegla,9,NA,7,6,3.605551275,4.034,NA,NA
28-Jul,kl,acegla,10,NA,NA,NA,0,10.6,NA,NA
30-Jul,kl,acegla,11,NA,10,7,7.141428429,5.3,3.4,2.2
25-Jul,kl,alninc,1,NA,NA,NA,4.518,3.557,2.765,2.058
25-Jul,kl,alninc,2,NA,6,5,3.31662479,3.575,4.041,3.482
25-Jul,kl,alninc,3,NA,9,7,5.656854249,8.644,2.392,NA
25-Jul,kl,alninc,4,NA,7,6,3.605551275,2.948,3.424,1.496
28-Jul,kl,alnrub,1,NA,9,7,5.656854249,6.5,NA,NA
28-Jul,kl,alnrub,2,NA,7,5,4.898979486,6.5,NA,NA
28-Jul,kl,alnrub,3,NA,12,10,6.633249581,11.1,NA,NA
28-Jul,kl,alnrub,4,NA,16,12,10.58300524,17.7,NA,NA
28-Jul,kl,alnrub,5,NA,11,10,4.582575695,10.4,NA,NA
28-Jul,kl,alnrub,6,NA,9,3,8.485281374,6.7,NA,NA
28-Jul,kl,alnrub,7,NA,9,8,4.123105626,9.9,NA,NA
28-Jul,kl,alnrub,8,NA,10,8,6,7.5,6,NA
28-Jul,kl,alnrub,9,NA,8,3.5,7.193747285,10.1,NA,NA
28-Jul,kl,alnrub,10,NA,9,4,8.062257748,9.8,NA,NA
26-Jul,kl,alnvir,2,NA,NA,NA,3.504,2.833,3.633,3.268
26-Jul,kl,alnvir,3,NA,NA,NA,3.601,1.582,1.764,1.861
24-Jul,kl,alnvir,5,NA,NA,NA,1.706,1.756,2,1.953
24-Jul,kl,alnvir,6,NA,NA,NA,1.749,2.288,1.396,1.929
25-Jul,kl,alnvir,7,NA,NA,NA,3.148,1.758,2.252,1.074
26-Jul,kl,alnvir,8,NA,NA,NA,3.074,1.828,1.296,1.464
28-Jul,kl,alnvir,9,NA,5,4,3,3.809,2.552,2.27
28-Jul,kl,alnvir,10,NA,NA,NA,4.811,4.339,4.582,3.381
28-Jul,kl,alnvir,11,NA,NA,NA,4.526,3.174,2.26,2.133
28-Jul,kl,alnvir,12,NA,NA,NA,8.704,2.825,2.24,2.688
29-Jul,kl,amealn,1,NA,NA,NA,3.573,3.137,1.981,0.922
29-Jul,kl,amealn,2,NA,NA,NA,5.21,3.368,NA,NA
29-Jul,kl,amealn,3,NA,NA,NA,5.296,3.835,NA,NA
24-Jul,kl,amealn,4,NA,NA,NA,3.812,1.66,1.511,1.539
26-Jul,kl,amealn,5,NA,NA,NA,2.339,1.48,NA,NA
26-Jul,kl,amealn,6,NA,NA,NA,3.502,2.612,NA,NA
26-Jul,kl,amealn,7,NA,NA,NA,2.863,1.931,NA,NA
26-Jul,kl,amealn,8,NA,7,5,4.898979486,3.464,2.252,1.985
28-Jul,kl,amealn,9,NA,NA,NA,2.175,2.062,NA,NA
28-Jul,kl,amealn,10,NA,NA,NA,2.134,2.259,NA,NA
29-Jul,kl,betpap,5,NA,19,16,10.24695077,12.7,7.9,NA
24-Jul,kl,betpap,6,NA,15,12,9,9.8,NA,NA
24-Jul,kl,betpap,7,NA,15,9,12,11.9,NA,NA
24-Jul,kl,betpap,8,NA,14,10,9.797958971,15.5,NA,NA
26-Jul,kl,betpap,9,NA,17,12,12.04159458,17.1,14.9,9.9
28-Jul,kl,betpap,9,NA,23,16,16.52271164,29.7,8.4,NA
28-Jul,kl,betpap,10,NA,16,12,10.58300524,13.3,NA,NA
28-Jul,kl,betpap,11,NA,11,5,9.797958971,8.2,NA,NA
28-Jul,kl,betpap,12,NA,11,9,6.32455532,10.4,NA,NA
29-Jul,kl,betpap,13,NA,25,18,17.34935157,30.3,NA,NA
29-Jul,kl,betpap,14,NA,19,14,12.84523258,23.3,18.6,NA
26-Jul,kl,corsto,3,NA,NA,NA,3.519,3.183,2.246,2.11
24-Jul,kl,corsto,5,NA,NA,NA,4.618,2.674,NA,NA
24-Jul,kl,corsto,6,NA,NA,NA,4.808,3.2,NA,NA
24-Jul,kl,corsto,7,NA,NA,NA,4.708,4.85,4.612,3.148
25-Jul,kl,corsto,8,NA,NA,NA,2.15,1.914,NA,NA
25-Jul,kl,corsto,9,NA,NA,NA,2.764,2.39,NA,NA
25-Jul,kl,corsto,10,NA,NA,NA,3.127,3.181,3.748,NA
28-Jul,kl,corsto,11,NA,NA,NA,2.903,3.79,3.949,1.933
28-Jul,kl,corsto,12,NA,NA,NA,3.342,2.696,NA,NA
30-Jul,kl,corsto,13,NA,NA,NA,3.382,2.869,2.002,1.432
29-Jul,kl,loninv,1,NA,NA,NA,1.682,0.992,NA,NA
29-Jul,kl,loninv,2,NA,NA,NA,1.61,1.102,NA,NA
26-Jul,kl,loninv,3,NA,NA,NA,2.053,1.256,0.968,NA
26-Jul,kl,loninv,4,NA,NA,NA,1.39,1.225,NA,NA
24-Jul,kl,loninv,5,NA,NA,NA,1.022,0.761,NA,NA
25-Jul,kl,loninv,6,NA,NA,NA,1.304,1.494,NA,NA
25-Jul,kl,loninv,7,NA,NA,NA,1.4,1.879,NA,NA
25-Jul,kl,loninv,8,NA,NA,NA,1.657,2.07,1.954,2.223
26-Jul,kl,loninv,9,NA,NA,NA,1.678,1.234,1.177,0.975
26-Jul,kl,loninv,10,NA,NA,NA,2.005,1.889,2.225,1.602
29-Jul,kl,popbal,1,NA,15,12,9,14.7,NA,NA
29-Jul,kl,popbal,3,NA,22,15,16.09347694,19.5,NA,NA
24-Jul,kl,popbal,4,NA,29,23,17.66352173,32.6,NA,NA
24-Jul,kl,popbal,5,NA,24,18,15.87450787,23.2,NA,NA
24-Jul,kl,popbal,6,NA,21,14,15.65247584,18.5,17.5,21.5
24-Jul,kl,popbal,7,NA,21,14,15.65247584,25.8,NA,NA
24-Jul,kl,popbal,8,NA,21,16,13.60147051,20.5,NA,NA
28-Jul,kl,popbal,9,NA,7,5,4.898979486,7.2,NA,NA
28-Jul,kl,popbal,10,NA,27,23,14.14213562,24,23.5,12.5
28-Jul,kl,popbal,11,NA,16,8,13.85640646,20.1,NA,NA
26-Jul,kl,poptre,1,NA,NA,NA,5.775,2.85,NA,NA
26-Jul,kl,poptre,2,NA,NA,NA,4.616,2.682,NA,NA
24-Jul,kl,poptre,3,NA,9,7,5.656854249,7.2,NA,NA
24-Jul,kl,poptre,4,NA,7,6,3.605551275,6.1,NA,NA
28-Jul,kl,poptre,5,NA,16,7,14.38749457,21.7,NA,NA
28-Jul,kl,poptre,6,NA,10,7,7.141428429,9.9,NA,NA
28-Jul,kl,poptre,7,NA,14,11,8.660254038,11.8,NA,NA
29-Jul,kl,poptre,8,NA,15,10,11.18033989,13.3,NA,NA
29-Jul,kl,poptre,9,NA,12,8,8.94427191,8.8,NA,NA
29-Jul,kl,poptre,10,NA,20,15,13.22875656,20,NA,NA
25-Jul,kl,rhoalb,1,NA,NA,NA,1.023,1.76,NA,NA
25-Jul,kl,rhoalb,2,NA,NA,NA,1.316,1.639,1.279,1.587
30-Jul,kl,rhoalb,3,NA,NA,NA,1.104,1.228,1.447,1.453
30-Jul,kl,rhoalb,4,NA,NA,NA,1.331,1.288,1.649,1.187
30-Jul,kl,rhoalb,5,NA,NA,NA,1.914,1.643,0.999,NA
30-Jul,kl,rhoalb,6,NA,NA,NA,2.012,1.744,1.433,0.75
30-Jul,kl,rhoalb,7,NA,NA,NA,1.816,1.742,1.296,1.212
30-Jul,kl,rhoalb,8,NA,NA,NA,1.206,0.985,NA,NA
30-Jul,kl,rhoalb,9,NA,NA,NA,1.66,1.901,NA,NA
30-Jul,kl,rhoalb,10,NA,NA,NA,1.103,1.392,1.375,NA
29-Jul,kl,riblac,1,NA,NA,NA,1.519,0.648,0.62,NA
29-Jul,kl,riblac,2,NA,NA,NA,1.404,0.592,NA,NA
29-Jul,kl,riblac,3,NA,NA,NA,1.222,0.849,NA,NA
26-Jul,kl,riblac,7,NA,NA,NA,0.538,0.337,0.377,NA
26-Jul,kl,riblac,8,NA,NA,NA,0.861,0.728,NA,NA
24-Jul,kl,riblac,9,NA,NA,NA,0.553,0.565,2.422,NA
28-Jul,kl,riblac,10,NA,NA,NA,0.501,0.471,NA,NA
28-Jul,kl,riblac,11,NA,NA,NA,1.214,0.742,NA,NA
29-Jul,kl,riblac,13,NA,NA,NA,1.304,0.743,NA,NA
29-Jul,kl,riblac,12_02,NA,NA,NA,1.068,0.655,0.69,NA
29-Jul,kl,rosgym,1,NA,NA,NA,1.472,0.676,NA,NA
29-Jul,kl,rosgym,2,NA,NA,NA,1.461,0.885,NA,NA
26-Jul,kl,rosgym,4,NA,NA,NA,1.275,0.972,NA,NA
24-Jul,kl,rosgym,6,NA,NA,NA,1.659,1.008,NA,NA
24-Jul,kl,rosgym,7,NA,NA,NA,1.127,1.054,NA,NA
26-Jul,kl,rosgym,8,NA,NA,NA,1.867,1.26,1.148,0.768
26-Jul,kl,rosgym,9,NA,NA,NA,1.21,8.2,NA,NA
28-Jul,kl,rosgym,10,NA,NA,NA,1.192,0.278,NA,NA
28-Jul,kl,rosgym,11,NA,NA,NA,0.746,0.518,NA,NA
28-Jul,kl,rosgym,12,NA,NA,NA,1.014,0.672,NA,NA
29-Jul,kl,rubida,1,NA,NA,NA,1.362,0.654,NA,NA
28-Jul,kl,rubida,2,NA,NA,NA,0.62,0.426,NA,NA
28-Jul,kl,rubida,3,NA,NA,NA,1.31,0.747,NA,NA
28-Jul,kl,rubida,4,NA,NA,NA,0.787,0.499,NA,NA
29-Jul,kl,rubida,5,NA,NA,NA,0.684,0.473,NA,NA
29-Jul,kl,rubida,6,NA,NA,NA,0.929,0.599,NA,NA
29-Jul,kl,rubida,7,NA,NA,NA,0.978,0.59,NA,NA
30-Jul,kl,rubida,8,NA,NA,NA,1.261,0.689,NA,NA
29-Jul,kl,rubpar,1,NA,NA,NA,1.086,0.574,0.765,NA
26-Jul,kl,rubpar,3,NA,NA,NA,1.286,0.731,NA,NA
26-Jul,kl,rubpar,4,NA,NA,NA,0.962,0.69,NA,NA
24-Jul,kl,rubpar,6,NA,NA,NA,0.722,0.761,NA,NA
24-Jul,kl,rubpar,7,NA,NA,NA,0.675,0.718,NA,NA
24-Jul,kl,rubpar,8,NA,NA,NA,0.836,0.725,NA,NA
25-Jul,kl,rubpar,9,NA,NA,NA,0.676,0.655,NA,NA
26-Jul,kl,rubpar,10,NA,NA,NA,0.985,0.802,0.856,NA
26-Jul,kl,rubpar,11,NA,NA,NA,0.906,0.727,NA,NA
28-Jul,kl,rubpar,12,NA,NA,NA,0.91,0.616,NA,NA
24-Jul,kl,samrac,1,NA,NA,NA,1.22,1.469,1.219,1.45
24-Jul,kl,samrac,2,NA,NA,NA,2.108,2.409,1.693,2.422
24-Jul,kl,samrac,3,NA,NA,NA,1.951,7.269,NA,NA
24-Jul,kl,samrac,4,NA,NA,NA,1.484,1.575,1.62,1.622
25-Jul,kl,samrac,5,NA,NA,NA,1.604,1.602,2.46,1.759
25-Jul,kl,samrac,6,NA,NA,NA,1.027,1.144,1.027,0.97
25-Jul,kl,samrac,7,NA,NA,NA,1.961,2.126,1.138,1.999
25-Jul,kl,samrac,8,NA,NA,NA,2.237,2.261,2.078,2.694
25-Jul,kl,samrac,9,NA,NA,NA,2.11,2.237,2.134,2.128
25-Jul,kl,samrac,10,NA,NA,NA,2.18,2.964,2.145,NA
29-Jul,kl,shecan,1,NA,NA,NA,1.485,1.45,NA,NA
29-Jul,kl,shecan,2,NA,NA,NA,2.004,3.187,NA,NA
29-Jul,kl,shecan,3,NA,NA,NA,2.245,3.704,2.646,NA
26-Jul,kl,shecan,4,NA,NA,NA,1.712,1.904,1.25,1.185
29-Jul,kl,shecan,4,NA,NA,NA,1.685,3.679,NA,NA
26-Jul,kl,shecan,5,NA,NA,NA,2.189,3.985,NA,NA
24-Jul,kl,shecan,6,NA,NA,NA,1.593,1.401,2.031,2.819
24-Jul,kl,shecan,7,NA,NA,NA,1.632,2.391,1.753,1.825
24-Jul,kl,shecan,8,NA,NA,NA,2.042,4.577,NA,NA
26-Jul,kl,shecan,9,NA,NA,NA,2.372,5.292,NA,NA
26-Jul,kl,sorsco,1,NA,NA,NA,1.756,1.612,NA,NA
26-Jul,kl,sorsco,2,NA,NA,NA,3.822,2.8,NA,NA
26-Jul,kl,sorsco,3,NA,NA,NA,2.125,1.456,1.168,0.798
26-Jul,kl,sorsco,4,NA,10,8,6,3.71,NA,NA
26-Jul,kl,sorsco,5,NA,NA,NA,2.507,2.502,NA,NA
25-Jul,kl,sorsco,6,NA,NA,NA,2.078,2.564,NA,NA
25-Jul,kl,sorsco,7,NA,NA,NA,2.722,2.247,2.322,2.354
25-Jul,kl,sorsco,8,NA,NA,NA,4.795,4.465,3.745,1.245
25-Jul,kl,sorsco,9,NA,NA,NA,3.374,2.591,NA,NA
26-Jul,kl,sorsco,10,NA,NA,NA,5.479,2.624,NA,NA
24-Jul,kl,spibet,3,NA,NA,NA,0.576,0.443,NA,NA
24-Jul,kl,spibet,4,NA,NA,NA,0.404,0.316,NA,NA
25-Jul,kl,spibet,5,NA,NA,NA,0.717,0.577,NA,NA
25-Jul,kl,spibet,6,NA,NA,NA,0.543,0.356,NA,NA
25-Jul,kl,spibet,7,NA,NA,NA,0.577,0.335,1.229,NA
26-Jul,kl,spibet,8,NA,NA,NA,0.655,0.398,NA,NA
26-Jul,kl,spibet,9,NA,NA,NA,0.553,0.292,NA,NA
26-Jul,kl,spibet,10,NA,NA,NA,0.702,0.51,NA,NA
26-Jul,kl,spibet,11,NA,NA,NA,0.756,4.71,NA,NA
28-Jul,kl,spibet,12,NA,NA,NA,0.628,0.33,NA,NA
29-Jul,kl,symalb,1,NA,NA,NA,1.431,1.003,0.917,0.985
26-Jul,kl,symalb,2,NA,NA,NA,1.215,0.837,NA,NA
29-Jul,kl,symalb,2,NA,NA,NA,1.665,1.036,1.069,NA
26-Jul,kl,symalb,3,NA,NA,NA,0.666,0.6,NA,NA
24-Jul,kl,symalb,7,NA,NA,NA,0.756,0.566,NA,NA
24-Jul,kl,symalb,8,NA,NA,NA,1.36,1.033,NA,NA
24-Jul,kl,symalb,9,NA,NA,NA,0.911,0.842,NA,NA
26-Jul,kl,symalb,10,NA,NA,NA,1.283,0.961,0.93,NA
26-Jul,kl,symalb,11,NA,NA,NA,0.824,0.666,NA,NA
28-Jul,kl,symalb,12,NA,NA,NA,0.792,0.411,NA,NA
25-Jul,kl,vacmem,1,NA,NA,NA,0.657,1.187,NA,NA
25-Jul,kl,vacmem,2,NA,NA,NA,0.915,1.558,NA,NA
25-Jul,kl,vacmem,3,NA,NA,NA,0.911,1.387,NA,NA
25-Jul,kl,vacmem,4,NA,NA,NA,0.801,1.102,NA,NA
25-Jul,kl,vacmem,5,NA,NA,NA,0.786,0.764,NA,NA
25-Jul,kl,vacmem,6,NA,NA,NA,0.804,1.087,NA,NA
25-Jul,kl,vacmem,7,NA,NA,NA,0.75,1.143,NA,NA
25-Jul,kl,vacmem,8,NA,NA,NA,0.652,1.336,NA,NA
25-Jul,kl,vacmem,9,NA,NA,NA,0.734,1.148,NA,NA
25-Jul,kl,vacmem,10,NA,NA,NA,0.61,0.777,NA,NA
30-Jul,kl,vacmem,11,NA,NA,NA,0.42,0.625,NA,NA
26-Jul,kl,vibedu,1,NA,NA,NA,1.905,1.594,NA,NA
26-Jul,kl,vibedu,2,NA,NA,NA,0.662,0.609,0.406,NA
26-Jul,kl,vibedu,3,NA,NA,NA,1.61,1.466,1.157,NA
25-Jul,kl,vibedu,4,NA,NA,NA,1.816,1.55,1.191,NA
25-Jul,kl,vibedu,5,NA,NA,NA,1.364,1.704,1.07,NA
25-Jul,kl,vibedu,6,NA,NA,NA,1.399,0.888,1.253,NA
25-Jul,kl,vibedu,7,NA,NA,NA,1.68,2.137,NA,NA
25-Jul,kl,vibedu,8,NA,NA,NA,1.831,1.484,1.698,1.513
25-Jul,kl,vibedu,9,NA,NA,NA,3.1,1.599,1.191,NA
25-Jul,kl,vibedu,10,NA,NA,NA,2.233,2.912,NA,NA
25-Jun,mp,acegla,1,NA,NA,NA,5.544,2.778,5.005,1.585
25-Jun,mp,acegla,2,NA,NA,NA,2.676,1.126,NA,NA
26-Jun,mp,acegla,3,NA,NA,NA,6.388,3.3,3.4,2.1
26-Jun,mp,acegla,4,NA,NA,NA,3.361,1.959,1.595,1.44
26-Jun,mp,acegla,5,NA,6,5,3.31662479,6.2,3.5,3
23-Jun,mp,acegla,7,NA,7,5,4.898979486,4.482,7.672,7.287
23-Jun,mp,acegla,8,NA,7,5,4.898979486,3.5,NA,NA
23-Jun,mp,acegla,9,NA,6,5,3.31662479,3.3,NA,NA
23-Jun,mp,acegla,10,NA,7,5,4.898979486,4.7,3.7,NA
26-Jun,mp,acegla,10,NA,7,6,3.605551275,8.2,8.5,11.5
25-Jun,mp,acegla,11,NA,NA,NA,3.543,2.016,NA,NA
23-Jun,mp,alninc,1,NA,4,2,3.464101615,3,4,3.5
26-Jun,mp,alninc,2,NA,NA,NA,3.145,2.6,3,NA
23-Jun,mp,alninc,3,NA,6,3,5.196152423,5,5.4,6.1
26-Jun,mp,alninc,4,NA,6,5,3.31662479,8.1,6.4,NA
22-Jun,mp,alninc,5,NA,NA,NA,4.474,4,NA,NA
23-Jun,mp,alninc,6,NA,5,4,3,5.9,4.8,2.4
23-Jun,mp,alninc,7,NA,7,5,4.898979486,5.3,5.8,4
23-Jun,mp,alninc,8,NA,6,4,2.449489743,7.4,5.1,3.4
22-Jun,mp,alninc,9,NA,NA,NA,4.648,2.7,NA,NA
22-Jun,mp,alninc,10,NA,9,7,5.656854249,6.8,5.9,8.5
22-Jun,mp,alnrub,5,NA,12,9,7.937253933,25.7,NA,NA
22-Jun,mp,alnrub,6,NA,5,4,3,5.3,NA,NA
22-Jun,mp,alnrub,7,NA,8,5,6.244997998,8,NA,NA
25-Jun,mp,alnvir,1,NA,NA,NA,3.386,1.7,1.7,2
25-Jun,mp,alnvir,2,NA,NA,NA,4.911,3.7,3.1,3.3
25-Jun,mp,alnvir,3,NA,NA,NA,2.524,2.4,2.5,2
26-Jun,mp,alnvir,4,NA,NA,NA,4.74,9.1,NA,NA
26-Jun,mp,alnvir,5,NA,NA,NA,3.776,3,2.1,1.7
22-Jun,mp,alnvir,6,NA,8,7,3.872983346,6.5,NA,NA
22-Jun,mp,alnvir,7,NA,NA,NA,5.138,6,5.2,5.1
22-Jun,mp,alnvir,8,NA,NA,NA,2.851,1.321,NA,NA
25-Jun,mp,alnvir,9,NA,NA,NA,3.364,2.743,7.978,NA
26-Jun,mp,alnvir,10,NA,NA,NA,6.638,7.2,10.6,9.6
23-Jun,mp,amealn,1,NA,NA,NA,1.426,1.308,1.324,1.721
25-Jun,mp,amealn,2,NA,NA,NA,0.458,1.374,1.529,1.738
23-Jun,mp,amealn,3,NA,NA,NA,2.826,1.917,2.21,NA
23-Jun,mp,amealn,4,NA,NA,NA,1.921,1.416,1.342,0.965
25-Jun,mp,amealn,5,NA,NA,NA,1.982,1.776,NA,NA
25-Jun,mp,amealn,6,NA,NA,NA,2.803,2.205,3.361,2.652
25-Jun,mp,amealn,7,NA,NA,NA,2.289,2.524,3.555,2.519
23-Jun,mp,amealn,8,NA,NA,NA,2.464,1.915,1.953,1.72
23-Jun,mp,amealn,9,NA,NA,NA,2.248,3.767,2.676,3.091
23-Jun,mp,amealn,10,NA,NA,NA,2.974,3.107,NA,NA
25-Jun,mp,amealn,11,NA,NA,NA,4.414,2.4,2.6,2.7
22-Jun,mp,amealn,12,NA,NA,NA,4.068,3.4,NA,NA
23-Jun,mp,corsto,1,NA,NA,NA,1.864,0.833,NA,NA
26-Jun,mp,corsto,2,NA,NA,NA,3.846,1.442,0.91,1.092
26-Jun,mp,corsto,3,NA,NA,NA,2.971,3.665,NA,NA
23-Jun,mp,corsto,5,NA,NA,NA,3.713,2.717,NA,NA
22-Jun,mp,corsto,6,NA,NA,NA,2.736,1.77,NA,NA
22-Jun,mp,corsto,7,NA,NA,NA,2.311,1.129,NA,NA
22-Jun,mp,corsto,8,NA,NA,NA,1.117,1.987,NA,NA
22-Jun,mp,corsto,9,NA,NA,NA,2.023,2.021,NA,NA
22-Jun,mp,corsto,10,NA,NA,NA,3.478,1.574,1.605,1.762
25-Jun,mp,corsto,20,NA,NA,NA,4.248,3.336,1.879,NA
23-Jun,mp,loninv,3,NA,NA,NA,1.476,1.643,NA,NA
25-Jun,mp,loninv,4,NA,NA,NA,1.646,1.421,1.308,NA
25-Jun,mp,loninv,5,NA,NA,NA,1.193,1.285,NA,NA
25-Jun,mp,loninv,6,NA,NA,NA,0.997,1.17,1.262,1.044
25-Jun,mp,loninv,7,NA,NA,NA,2.281,0.961,NA,NA
25-Jun,mp,loninv,8,NA,NA,NA,1.052,0.918,0.83,1.072
23-Jun,mp,loninv,9,NA,NA,NA,1.6,2.275,NA,NA
23-Jun,mp,loninv,10,NA,NA,NA,1.111,0.655,NA,NA
26-Jun,mp,loninv,11,NA,NA,NA,2.416,1.834,NA,NA
26-Jun,mp,loninv,12,NA,NA,NA,2.881,1.431,NA,NA
26-Jun,mp,loninv,13,NA,NA,NA,1.707,1.214,NA,NA
22-Jun,mp,menfer,1,NA,NA,NA,1.593,1.383,NA,NA
26-Jun,mp,menfer,2,NA,NA,NA,1.669,1.77,1.768,1.593
23-Jun,mp,menfer,4,NA,NA,NA,1.097,2.753,1.886,1.882
26-Jun,mp,menfer,5,NA,NA,NA,0.893,0.888,NA,NA
26-Jun,mp,menfer,6,NA,NA,NA,1.192,1.367,1.451,1.357
26-Jun,mp,menfer,7,NA,NA,NA,2.049,2.154,1.363,1.866
22-Jun,mp,menfer,8,NA,NA,NA,2.248,1.73,NA,NA
22-Jun,mp,menfer,9,NA,NA,NA,1.547,1.393,NA,NA
22-Jun,mp,menfer,10,NA,NA,NA,1.823,1.399,NA,NA
23-Jun,mp,menfer,10,NA,NA,NA,1.963,1.674,NA,NA
25-Jun,mp,menfer,12,NA,NA,NA,2.802,2.475,1.811,1.853
23-Jun,mp,popbal,6,NA,20,16,12,23.7,NA,NA
23-Jun,mp,popbal,7,NA,31,24,19.62141687,28.2,27.9,28.9
26-Jun,mp,popbal,8,NA,21,15,14.69693846,42.2,34.1,NA
26-Jun,mp,popbal,9,NA,20,13,15.19868415,46.6,NA,NA
26-Jun,mp,popbal,10,NA,22,14,16.97056275,37.8,NA,NA
22-Jun,mp,popbal,11,NA,21,13,16.4924225,39.4,NA,NA
25-Jun,mp,popbal,12,NA,31,25,18.33030278,52.9,NA,NA
26-Jun,mp,popbal,13,NA,44,29,33.09078422,91.9,NA,NA
26-Jun,mp,popbal,14,NA,37,20,31.12876483,54.9,NA,NA
26-Jun,mp,popbal,15,NA,27,17,20.97617696,22,NA,NA
23-Jun,mp,poptre,5,NA,10,7,7.141428429,15.5,NA,NA
23-Jun,mp,poptre,6,NA,5,3,4,4.7,NA,NA
25-Jun,mp,poptre,7,NA,17,9,14.4222051,9.4,23.6,21
23-Jun,mp,poptre,7,NA,13,10,8.306623863,10.5,NA,NA
25-Jun,mp,poptre,8,NA,15,8,12.68857754,20,NA,NA
25-Jun,mp,poptre,9,NA,7,6,3.605551275,6.6,NA,NA
25-Jun,mp,poptre,10,NA,14,10,9.797958971,14,NA,NA
23-Jun,mp,poptre,11,NA,6,3,5.196152423,4.6,NA,NA
25-Jun,mp,poptre,12,NA,20,16,12,23.5,25.6,NA
25-Jun,mp,poptre,13,NA,10,8,6,13.4,NA,NA
26-Jun,mp,rhoalb,1,NA,NA,NA,1.145,1.291,1.328,1.079
23-Jun,mp,rhoalb,2,NA,NA,NA,0.955,0.943,0.977,0.545
23-Jun,mp,rhoalb,3,NA,NA,NA,1.886,1.487,NA,NA
23-Jun,mp,rhoalb,4,NA,NA,NA,1.72,1.53,NA,NA
23-Jun,mp,rhoalb,5,NA,NA,NA,1.686,1.204,NA,NA
22-Jun,mp,rhoalb,8,NA,NA,NA,2.253,2.074,2.23,1.48
22-Jun,mp,rhoalb,9,NA,NA,NA,1.441,1.339,NA,NA
22-Jun,mp,rhoalb,10,NA,NA,NA,1.492,1.128,NA,NA
26-Jun,mp,rhoalb,11,NA,NA,NA,1.506,2.873,1.675,2.495
26-Jun,mp,rhoalb,12,NA,NA,NA,1.905,1.171,2.133,1.531
25-Jun,mp,riblac,1,NA,NA,NA,0.924,0.715,NA,NA
22-Jun,mp,riblac,2,NA,NA,NA,0.745,0.563,NA,NA
25-Jun,mp,riblac,3,NA,NA,NA,1.177,0.839,NA,NA
25-Jun,mp,riblac,4,NA,NA,NA,1.275,1.086,NA,NA
26-Jun,mp,riblac,5,NA,NA,NA,1.83,0.772,NA,NA
25-Jun,mp,riblac,6,NA,NA,NA,1.79,0.879,NA,NA
23-Jun,mp,riblac,7,NA,NA,NA,0.768,0.633,NA,NA
25-Jun,mp,riblac,8,NA,NA,NA,0.955,0.572,NA,NA
23-Jun,mp,riblac,10,NA,NA,NA,0.93,0.76,NA,NA
22-Jun,mp,riblac,11,NA,NA,NA,1.041,0.784,NA,NA
25-Jun,mp,rosaci,1,NA,NA,NA,0.761,0.743,NA,NA
22-Jun,mp,rosaci,2,NA,NA,NA,0.526,0.668,NA,NA
25-Jun,mp,rosaci,3,NA,NA,NA,0.869,0.665,NA,NA
22-Jun,mp,rosaci,4,NA,NA,NA,0.883,0.43,NA,NA
22-Jun,mp,rosaci,5,NA,NA,NA,1.061,0.879,NA,NA
22-Jun,mp,rosaci,6,NA,NA,NA,0.854,0.854,NA,NA
23-Jun,mp,rosaci,7,NA,NA,NA,1.032,0.868,NA,NA
23-Jun,mp,rosaci,8,NA,NA,NA,1.131,1.228,NA,NA
23-Jun,mp,rosaci,9,NA,NA,NA,1.294,0.915,NA,NA
25-Jun,mp,rosaci,10,NA,NA,NA,1.866,11.2,NA,NA
22-Jun,mp,rosgym,1,NA,NA,NA,1.474,0.754,NA,NA
22-Jun,mp,rosgym,2,NA,NA,NA,1.243,0.853,NA,NA
25-Jun,mp,rosgym,3,NA,NA,NA,0.755,1.285,NA,NA
26-Jun,mp,rosgym,4,NA,NA,NA,1.106,0.694,NA,NA
26-Jun,mp,rosgym,5,NA,NA,NA,1.064,0.601,NA,NA
26-Jun,mp,rosgym,6,NA,NA,NA,1.453,9.7,NA,NA
26-Jun,mp,rosgym,7,NA,NA,NA,1.706,0.718,0.759,0.565
26-Jun,mp,rosgym,8,NA,NA,NA,1.58,0.783,NA,NA
26-Jun,mp,rosgym,9,NA,NA,NA,1.298,0.603,NA,NA
22-Jun,mp,rosgym,10,NA,NA,NA,1.46,0.917,0.653,NA
23-Jun,mp,rubpar,1,NA,NA,NA,0.874,0.544,NA,NA
25-Jun,mp,rubpar,2,NA,NA,NA,1.015,8.28,NA,NA
23-Jun,mp,rubpar,3,NA,NA,NA,0.607,0.474,NA,NA
23-Jun,mp,rubpar,4,NA,NA,NA,0.712,0.638,NA,NA
23-Jun,mp,rubpar,5,NA,NA,NA,0.643,0.697,NA,NA
26-Jun,mp,rubpar,6,NA,NA,NA,1.687,1.374,NA,NA
22-Jun,mp,rubpar,7,NA,NA,NA,0.689,0.572,NA,NA
26-Jun,mp,rubpar,7,NA,NA,NA,1.218,0.818,NA,NA
26-Jun,mp,rubpar,8,NA,NA,NA,0.947,0.572,NA,NA
22-Jun,mp,rubpar,9,NA,NA,NA,1.1,0.687,NA,NA
22-Jun,mp,rubpar,10,NA,NA,NA,0.971,0.661,NA,NA
26-Jun,mp,rubspe,1,NA,NA,NA,1.371,0.875,NA,NA
25-Jun,mp,rubspe,3,NA,NA,NA,1.231,1.008,NA,NA
25-Jun,mp,rubspe,4,NA,NA,NA,1.098,0.694,NA,NA
25-Jun,mp,rubspe,5,NA,NA,NA,1.662,1.192,NA,NA
25-Jun,mp,rubspe,6,NA,NA,NA,1.021,0.866,NA,NA
25-Jun,mp,rubspe,8,NA,NA,NA,2.121,1.025,NA,NA
26-Jun,mp,rubspe,9,NA,NA,NA,1.201,0.805,NA,NA
26-Jun,mp,rubspe,10,NA,NA,NA,1.799,1.128,NA,NA
26-Jun,mp,rubspe,11,NA,NA,NA,1.064,0.579,NA,NA
26-Jun,mp,rubspe,12,NA,NA,NA,2.002,1.226,NA,NA
26-Jun,mp,rubspe,13,NA,NA,NA,1.53,0.877,NA,NA
26-Jun,mp,rubspe,14,NA,NA,NA,1.902,1.313,1.418,NA
25-Jun,mp,samrac,1,NA,NA,NA,2.206,4.866,NA,NA
25-Jun,mp,samrac,2,NA,NA,NA,1.776,3.977,1.992,3.29
26-Jun,mp,samrac,3,NA,NA,NA,3.1,2.866,NA,NA
26-Jun,mp,samrac,4,NA,NA,NA,4.41,2.597,NA,NA
26-Jun,mp,samrac,5,NA,NA,NA,5.253,8.2,6.3,NA
25-Jun,mp,samrac,6,NA,NA,NA,1.111,1.027,1.68,1.695
23-Jun,mp,samrac,7,NA,NA,NA,2.846,2.208,NA,NA
26-Jun,mp,samrac,8,NA,NA,NA,2.64,1.45,0.942,0.554
26-Jun,mp,samrac,9,NA,NA,NA,2.867,2.349,NA,NA
26-Jun,mp,samrac,10,NA,NA,NA,3.322,1.625,1.63,2.083
26-Jun,mp,samrac,11,NA,NA,NA,3.841,1.993,1.6,1.597
23-Jun,mp,shecan,2,NA,NA,NA,1.36,2.271,1.192,1.427
22-Jun,mp,shecan,3,NA,NA,NA,3.17,2.86,NA,NA
22-Jun,mp,shecan,4,NA,NA,NA,1.095,0.879,0.801,1.029
23-Jun,mp,shecan,5,NA,NA,NA,1.526,3.899,NA,NA
23-Jun,mp,shecan,6,NA,NA,NA,1.503,1.374,1.122,1.033
23-Jun,mp,shecan,7,NA,NA,NA,1.593,2.479,2,1.823
25-Jun,mp,shecan,8,NA,NA,NA,0.8,1.923,NA,NA
25-Jun,mp,shecan,9,NA,NA,NA,1.382,1.958,NA,NA
22-Jun,mp,shecan,10,NA,NA,NA,1.234,1.894,NA,NA
26-Jun,mp,shecan,11,NA,NA,NA,1.39,0.977,0.944,0.443
23-Jun,mp,sorsco,1,NA,NA,NA,1.954,2.027,1.705,1.72
25-Jun,mp,sorsco,3,NA,NA,NA,1.232,2.04,1.33,1.297
25-Jun,mp,sorsco,4,NA,NA,NA,1.908,2.062,NA,NA
26-Jun,mp,sorsco,8,NA,NA,NA,3.256,2,2.9,NA
26-Jun,mp,sorsco,10,NA,NA,NA,2.568,3.132,3.178,2.553
25-Jun,mp,sorsco,11,NA,5,3,4,6.1,NA,NA
25-Jun,mp,sorsco,12,NA,NA,NA,2.55,2.635,3.419,2.95
26-Jun,mp,sorsco,12,NA,NA,NA,4.011,3,2.1,NA
26-Jun,mp,sorsco,13,NA,NA,NA,3.633,3.3,NA,NA
26-Jun,mp,sorsco,14,NA,NA,NA,1.772,1.892,NA,NA
25-Jun,mp,spibet,1,NA,NA,NA,0.261,0.319,NA,NA
23-Jun,mp,spibet,2,NA,NA,NA,0.494,0.328,NA,NA
25-Jun,mp,spibet,3,NA,NA,NA,0.57,0.343,NA,NA
23-Jun,mp,spibet,4,NA,NA,NA,0.45,0.341,NA,NA
23-Jun,mp,spibet,5,NA,NA,NA,0.675,0.3,NA,NA
23-Jun,mp,spibet,6,NA,NA,NA,0.421,0.286,NA,NA
23-Jun,mp,spibet,7,NA,NA,NA,0.671,0.476,NA,NA
22-Jun,mp,spibet,8,NA,NA,NA,0.608,0.332,NA,NA
22-Jun,mp,spibet,9,NA,NA,NA,0.636,0.36,NA,NA
23-Jun,mp,spibet,10,NA,NA,NA,0.429,0.428,NA,NA
22-Jun,mp,spidou,1,NA,NA,NA,1.094,0.788,NA,NA
22-Jun,mp,spidou,2,NA,NA,NA,1.091,0.652,NA,NA
22-Jun,mp,spidou,3,NA,NA,NA,1.19,0.682,NA,NA
22-Jun,mp,spipyr,1,NA,NA,NA,1.321,0.735,NA,NA
22-Jun,mp,spipyr,2,NA,NA,NA,0.852,0.511,NA,NA
22-Jun,mp,spipyr,3,NA,NA,NA,0.365,0.774,NA,NA
22-Jun,mp,spipyr,4,NA,NA,NA,1.446,0.938,NA,NA
22-Jun,mp,spipyr,5,NA,NA,NA,0.997,0.616,NA,NA
22-Jun,mp,spipyr,6,NA,NA,NA,1.438,1.134,NA,NA
22-Jun,mp,spipyr,7,NA,NA,NA,1.312,1.091,NA,NA
22-Jun,mp,spipyr,8,NA,NA,NA,1.254,0.848,NA,NA
26-Jun,mp,spipyr,9,NA,NA,NA,0.849,0.815,NA,NA
26-Jun,mp,spipyr,10,NA,NA,NA,1.2,0.635,NA,NA
23-Jun,mp,symalb,1,NA,NA,NA,1.015,0.65,NA,NA
25-Jun,mp,symalb,3,NA,NA,NA,1.003,0.701,NA,NA
26-Jun,mp,symalb,4,NA,NA,NA,1.092,0.582,NA,NA
25-Jun,mp,symalb,5,NA,NA,NA,0.78,0.616,NA,NA
23-Jun,mp,symalb,6,NA,NA,NA,1.096,0.532,NA,NA
25-Jun,mp,symalb,7,NA,NA,NA,0.975,0.584,NA,NA
25-Jun,mp,symalb,8,NA,NA,NA,1.461,1.114,NA,NA
22-Jun,mp,symalb,9,NA,NA,NA,0.74,0.804,NA,NA
22-Jun,mp,symalb,10,NA,NA,NA,0.77,0.636,NA,NA
26-Jun,mp,symalb,11,NA,NA,NA,1.003,0.687,0.778,0.768
26-Jun,mp,vacmem,1,NA,NA,NA,1.01,0.874,NA,NA
23-Jun,mp,vacmem,3,NA,NA,NA,1.027,1.202,1.169,NA
23-Jun,mp,vacmem,4,NA,NA,NA,1.082,1.297,NA,NA
23-Jun,mp,vacmem,5,NA,NA,NA,0.825,0.737,NA,NA
25-Jun,mp,vacmem,5,NA,NA,NA,0.992,0.821,NA,NA
25-Jun,mp,vacmem,7,NA,NA,NA,1.133,0.952,NA,NA
26-Jun,mp,vacmem,8,NA,NA,NA,0.701,0.662,NA,NA
26-Jun,mp,vacmem,8,NA,NA,NA,1.069,1.771,NA,NA
23-Jun,mp,vacmem,9,NA,NA,NA,0.53,0.417,NA,NA
22-Jun,mp,vacmem,11,NA,NA,NA,0.865,0.869,NA,NA
23-Jun,mp,vacmem,12,NA,NA,NA,0.839,0.714,NA,NA
23-Jun,mp,vibedu,2,NA,NA,NA,2.326,1.22,NA,NA
23-Jun,mp,vibedu,4,NA,NA,NA,1.615,10.5,NA,NA
26-Jun,mp,vibedu,5,NA,NA,NA,4.31,3.931,NA,NA
22-Jun,mp,vibedu,7,NA,NA,NA,2.172,1.75,NA,NA
26-Jun,mp,vibedu,8,NA,NA,NA,1.723,1.086,NA,NA
22-Jun,mp,vibedu,9,NA,NA,NA,1.331,0.879,NA,NA
22-Jun,mp,vibedu,10,NA,NA,NA,2.604,1.248,NA,NA
23-Jun,mp,vibedu,12,NA,NA,NA,1.461,1.087,NA,NA
26-Jun,mp,vibedu,13,NA,NA,NA,2.561,1.306,NA,NA
26-Jun,mp,vibedu,14,NA,NA,NA,2.61,1.183,2.084,NA
30-May,sm,acegla,2,NA,10,7,7.141428429,0.524,NA,NA
04-Jun,sm,acegla,3,NA,7,6,3.605551275,16.1,9.7,12.6
01-Jun,sm,acegla,7,NA,10,5,8.660254038,7.1,NA,NA
01-Jun,sm,acegla,8,NA,14,7,12.12435565,1.26,NA,NA
29-May,sm,acegla,9,NA,11,13,#NUM!,5,NA,NA
29-May,sm,acegla,10,NA,11,12,#NUM!,24,29.9,14.9
30-May,sm,acegla,11,NA,7,6,3.605551275,2.2,NA,NA
01-Jun,sm,acegla,13,NA,11,8,7.549834435,13.6,10.6,4.5
01-Jun,sm,acegla,14,NA,9,7,5.656854249,0.65,NA,NA
01-Jun,sm,acegla,15,NA,16,12,10.58300524,9.9,NA,NA
03-Jun,sm,alninc,1,NA,8,6,5.291502622,7.5,NA,NA
01-Jun,sm,alninc,1,NA,9,8,4.123105626,6.1,NA,NA
01-Jun,sm,alninc,2,NA,9,7,5.656854249,8.5,NA,NA
01-Jun,sm,alninc,3,NA,7,6,3.605551275,6.4,NA,NA
01-Jun,sm,alninc,4,NA,10,7,7.141428429,6.2,NA,NA
01-Jun,sm,alninc,5,NA,12,8,8.94427191,7.3,8.3,3.4
30-May,sm,alninc,8,NA,9,6,6.708203932,26.9,15.7,11.9
05-Jun,sm,alninc,19,NA,7,3,6.32455532,7.5,6.5,5.3
05-Jun,sm,alninc,20,NA,11,7,8.485281374,10.9,7.3,6.5
03-Jun,sm,alnvir,1,NA,6,5,3.31662479,6.4,3.7,2.4
30-May,sm,alnvir,1,NA,11,8,7.549834435,26.4,22.2,24.1
03-Jun,sm,alnvir,2,NA,7,6,3.605551275,4.5,3.1,3.1
03-Jun,sm,alnvir,2,NA,NA,NA,0.0413,2.1,2.4,2
04-Jun,sm,alnvir,6,NA,NA,NA,2.963,1.221,1.234,1.123
30-May,sm,alnvir,7,NA,10,7,7.141428429,26.7,16.8,8.3
29-May,sm,alnvir,8,NA,7,6,3.605551275,3.5,4.1,3.5
03-Jun,sm,alnvir,9,NA,5,4.18,2.743647208,5.8,5.3,6.9
03-Jun,sm,alnvir,10,NA,NA,NA,0.0522,5,5.7,6.2
05-Jun,sm,alnvir,16,NA,NA,NA,4.079,3.8,3.2,3
05-Jun,sm,alnvir,17,NA,5,2,4.582575695,3.7,3.4,3
05-Jun,sm,alnvir,18,NA,NA,NA,4.452,3.1,3.5,3.6
04-Jun,sm,alnvir,19,NA,NA,NA,3.317,3.445,3.62,2.934
04-Jun,sm,alnvir,20,NA,7,7,7,6.5,5.9,5.4
31-May,sm,amealn,1,NA,9,7,5.656854249,6.7,6.3,8.6
29-May,sm,amealn,2,NA,NA,NA,2.93,2.04,NA,NA
31-May,sm,amealn,3,NA,6,5,3.31662479,3,3,3
31-May,sm,amealn,4,NA,4,3,2.645751311,3.1,NA,NA
31-May,sm,amealn,5,NA,9,8,4.123105626,3.4,NA,NA
31-May,sm,amealn,6,NA,12,10,6.633249581,5.1,4.3,4.1
31-May,sm,amealn,7,NA,4,3,2.645751311,3.3,NA,NA
29-May,sm,amealn,9,NA,NA,NA,3.535,2.39,NA,NA
29-May,sm,amealn,10,NA,NA,NA,2.151,1.66,NA,NA
29-May,sm,amelan,8,NA,NA,NA,3.202,2.48,NA,NA
31-May,sm,betpap,1,NA,12,7,9.746794345,19,NA,NA
30-May,sm,betpap,2,NA,15,10,11.18033989,8.6,NA,NA
30-May,sm,betpap,4,NA,15,11,10.19803903,16.9,NA,NA
01-Jun,sm,betpap,5,NA,13,8,10.24695077,12.7,NA,NA
01-Jun,sm,betpap,6,NA,17,14,9.643650761,12.9,NA,NA
30-May,sm,betpap,7,NA,17,15,8,27.3,NA,NA
29-May,sm,betpap,8,NA,17,13,10.95445115,30.1,NA,NA
29-May,sm,betpap,9,NA,17,13,10.95445115,21.3,NA,NA
29-May,sm,betpap,10,NA,18,14,11.3137085,21.9,NA,NA
29-May,sm,betpap,13,NA,9,7,5.656854249,13.1,NA,NA
01-Jun,sm,betpap,7_2,NA,15,8,12.68857754,1.92,NA,NA
30-May,sm,corsto,2,NA,NA,NA,1.074,0.879,NA,NA
30-May,sm,corsto,3,NA,NA,NA,1.5,1.214,NA,NA
30-May,sm,corsto,4,NA,NA,NA,1.817,1.261,NA,NA
30-May,sm,corsto,5,NA,NA,NA,1.43,0.873,NA,NA
01-Jun,sm,corsto,6,NA,NA,NA,1.91,1.704,NA,NA
01-Jun,sm,corsto,7,NA,NA,NA,2.655,1.415,NA,NA
01-Jun,sm,corsto,8,NA,NA,NA,1.925,1.316,NA,NA
01-Jun,sm,corsto,10,NA,NA,NA,2.266,2,NA,NA
29-May,sm,corsto,11,NA,NA,NA,3.002,2.26,NA,NA
01-Jun,sm,corsto,12,NA,NA,NA,2.66,2.005,NA,NA
01-Jun,sm,corsto,13,NA,NA,NA,1.995,1.383,NA,NA
01-Jun,sm,corsto,14,NA,NA,NA,2.505,1.707,NA,NA
31-May,sm,loninv,1,NA,NA,NA,1.767,1.464,NA,NA
31-May,sm,loninv,2,NA,NA,NA,1.425,0.902,NA,NA
01-Jun,sm,loninv,3,NA,NA,NA,1.197,0.978,NA,NA
03-Jun,sm,loninv,4,NA,NA,NA,1.316,1.612,NA,NA
04-Jun,sm,loninv,5,NA,NA,NA,2.214,2.573,NA,NA
29-May,sm,loninv,6,NA,NA,NA,2.151,2.01,NA,NA
30-May,sm,loninv,7,NA,NA,NA,1.902,1.245,NA,NA
30-May,sm,loninv,8,NA,NA,NA,1.342,0.902,NA,NA
30-May,sm,loninv,9,NA,NA,NA,1.834,1.398,NA,NA
04-Jun,sm,loninv,11,NA,NA,NA,1.521,2.317,NA,NA
03-Jun,sm,menfer,2,888.5,NA,NA,0,NA,NA,NA
03-Jun,sm,menfer,4,676.6,NA,NA,1.603,1.935,1.685,1.637
03-Jun,sm,menfer,6,825.7,NA,NA,1.895,1.233,0.997,0.934
03-Jun,sm,menfer,7,NA,NA,NA,2.006,1.78,1.255,1.323
03-Jun,sm,menfer,8,1072.9,NA,NA,2.776,2.532,1.865,2.672
03-Jun,sm,menfer,9,NA,NA,NA,2.675,3.023,3.151,2.584
04-Jun,sm,menfer,10,547.7,NA,NA,1.095,1.382,1.372,0.939
04-Jun,sm,menfer,11,482.4,NA,NA,2.172,1.529,1.663,1.468
04-Jun,sm,menfer,12,555.2,NA,NA,2.214,1.847,1.72,1.98
04-Jun,sm,menfer,13,656.7,NA,NA,2.038,1.813,1.592,1.434
04-Jun,sm,menfer,14,562.8,NA,NA,1.789,2.498,1.839,1.784
30-May,sm,popbal,1,NA,NA,NA,3.176,2,NA,NA
04-Jun,sm,popbal,3,NA,24,16,17.88854382,37,NA,NA
04-Jun,sm,popbal,5,NA,38,28,6.164414003,88.9,NA,NA
04-Jun,sm,popbal,6,NA,22,14,16.97056275,53.2,NA,NA
30-May,sm,popbal,8,NA,12,10,6.633249581,11.1,NA,NA
04-Jun,sm,popbal,9,NA,25,12,21.9317122,53.4,NA,NA
01-Jun,sm,popbal,10,NA,16,7,14.38749457,15.9,NA,NA
04-Jun,sm,popbal,11,NA,15,8,12.68857754,12.8,23.3,NA
04-Jun,sm,popbal,12,NA,16,11,11.61895004,25.5,24.4,23.3
04-Jun,sm,popbal,20,NA,24,16,17.88854382,28.2,NA,NA
04-Jun,sm,poptre,2,1623.6,13,11,6.92820323,10.7,NA,NA
04-Jun,sm,poptre,3,1844,8,6,5.291502622,7.2,NA,NA
04-Jun,sm,poptre,4,1804.7,17,12,12.04159458,26,8.8,119.2
04-Jun,sm,poptre,5,1337.7,8,7,3.872983346,9.5,NA,NA
31-May,sm,poptre,7,1987,7,5,4.898979486,7.2,NA,NA
31-May,sm,poptre,10,NA,9,7,5.656854249,9.8,NA,NA
31-May,sm,poptre,11,2393.3,8,6,5.291502622,10.9,NA,NA
31-May,sm,poptre,12,2452,7,5,4.898979486,13.7,NA,NA
31-May,sm,poptre,13,2815.2,14,8,11.48912529,27.4,NA,NA
31-May,sm,poptre,14,3319.3,9,7,5.656854249,15.9,NA,NA
03-Jun,sm,poptre,15,2162.9,9,8,4.123105626,8,NA,NA
03-Jun,sm,poptre,16,1924.1,13,8,10.24695077,17.1,NA,NA
03-Jun,sm,poptre,17,1389.9,7,4,5.744562647,7.5,NA,NA
04-Jun,sm,poptre,18,1298.3,7,5,4.898979486,5.9,NA,NA
04-Jun,sm,poptre,19,1455.1,10,8,6,12.6,NA,NA
31-May,sm,rhoalb,1,NA,8,7,3.872983346,3.4,NA,NA
30-May,sm,rhoalb,2,NA,5,3,4,2.6,NA,NA
30-May,sm,rhoalb,3,NA,10,8,6,4.7,NA,NA
30-May,sm,rhoalb,4,NA,10,7,7.141428429,6,NA,NA
31-May,sm,rhoalb,5,NA,8,7,3.872983346,3.5,NA,NA
31-May,sm,rhoalb,6,NA,6,5,3.31662479,4.5,NA,NA
31-May,sm,rhoalb,7,NA,4,3,2.645751311,4.5,NA,NA
31-May,sm,rhoalb,8,NA,6,4,4.472135955,4.6,NA,NA
31-May,sm,rhoalb,9,NA,5,3,4,6.4,NA,NA
31-May,sm,rhoalb,10,NA,8,7,3.872983346,5.1,NA,NA
31-May,sm,riblac,2,NA,NA,NA,1.562,1.591,1.392,3.043
31-May,sm,riblac,3,NA,NA,NA,1.91,1.315,1.479,1.553
03-Jun,sm,riblac,5,NA,NA,NA,1.452,1.021,NA,NA
03-Jun,sm,riblac,6,NA,NA,NA,1.134,0.838,NA,NA
03-Jun,sm,riblac,7,NA,NA,NA,1.483,0.816,NA,NA
04-Jun,sm,riblac,8,883.7,NA,NA,0.556,0.577,0.703,0.831
31-May,sm,riblac,9,NA,NA,NA,1.483,0.678,NA,NA
04-Jun,sm,riblac,10,1145.3,NA,NA,1.128,0.613,NA,NA
03-Jun,sm,riblac,11,1547.8,NA,NA,0.948,0.706,NA,NA
03-Jun,sm,riblac,12,811.6,NA,NA,1.026,0.934,NA,NA
04-Jun,sm,riblac,12_2,757.9,NA,NA,0.757,0.597,NA,NA
31-May,sm,rosaci,1,1329.8,NA,NA,1.881,1.566,NA,NA
31-May,sm,rosaci,2,1705.3,NA,NA,2.181,2.29,NA,NA
01-Jun,sm,rosaci,3,741.8,NA,NA,1.3,0.755,NA,NA
29-May,sm,rosaci,4,659.7,NA,NA,1.612,1.5,NA,NA
31-May,sm,rosaci,5,2217.8,NA,NA,2.501,1.64,NA,NA
01-Jun,sm,rosaci,6,434.6,NA,NA,1.37,1.177,NA,NA
29-May,sm,rosaci,7,1125.9,NA,NA,1.6,1.43,NA,NA
29-May,sm,rosaci,8,819.3,NA,NA,1.972,1.88,NA,NA
29-May,sm,rosaci,9,1052.3,NA,NA,1.842,1.97,NA,NA
29-May,sm,rosaci,10,1293.8,NA,NA,1.745,1.4,NA,NA
05-Jun,sm,rosaci,20,483,NA,NA,1.734,1.119,NA,NA
03-Jun,sm,rubpar,1,521.8,NA,NA,0.867,0.87,NA,NA
03-Jun,sm,rubpar,2,306.9,NA,NA,0.993,0.723,NA,NA
03-Jun,sm,rubpar,3,599.9,NA,NA,0.903,0.703,NA,NA
29-May,sm,rubpar,4,554.7,NA,NA,0.941,0.7,NA,NA
29-May,sm,rubpar,5,1014.9,NA,NA,1.023,0.92,NA,NA
30-May,sm,rubpar,6,831.3,NA,NA,0.789,0.65,NA,NA
29-May,sm,rubpar,7,1194.9,NA,NA,0.888,NA,NA,NA
01-Jun,sm,rubpar,8,447.8,NA,NA,0.737,0.647,NA,NA
01-Jun,sm,rubpar,9,689.1,NA,NA,0.795,0.602,NA,NA
29-May,sm,rubpar,10,843.2,NA,NA,0.664,NA,NA,NA
31-May,sm,rubspe,1,845.1,NA,NA,1.044,0.694,NA,NA
31-May,sm,rubspe,2,573.1,NA,NA,0.889,0.528,NA,NA
04-Jun,sm,rubspe,5,679.7,NA,NA,1.001,0.637,NA,NA
31-May,sm,rubspe,6,597.2,NA,NA,1.065,0.665,NA,NA
31-May,sm,rubspe,7,717.9,NA,NA,1.004,0.53,NA,NA
31-May,sm,rubspe,8,661.9,NA,NA,0.937,0.544,NA,NA
31-May,sm,rubspe,9,727.7,NA,NA,1.05,0.593,NA,NA
31-May,sm,rubspe,10,639.5,NA,NA,0.9,0.575,NA,NA
03-Jun,sm,rubspe,11,566.1,NA,NA,1.955,0.808,NA,NA
03-Jun,sm,rubspe,12,1347.5,NA,NA,1.373,0.825,NA,NA
03-Jun,sm,samrac,2,714.3,NA,NA,2.761,2.857,4.518,4.988
04-Jun,sm,samrac,3,351.5,NA,NA,1.864,3.244,NA,NA
03-Jun,sm,samrac,4,886,NA,NA,1.87,3.972,NA,NA
03-Jun,sm,samrac,5,545.1,NA,NA,1.854,1.916,3.356,NA
03-Jun,sm,samrac,6,627.8,NA,NA,1.806,2.554,1.941,1.938
03-Jun,sm,samrac,7,513,NA,NA,2.075,4.739,3.948,2.963
04-Jun,sm,samrac,8,791.2,NA,NA,2.096,3.018,2.132,2.739
04-Jun,sm,samrac,9,710.5,NA,NA,0.448,1.843,1.948,NA
04-Jun,sm,samrac,10,696.9,NA,NA,2.79,3.973,3.728,3.201
04-Jun,sm,samrac,11,852.8,NA,NA,2.76,2.535,3.319,2.42
30-May,sm,shecan,1,900.2,NA,NA,1.246,2.468,NA,NA
05-Jun,sm,shecan,5,1109.5,NA,NA,1.279,1.483,1.26,1.311
01-Jun,sm,shecan,6,1685.6,NA,NA,1.357,2.627,NA,NA
01-Jun,sm,shecan,7,1191.4,NA,NA,1.812,1.935,NA,NA
01-Jun,sm,shecan,8,1363.9,NA,NA,1.376,2.125,NA,NA
01-Jun,sm,shecan,9,1288.5,13,8,10.24695077,3.968,NA,NA
01-Jun,sm,shecan,10,1152.6,NA,NA,2.246,3.436,NA,NA
01-Jun,sm,shecan,11,850.9,NA,NA,1.643,1.768,NA,NA
01-Jun,sm,shecan,12,1432.1,NA,NA,1.215,1.241,NA,NA
05-Jun,sm,shecan,16,753.4,NA,NA,1.735,26.7,NA,NA
30-May,sm,sorsco,1,NA,NA,NA,5.558,3.8,NA,NA
30-May,sm,sorsco,4,NA,NA,NA,2.004,1.74,NA,NA
01-Jun,sm,sorsco,5,NA,NA,NA,2.297,1.738,NA,NA
03-Jun,sm,sorsco,6,NA,NA,NA,4.496,2.1,NA,NA
01-Jun,sm,sorsco,7,NA,6,5,3.31662479,2.628,NA,NA
04-Jun,sm,sorsco,9,NA,9,8,4.123105626,6.1,6.9,6.6
04-Jun,sm,sorsco,10,NA,NA,NA,2.706,3.7,5.6,4.8
01-Jun,sm,sorsco,11,NA,7,6,3.605551275,6.3,NA,NA
03-Jun,sm,sorsco,12,NA,NA,NA,3.338,2.9,4,NA
04-Jun,sm,sorsco,12_02,NA,5,3,4,3.7,5.7,3.5
29-May,sm,spibet,1,NA,NA,NA,0.489,NA,NA,NA
29-May,sm,spibet,2,NA,NA,NA,0.506,NA,NA,NA
29-May,sm,spibet,3,NA,NA,NA,0.582,NA,NA,NA
29-May,sm,spibet,4,NA,NA,NA,0.554,NA,NA,NA
29-May,sm,spibet,5,NA,NA,NA,0.659,NA,NA,NA
29-May,sm,spibet,6,NA,NA,NA,0.771,NA,NA,NA
29-May,sm,spibet,7,NA,NA,NA,0.905,NA,NA,NA
29-May,sm,spibet,8,NA,NA,NA,0.647,NA,NA,NA
29-May,sm,spibet,9,NA,NA,NA,0.617,NA,NA,NA
29-May,sm,spibet,10,NA,NA,NA,0.755,NA,NA,NA
31-May,sm,spidou,1,NA,NA,NA,0.735,0.654,NA,NA
31-May,sm,spidou,2,NA,NA,NA,0.965,0.772,NA,NA
31-May,sm,spidou,3,NA,NA,NA,0.731,0.553,NA,NA
31-May,sm,spidou,4,NA,NA,NA,0.914,0.925,NA,NA
31-May,sm,spidou,5,NA,NA,NA,0.948,0.894,NA,NA
31-May,sm,spidou,6,NA,NA,NA,0.771,0.86,NA,NA
31-May,sm,spidou,7,NA,NA,NA,0.555,0.483,NA,NA
31-May,sm,spidou,8,NA,NA,NA,0.573,0.435,NA,NA
31-May,sm,spidou,9,NA,NA,NA,0.639,0.568,NA,NA
31-May,sm,spidou,10,NA,NA,NA,0.936,0.832,NA,NA
01-Jun,sm,spipyr,1,NA,NA,NA,1.012,0.838,NA,NA
01-Jun,sm,spipyr,2,NA,NA,NA,0.871,0.674,NA,NA
01-Jun,sm,spipyr,3,NA,NA,NA,0.996,0.82,NA,NA
01-Jun,sm,spipyr,4,NA,NA,NA,0.677,0.562,NA,NA
01-Jun,sm,spipyr,5,NA,NA,NA,0.907,0.647,NA,NA
01-Jun,sm,spipyr,6,NA,NA,NA,0.961,0.585,NA,NA
01-Jun,sm,spipyr,7,NA,NA,NA,0.728,0.625,NA,NA
01-Jun,sm,spipyr,8,NA,NA,NA,0.115,0.658,NA,NA
01-Jun,sm,spipyr,9,NA,NA,NA,1.363,0.972,NA,NA
01-Jun,sm,spipyr,10,NA,NA,NA,1.045,0.513,NA,NA
04-Jun,sm,symalb,2,NA,NA,NA,1.552,1.607,1.718,1.932
29-May,sm,symalb,4,NA,NA,NA,1.393,1.14,NA,NA
31-May,sm,symalb,5,NA,NA,NA,1.051,1.099,NA,NA
31-May,sm,symalb,6,NA,NA,NA,1.387,1.217,NA,NA
30-May,sm,symalb,7,NA,NA,NA,1.49,1.176,0.956,NA
01-Jun,sm,symalb,8,NA,NA,NA,1.284,1.178,NA,NA
31-May,sm,symalb,9,NA,NA,NA,1.137,0.915,NA,NA
29-May,sm,symalb,11,NA,NA,NA,1.271,1.27,NA,NA
01-Jun,sm,symalb,12,NA,NA,NA,1.085,0.735,NA,NA
04-Jun,sm,symalb,12_02,NA,NA,NA,0.876,0.748,NA,NA
04-Jun,sm,symalb,9_02,NA,NA,NA,1.602,1.511,1.069,1.261
03-Jun,sm,vacmem,1,NA,NA,NA,0.689,0.73,NA,NA
03-Jun,sm,vacmem,2,NA,NA,NA,0.761,0.785,NA,NA
03-Jun,sm,vacmem,3,NA,NA,NA,0.646,0.692,NA,NA
03-Jun,sm,vacmem,4,NA,NA,NA,0.758,0.846,NA,NA
03-Jun,sm,vacmem,5,NA,NA,NA,0.556,0.665,NA,NA
03-Jun,sm,vacmem,6,NA,NA,NA,0.595,0.475,NA,NA
03-Jun,sm,vacmem,7,NA,NA,NA,0.47,0.44,NA,NA
04-Jun,sm,vacmem,8,NA,NA,NA,0.609,0.748,NA,NA
04-Jun,sm,vacmem,9,NA,NA,NA,0.55,0.878,NA,NA
04-Jun,sm,vacmem,10,NA,NA,NA,0.569,0.772,NA,NA
30-May,sm,vibedu,1,NA,NA,NA,1.078,0.768,NA,NA
03-Jun,sm,vibedu,5,NA,NA,NA,1.435,0.659,NA,NA
29-May,sm,vibedu,7,NA,NA,NA,2.35,1.72,NA,NA
31-May,sm,vibedu,8,NA,NA,NA,1.316,0.898,NA,NA
30-May,sm,vibedu,9,NA,NA,NA,1.761,1.26,NA,NA
30-May,sm,vibedu,10,NA,NA,NA,1.434,8.73,NA,NA
29-May,sm,vibedu,12,NA,NA,NA,1.604,1.37,NA,NA
05-Jun,sm,vibedu,19,NA,NA,NA,1.911,1.669,NA,NA
05-Jun,sm,vibedu,20,NA,NA,NA,1.936,1.913,NA,NA
04-Jun,sm,vibedu,11_02,NA,NA,NA,1.968,1.004,NA,NA