,site,species,no,date,dist.top,dist.btm,ht.cm,dbh,dbh2,dbh3,stem.vol,stem.weight
593,af,acegla,1,03-Jul,NA,NA,289.4,1.881,NA,NA,NA,1337.4
166,af,acegla,3,11-Jun,7,5,NA,9.3,2,NA,3.42,1820.6
241,af,acegla,5,13-Jun,8,6,NA,3,3.4,3.2,3.08,1613.7
242,af,acegla,6,13-Jun,9,6,NA,4.2,8.2,3.2,3.43,1598.5
243,af,acegla,7,13-Jun,9,7,NA,5.1,6.9,9,4.11,2018.4
244,af,acegla,8,13-Jun,8,6,NA,6.5,7.5,5.9,3.31,1558.8
245,af,acegla,9,13-Jun,7,4,NA,4.5,6.5,7,3.61,1741.6
246,af,acegla,10,13-Jun,NA,NA,489.6,2.7,4.2,4.3,3.01,1428
521,af,acegla,11,02-Jul,NA,NA,466.6,2.411,NA,NA,3.25,1694.4
522,af,acegla,12,02-Jul,NA,NA,335.9,1.632,NA,NA,3.12,1497
167,af,alninc,1,02-Jul,NA,NA,233.4,0.816,1.525,NA,NA,1901.8
168,af,alninc,1,11-Jun,NA,NA,284.5,2.1,NA,NA,4.67,1901.8
523,af,alninc,5,02-Jul,5,3,NA,2.655,4.354,NA,2.79,1079.7
988,af,alninc,6,03-Jul,8,6,NA,7.8,8.9,7.2,NA,NA
986,af,alninc,7,03-Jul,8,7,NA,4.2,5.5,4.3,NA,NA
169,af,alninc,9,11-Jun,6,5,NA,4.7,NA,NA,2.61,1326.7
170,af,alninc,10,11-Jun,10,9,NA,3.4,3.5,4.2,4.53,1851.3
992,af,alninc,11,NA,NA,NA,NA,NA,NA,NA,NA,944.2
620,af,alninc,12,04-Jul,6,3,NA,4.644,3.848,3.295,NA,1338.1
621,af,alninc,13,04-Jul,7,5,NA,3.385,5.925,3.35,NA,117.2
976,af,alninc,14,04-Jul,NA,NA,319.2,1.947,1.721,NA,NA,NA
212,af,alninc,20,12-Jun,NA,NA,465.3,4.1,3.3,2.8,4.05,1690.6
524,af,alnvir,1,02-Jul,NA,NA,233.4,0.816,1.525,NA,3.3,1411
525,af,alnvir,2,02-Jul,NA,NA,311,1.509,1.382,1.231,3.69,1483
526,af,alnvir,3,02-Jul,NA,NA,338.5,1.692,2.055,1.509,2.97,1220.4
527,af,alnvir,4,02-Jul,NA,NA,333.4,1.317,1.24,1.42,3.05,1440.8
528,af,alnvir,5,02-Jul,NA,NA,217.6,1.294,0.915,0.888,3.01,1262.5
529,af,alnvir,11,02-Jul,NA,NA,348.6,1.924,1.328,0.865,2.99,1307.1
530,af,alnvir,12,02-Jul,NA,NA,339.6,1.409,1.232,1.17,3.42,1468.6
622,af,alnvir,13,04-Jul,NA,NA,276.5,1.928,1.953,3.163,NA,920.9
623,af,alnvir,14,04-Jul,NA,NA,396.4,2.588,1.821,1.764,NA,1334.3
213,af,alnvir,20,12-Jun,NA,NA,439.2,4,5.2,4.5,3.3,1449.2
171,af,amealn,1,11-Jun,NA,NA,180.7,1.588,1.312,1.13,2.34,1292.3
172,af,amealn,2,11-Jun,NA,NA,157.7,1.183,NA,NA,5.06,2589.1
173,af,amealn,3,11-Jun,NA,NA,234.2,1.986,NA,NA,2.38,1294.7
174,af,amealn,5,11-Jun,NA,NA,210.4,2.357,NA,NA,3.23,1872.7
531,af,amealn,6,02-Jul,NA,NA,274.7,1.536,NA,NA,2.73,1403
532,af,amealn,7,02-Jul,NA,NA,243.4,1.432,1.036,NA,4.13,2130
533,af,amealn,8,02-Jul,NA,NA,204.6,1.238,1.387,1.034,3.39,1819.9
534,af,amealn,9,02-Jul,NA,NA,182.1,1.293,NA,NA,1.78,1150.3
535,af,amealn,10,02-Jul,NA,NA,198,1.095,NA,NA,2.65,1717.1
536,af,amealn,12,02-Jul,NA,NA,364.2,1.002,NA,NA,3.61,2222.8
175,af,betpap,1,11-Jun,19,14,NA,36.9,NA,NA,3.86,1729.2
1019,af,betpap,2,NA,NA,NA,NA,NA,NA,NA,NA,2764.6
214,af,betpap,3,12-Jun,13,8,NA,10.5,NA,NA,3.52,1912.9
215,af,betpap,4,12-Jun,12,8,NA,18,NA,NA,3.4,1917.1
216,af,betpap,5,12-Jun,14,7,NA,18.5,NA,NA,3.5,1831.8
217,af,betpap,6,12-Jun,13,8,NA,10.6,NA,NA,3.58,1872.5
176,af,betpap,7,11-Jun,12,10,NA,10,NA,NA,3.43,1818.7
177,af,betpap,8,11-Jun,13,8,NA,12.6,NA,NA,2.94,1599
178,af,betpap,9,11-Jun,14,11,NA,12.9,NA,NA,4.36,2356.7
179,af,betpap,10,11-Jun,10,8,NA,9.9,NA,NA,4.01,2230.5
180,af,betpap,11,11-Jun,20,14,NA,33.1,NA,NA,3.24,1611
926,af,betpap,2_02,12-Jun,12,9,NA,9.9,NA,NA,5.24,NA
181,af,corsto,1,11-Jun,NA,NA,131.8,14.1,NA,NA,2.43,902.4
247,af,corsto,3,13-Jun,NA,NA,363.2,1.534,0.67,NA,3.59,1606.9
182,af,corsto,4,11-Jun,NA,NA,223.1,1.451,NA,NA,2.22,1011.3
183,af,corsto,5,11-Jun,NA,NA,319.8,2.971,NA,NA,2.45,1152
537,af,corsto,6,02-Jul,NA,NA,160,1.701,NA,NA,2.82,1486.5
538,af,corsto,7,02-Jul,NA,NA,181,1.809,NA,NA,2.06,918.5
539,af,corsto,8,02-Jul,NA,NA,161.6,0.954,NA,NA,2.37,1093.7
540,af,corsto,9,02-Jul,NA,NA,273.8,1.124,NA,NA,2.19,1074.8
541,af,corsto,10,02-Jul,NA,NA,232.4,1.732,1.538,NA,2.86,1129.2
594,af,corsto,11,03-Jul,NA,NA,272.4,2.348,NA,NA,NA,1121.1
218,af,loninv,1,12-Jun,NA,NA,123.4,1.275,NA,NA,2.79,1222.3
966,af,loninv,2,11-Jun,NA,NA,117.3,1.164,NA,NA,1.94,NA
184,af,loninv,3,11-Jun,NA,NA,139.6,1.201,NA,NA,1.59,1521.3
542,af,loninv,4,02-Jul,NA,NA,122.1,0.721,NA,NA,1.64,763.1
543,af,loninv,5,02-Jul,NA,NA,120.8,1.198,NA,NA,2.61,1165.2
595,af,loninv,6,03-Jul,NA,NA,140.6,1.111,NA,NA,NA,1607.9
917,af,loninv,8,13-Jun,NA,NA,106.2,1.007,NA,NA,2.37,NA
624,af,loninv,9,04-Jul,NA,NA,179,1.555,NA,NA,NA,1095.3
596,af,loninv,11,03-Jul,NA,NA,159.2,2.74,1.599,3.474,NA,1144.2
930,af,loninv,3_02,12-Jun,NA,NA,246.3,2.071,NA,NA,3.76,NA
185,af,popbal,1,11-Jun,7,6,NA,6.3,6.5,6.2,3.84,1618.5
186,af,popbal,2,11-Jun,28,21,NA,34.6,NA,NA,3.82,1340.8
187,af,popbal,2,11-Jun,28,21,NA,34.6,NA,NA,3.82,1861.9
188,af,popbal,2,12-Jun,18,12,NA,14.2,NA,NA,3,1340.8
189,af,popbal,2,12-Jun,18,12,NA,14.2,NA,NA,3,1861.9
190,af,popbal,3,11-Jun,9,7,NA,10.8,NA,NA,4.38,1890.7
544,af,popbal,4,02-Jul,11,8,NA,5.742,NA,NA,2.8,1331.5
545,af,popbal,5,02-Jul,10,8,NA,5.96,NA,NA,2.18,1037.7
546,af,popbal,6,02-Jul,7,4,NA,4.672,NA,NA,2.83,1368.3
547,af,popbal,7,02-Jul,6,5,NA,4.175,1.496,NA,3.18,1481
548,af,popbal,8,02-Jul,6,5,NA,2.499,NA,NA,3.04,1496.4
597,af,popbal,9,03-Jul,11,8,NA,9.906,NA,NA,NA,1760.7
549,af,poptre,3,02-Jul,6,8,NA,5.4,NA,NA,3.44,1780
550,af,poptre,3,02-Jul,6,8,NA,5.4,NA,NA,3.44,1209.4
551,af,poptre,4,02-Jul,7,5,NA,4.4,NA,NA,3.52,1695.8
552,af,poptre,5,02-Jul,6,5,NA,6,NA,NA,3.34,1743.7
553,af,poptre,6,02-Jul,15,8,NA,12.7,NA,NA,3.68,1938.6
1016,af,poptre,7,NA,NA,NA,NA,NA,NA,NA,NA,1831.2
250,af,poptre,8,13-Jun,6,4,NA,8.1,NA,NA,3.89,1873.6
251,af,poptre,8,13-Jun,6,4,NA,8.1,NA,NA,3.89,1623.7
252,af,poptre,9,13-Jun,9,4,NA,8,NA,NA,3.67,1616.7
191,af,poptre,10,11-Jun,NA,NA,420.9,3.6,NA,NA,2.9,1317.7
253,af,poptre,11,13-Jun,11,8,NA,11.7,NA,NA,3.31,1617.6
248,af,poptre,12,02-Jul,10,5,NA,7.844,NA,NA,3.46,1668.4
249,af,poptre,12,13-Jun,21,11,NA,17.5,NA,NA,3.89,1668.4
983,af,poptre,13,13-Jun,17,14,NA,6,NA,NA,4.03,NA
975,af,poptre,15,02-Jul,NA,NA,291,2.744,NA,NA,3.46,NA
219,af,riblac,1,12-Jun,NA,NA,46,0.408,NA,NA,1.29,770.8
220,af,riblac,2,12-Jun,NA,NA,53.1,0.687,NA,NA,2.7,1226.6
554,af,riblac,4,02-Jul,NA,NA,90,0.721,NA,NA,2.17,1141.7
555,af,riblac,4,02-Jul,NA,NA,90,0.721,NA,NA,2.17,471.9
556,af,riblac,6,02-Jul,NA,NA,107.3,0.636,0.6,NA,2.47,1508.5
557,af,riblac,7,02-Jul,NA,NA,92.1,0.799,NA,NA,2.68,1693.4
626,af,riblac,8,04-Jul,NA,NA,143.1,0.91,NA,NA,NA,832.4
948,af,riblac,9,03-Jul,NA,NA,NA,NA,NA,NA,NA,NA
598,af,riblac,10,03-Jul,NA,NA,129.4,0.803,NA,NA,NA,962.2
599,af,riblac,11,03-Jul,NA,NA,91.5,0.756,NA,NA,NA,1005.4
625,af,riblac,12,04-Jul,NA,NA,112.9,0.808,NA,NA,NA,846.6
221,af,riblac,20,12-Jun,NA,NA,75.5,0.504,NA,NA,2.04,1163.8
222,af,rosaci,1,12-Jun,NA,NA,154.6,0.842,NA,NA,2.68,1193.5
192,af,rosaci,2,11-Jun,NA,NA,184.6,1.452,NA,NA,3.03,1482.9
193,af,rosaci,3,11-Jun,NA,NA,144.3,1.051,NA,NA,3.57,1838.3
254,af,rosaci,4,13-Jun,NA,NA,151.3,1.063,NA,NA,2.37,1163.5
194,af,rosaci,5,11-Jun,NA,NA,176.4,1.508,NA,NA,4.42,2253.9
558,af,rosaci,8,02-Jul,NA,NA,98.6,0.722,NA,NA,2.3,1071.2
559,af,rosgym,1,02-Jul,NA,NA,101.7,0.639,NA,NA,3.05,1490
560,af,rosgym,2,02-Jul,NA,NA,83.6,0.438,NA,NA,1.7,811.7
561,af,rosgym,3,02-Jul,NA,NA,109.7,0.649,NA,NA,1.7,813.9
600,af,rosgym,4,03-Jul,NA,NA,96,0.543,NA,NA,NA,455.9
601,af,rosgym,5,03-Jul,NA,NA,157.2,0.808,NA,NA,NA,905.7
562,af,rosgym,6,02-Jul,NA,NA,91.4,0.749,NA,NA,2.53,1290.1
563,af,rosgym,7,02-Jul,NA,NA,150,1.077,NA,NA,2.23,1051.2
602,af,rosgym,8,03-Jul,NA,NA,120.3,0.808,NA,NA,NA,1055.4
564,af,rosgym,10,02-Jul,NA,NA,148.6,0.911,0.886,0.657,1.91,1054.3
627,af,rosgym,11,04-Jul,NA,NA,97.4,0.569,NA,NA,NA,763.9
195,af,rubida,1,11-Jun,NA,NA,81.2,0.645,0.571,0.521,3.27,994.2
910,af,rubida,4,02-Jul,NA,NA,71.5,0.477,NA,NA,1.6,NA
628,af,rubida,6,04-Jul,NA,NA,88.5,0.656,NA,NA,NA,624.9
565,af,rubida,10,02-Jul,NA,NA,87.6,0.607,NA,NA,3.07,874.3
566,af,rubida,11,02-Jul,NA,NA,146.1,0.767,NA,NA,2.59,654.1
603,af,rubida,12,03-Jul,NA,NA,106.1,0.649,NA,NA,NA,912.8
604,af,rubida,13,03-Jul,NA,NA,91.3,0.54,NA,NA,NA,758.5
629,af,rubida,14,04-Jul,NA,NA,131.4,1.082,NA,NA,NA,633.5
630,af,rubida,15,04-Jul,NA,NA,130.1,0.781,NA,NA,NA,818.5
631,af,rubida,16,04-Jul,NA,NA,124.7,0.793,NA,NA,NA,737.1
632,af,rubida,17,04-Jul,NA,NA,104.2,0.592,NA,NA,NA,611.4
255,af,rubpar,2,13-Jun,NA,NA,91,0.787,NA,NA,2.68,843.7
256,af,rubpar,3,13-Jun,NA,NA,116.9,0.846,NA,NA,3.81,1067.7
196,af,rubpar,4,11-Jun,NA,NA,69.1,0.636,NA,NA,2.67,730.3
567,af,rubpar,5,02-Jul,NA,NA,59.1,0.463,NA,NA,1.76,515.2
568,af,rubpar,6,02-Jul,NA,NA,64.4,0.484,0.552,0.426,2.16,615.2
1007,af,rubpar,7,NA,NA,NA,NA,NA,NA,NA,NA,609.1
875,af,rubpar,9,02-Jul,NA,NA,75.2,0.621,NA,NA,NA,NA
605,af,rubpar,10,03-Jul,NA,NA,127.6,0.69,NA,NA,NA,706.3
606,af,rubpar,11,03-Jul,NA,NA,104.3,0.709,NA,NA,NA,1349.8
607,af,rubpar,13,03-Jul,NA,NA,88.4,0.658,NA,NA,NA,1131.8
999,af,rubpar,14,NA,NA,NA,NA,NA,NA,NA,NA,886.2
608,af,rubpar,15,03-Jul,NA,NA,140,0.881,NA,NA,NA,792
609,af,rubpar,16,03-Jul,NA,NA,140,1.031,NA,NA,NA,814.3
961,af,rubpar,19,03-Jul,NA,NA,89.1,0.616,NA,NA,NA,NA
197,af,rubspe,1,11-Jun,NA,NA,121.8,0.628,0.636,0.784,2.55,769.6
198,af,rubspe,7,11-Jun,NA,NA,167.2,0.581,NA,NA,3.08,811.5
223,af,rubspe,10,12-Jun,NA,NA,76.6,0.409,NA,NA,1.12,293.7
199,af,samrac,1,11-Jun,NA,NA,219.4,3.071,NA,NA,5.29,1764
200,af,samrac,3,11-Jun,NA,NA,183.4,1.858,NA,NA,5.86,1698.3
633,af,samrac,4,04-Jul,NA,NA,180.5,1.91,NA,NA,NA,1087.9
634,af,samrac,5,04-Jul,NA,NA,197.5,1.87,NA,NA,NA,759
610,af,samrac,6,03-Jul,NA,NA,208.4,3.365,NA,NA,NA,888
611,af,samrac,7,03-Jul,NA,NA,221,1.726,1.384,1.791,NA,813.2
201,af,samrac,9,11-Jun,NA,NA,166.2,1.383,NA,NA,5.4,1349.5
612,af,samrac,10,03-Jul,NA,NA,169.1,2.919,NA,NA,NA,1451
635,af,samrac,12,04-Jul,NA,NA,251.2,2.45,NA,NA,NA,1108.8
636,af,samrac,13,04-Jul,NA,NA,235.6,2.054,NA,NA,NA,891.2
202,af,shecan,1,11-Jun,NA,NA,74.2,0.946,NA,NA,2.71,1524.2
257,af,shecan,2,13-Jun,NA,NA,103,1.315,NA,NA,2.19,1101.5
258,af,shecan,3,13-Jun,NA,NA,79.6,0.789,0.64,0.731,2.58,1204
203,af,shecan,4,11-Jun,NA,NA,87.7,0.958,NA,NA,3.34,1533
204,af,shecan,5,11-Jun,NA,NA,150.6,2.439,NA,NA,4.07,2225.7
569,af,shecan,6,02-Jul,NA,NA,157,0.986,1.087,0.88,3.3,1832.8
570,af,shecan,7,02-Jul,NA,NA,153.5,1.342,1.484,NA,3.33,1635.9
571,af,shecan,8,02-Jul,NA,NA,147.1,1.841,NA,NA,3.71,1777.7
572,af,shecan,9,02-Jul,NA,NA,104.4,1.139,NA,NA,2.8,1407.9
573,af,shecan,10,02-Jul,NA,NA,169.5,2.444,NA,NA,2.95,1459.8
205,af,sorsco,2,11-Jun,NA,NA,NA,2.825,NA,NA,4.94,2005
224,af,sorsco,3,13-Jun,NA,NA,173.3,3.2,4,NA,2.76,1189.4
225,af,sorsco,3,13-Jun,NA,NA,173.3,3.2,4,NA,2.76,1171.1
574,af,sorsco,6,02-Jul,NA,NA,132,1.226,0.984,NA,2.65,1005.3
575,af,sorsco,7,02-Jul,NA,NA,207.2,1.538,1.468,NA,4.13,2025.3
576,af,sorsco,8,02-Jul,NA,NA,438.8,1.799,NA,NA,2.94,1398.2
577,af,sorsco,9,02-Jul,NA,NA,364.2,1.271,1.407,NA,3.17,1422
578,af,sorsco,10,02-Jul,NA,NA,391.4,1.295,NA,NA,2.92,1415
579,af,sorsco,11,02-Jul,NA,NA,346.6,2.772,NA,NA,4.23,1938.9
613,af,sorsco,13,03-Jul,NA,NA,209.4,2.246,NA,NA,NA,1438.8
228,af,spibet,1,12-Jun,NA,NA,46.5,0.315,NA,NA,0.93,493.4
206,af,spibet,2,11-Jun,NA,NA,55,0.559,NA,NA,2.04,109.6
259,af,spibet,4,13-Jun,NA,NA,5.05,0.299,NA,NA,0.82,438.8
207,af,spibet,5,11-Jun,NA,NA,63.6,0.392,NA,NA,1.59,828.9
208,af,spibet,11,11-Jun,NA,NA,50.2,0.354,NA,NA,1.59,918.1
209,af,spibet,12,11-Jun,NA,NA,51.2,0.448,NA,NA,1.52,853.5
260,af,spibet,13,13-Jun,NA,NA,97.1,0.588,NA,NA,1.28,661.6
261,af,spibet,14,13-Jun,NA,NA,91.2,0.565,NA,NA,2.29,1171.9
229,af,spibet,20,12-Jun,NA,NA,57.7,0.361,NA,NA,1.06,482.8
947,af,spibet,06_02,11-Jun,NA,NA,51.6,0.283,NA,NA,0.91,487.3
230,af,spidou,1,12-Jun,NA,NA,83.2,0.509,NA,NA,1.7,1027.4
262,af,spidou,2,13-Jun,NA,NA,107.5,0.725,NA,NA,1.9,876.2
614,af,spidou,3,03-Jul,NA,NA,103.2,0.495,NA,NA,NA,1123.2
263,af,spidou,4,13-Jun,NA,NA,160.6,1.182,NA,NA,1.7,683.2
615,af,spidou,11,03-Jul,NA,NA,129.9,0.548,NA,NA,NA,1096.9
616,af,spidou,12,03-Jul,NA,NA,121.5,0.81,NA,NA,NA,1520.4
637,af,spidou,13,04-Jul,NA,NA,159.2,0.685,NA,NA,NA,712.8
265,af,spidou,19,13-Jun,NA,NA,139.9,1.078,NA,NA,1.69,687.8
231,af,spidou,20,12-Jun,NA,NA,98.1,0.65,NA,NA,1.72,887.3
965,af,spidou,19_02,13-Jun,NA,NA,141.4,0.682,NA,NA,2.34,896.1
232,af,spipyr,1,12-Jun,NA,NA,114.6,0.771,NA,NA,0.99,425.4
266,af,spipyr,2,13-Jun,NA,NA,132.3,0.993,NA,NA,2.91,1414.9
617,af,spipyr,11,03-Jul,NA,NA,100.3,0.6,NA,NA,NA,897.7
638,af,spipyr,12,04-Jul,NA,NA,115.2,0.576,NA,NA,NA,1018.3
873,af,spipyr,13,04-Jul,NA,NA,152,0.859,NA,NA,NA,NA
639,af,spipyr,14,04-Jul,NA,NA,108,0.507,NA,NA,NA,1077.9
267,af,spipyr,16,13-Jun,NA,NA,99.3,0.76,NA,NA,2.35,947.4
268,af,spipyr,17,13-Jun,NA,NA,97.6,0.591,NA,NA,1.94,895
269,af,spipyr,18,13-Jun,NA,NA,145.1,0.867,NA,NA,2.05,808.1
233,af,spipyr,19,12-Jun,NA,NA,87.4,0.788,NA,NA,1.96,1021.2
234,af,symalb,1,12-Jun,NA,NA,73.2,0.556,NA,NA,2.48,1363.5
235,af,symalb,2,12-Jun,NA,NA,122.2,0.699,NA,NA,2.89,1455.7
270,af,symalb,3,13-Jun,NA,NA,126.4,1.031,NA,NA,3.16,1700.5
210,af,symalb,4,11-Jun,NA,NA,115.2,0.78,NA,NA,3.8,2134.4
580,af,symalb,5,02-Jul,NA,NA,114.6,0.604,NA,NA,2.37,1360.3
581,af,symalb,6,02-Jul,NA,NA,95.2,0.55,0.59,NA,1.7,990.5
582,af,symalb,7,02-Jul,NA,NA,53.5,0.278,NA,NA,1.18,739.8
583,af,symalb,8,02-Jul,NA,NA,60,0.609,NA,NA,2.48,1292.9
211,af,symalb,11,11-Jun,NA,NA,83.4,0.872,NA,NA,3.48,1949.6
640,af,symalb,12,04-Jul,NA,NA,68.9,0.531,NA,NA,NA,852.6
236,af,vacmem,1,12-Jun,NA,NA,44.9,0.508,NA,NA,1.99,985.9
584,af,vacmem,3,02-Jul,NA,NA,48.2,0.521,NA,NA,2.25,1106.7
585,af,vacmem,4,02-Jul,NA,NA,30.4,0.293,NA,NA,1.45,724
586,af,vacmem,5,02-Jul,NA,NA,68.1,0.971,0.876,0.759,2.71,1456
641,af,vacmem,6,04-Jul,NA,NA,35.6,0.366,NA,NA,NA,676.4
642,af,vacmem,7,04-Jul,NA,NA,55,0.574,NA,NA,NA,1314.2
643,af,vacmem,8,04-Jul,NA,NA,51.2,0.677,NA,NA,NA,826.2
644,af,vacmem,9,04-Jul,NA,NA,50.1,0.864,NA,NA,NA,1024.6
645,af,vacmem,10,04-Jul,NA,NA,28.2,0.624,NA,NA,NA,1090.9
237,af,vacmem,20,12-Jun,NA,NA,43.8,0.493,NA,NA,2.54,1225.3
238,af,vibedu,1,12-Jun,NA,NA,111.6,0.866,NA,NA,3.99,1777.9
618,af,vibedu,2,03-Jul,NA,NA,74.8,0.822,NA,NA,NA,1590.3
239,af,vibedu,3_2,13-Jun,NA,NA,111.8,0.93,NA,NA,2.64,872.5
240,af,vibedu,3,12-Jun,NA,NA,111.8,0.744,NA,NA,2.83,1039.4
592,af,vibedu,4,02-Jul,NA,NA,80.4,1.085,NA,NA,1.91,883
587,af,vibedu,5,02-Jul,NA,NA,136,1.067,NA,NA,3.61,1773.8
588,af,vibedu,6,02-Jul,NA,NA,216.9,1.392,NA,NA,2.57,1206.6
589,af,vibedu,7,02-Jul,NA,NA,118.5,0.856,NA,NA,1.8,726
590,af,vibedu,8,02-Jul,NA,NA,84.7,0.571,NA,NA,2.73,1109.9
591,af,vibedu,11,02-Jul,NA,NA,123.5,0.898,NA,NA,2.84,1288
619,af,vibedu,12,03-Jul,NA,NA,150.9,1.345,NA,NA,NA,1003.3
834,kl,acegla,1,29-Jul,6,5,NA,40.8,5.136,4.69,2.99,1675.9
743,kl,acegla,3,26-Jul,NA,NA,470.3,2.546,2.037,NA,2.34,1319.6
650,kl,acegla,4,24-Jul,7,6,NA,13.1,NA,NA,3.3,1867.4
659,kl,acegla,5,24-Jul,11,6,NA,9.6,6.9,NA,3.26,1567.6
661,kl,acegla,6,24-Jul,7,6,NA,6.1,NA,NA,2.7,1489.3
664,kl,acegla,7,24-Jul,12,6,NA,6.5,8.4,8.1,3.41,2004.5
708,kl,acegla,8,25-Jul,11,9,NA,6.143,8.48,7.224,3.15,1495.8
793,kl,acegla,9,28-Jul,7,6,NA,4.034,NA,NA,3.04,1720.7
802,kl,acegla,10,28-Jul,NA,NA,NA,10.6,NA,NA,3.82,1603.5
865,kl,acegla,11,30-Jul,10,7,NA,5.3,3.4,2.2,2.47,1308.1
693,kl,alninc,1,25-Jul,NA,NA,451.8,3.557,2.765,2.058,3.54,1663
702,kl,alninc,2,25-Jul,6,5,NA,3.575,4.041,3.482,3.12,1359.1
722,kl,alninc,3,25-Jul,9,7,NA,8.644,2.392,NA,3.14,1343.9
717,kl,alninc,4,25-Jul,7,6,NA,2.948,3.424,1.496,3.31,1391.1
807,kl,alnrub,1,28-Jul,9,7,NA,6.5,NA,NA,2.77,1369
808,kl,alnrub,2,28-Jul,7,5,NA,6.5,NA,NA,3.88,1842.3
810,kl,alnrub,3,28-Jul,12,10,NA,11.1,NA,NA,2.78,1283.9
811,kl,alnrub,4,28-Jul,16,12,NA,17.7,NA,NA,3.14,1536.6
812,kl,alnrub,5,28-Jul,11,10,NA,10.4,NA,NA,3.61,1856.3
813,kl,alnrub,6,28-Jul,9,3,NA,6.7,NA,NA,3.38,1690.1
814,kl,alnrub,7,28-Jul,9,8,NA,9.9,NA,NA,3.16,1514.5
815,kl,alnrub,8,28-Jul,10,8,NA,7.5,6,NA,3.73,1841.5
816,kl,alnrub,9,28-Jul,8,3.5,NA,10.1,NA,NA,3.69,1722
817,kl,alnrub,10,28-Jul,9,4,NA,9.8,NA,NA,3.03,1487.8
741,kl,alnvir,2,26-Jul,NA,NA,350.4,2.833,3.633,3.268,2.98,1380
749,kl,alnvir,3,26-Jul,NA,NA,360.1,1.582,1.764,1.861,2.73,1409
671,kl,alnvir,5,24-Jul,NA,NA,170.6,1.756,2,1.953,3.41,1519
672,kl,alnvir,6,24-Jul,NA,NA,174.9,2.288,1.396,1.929,3.44,1386.6
704,kl,alnvir,7,25-Jul,NA,NA,314.8,1.758,2.252,1.074,2.54,1285.9
745,kl,alnvir,8,26-Jul,NA,NA,307.4,1.828,1.296,1.464,2.49,1424.6
786,kl,alnvir,9,28-Jul,5,4,NA,3.809,2.552,2.27,3.9,1844.4
792,kl,alnvir,10,28-Jul,NA,NA,481.1,4.339,4.582,3.381,2.57,1393.4
794,kl,alnvir,11,28-Jul,NA,NA,452.6,3.174,2.26,2.133,2.58,1369.3
818,kl,alnvir,12,28-Jul,NA,NA,870.4,2.825,2.24,2.688,2.7,1308.1
832,kl,amealn,1,29-Jul,NA,NA,357.3,3.137,1.981,0.922,2.49,1458.6
836,kl,amealn,2,29-Jul,NA,NA,521,3.368,NA,NA,2.51,1578.5
842,kl,amealn,3,29-Jul,NA,NA,529.6,3.835,NA,NA,2.88,1842.8
675,kl,amealn,4,24-Jul,NA,NA,381.2,1.66,1.511,1.539,3.68,2392.5
758,kl,amealn,5,26-Jul,NA,NA,233.9,1.48,NA,NA,2.31,1422
759,kl,amealn,6,26-Jul,NA,NA,350.2,2.612,NA,NA,2.64,1771.6
768,kl,amealn,7,26-Jul,NA,NA,286.3,1.931,NA,NA,2.34,1449.8
769,kl,amealn,7,26-Jul,NA,NA,286.3,1.931,NA,NA,2.34,1595
780,kl,amealn,8,26-Jul,7,5,NA,3.464,2.252,1.985,3.38,2204
781,kl,amealn,8,26-Jul,7,5,NA,3.464,2.252,1.985,3.38,1825.5
787,kl,amealn,9,28-Jul,NA,NA,217.5,2.062,NA,NA,3.81,1433.6
788,kl,amealn,9,28-Jul,NA,NA,217.5,2.062,NA,NA,3.81,2359.4
801,kl,amealn,10,28-Jul,NA,NA,213.4,2.259,NA,NA,2.56,1658.6
826,kl,betpap,5,29-Jul,19,16,NA,12.7,7.9,NA,3.59,2197.2
669,kl,betpap,6,24-Jul,15,12,NA,9.8,NA,NA,2.27,1045
670,kl,betpap,6,24-Jul,15,12,NA,9.8,NA,NA,2.27,1220.2
673,kl,betpap,7,24-Jul,15,9,NA,11.9,NA,NA,3.78,2087.9
680,kl,betpap,8,24-Jul,14,10,NA,15.5,NA,NA,4.3,2375
778,kl,betpap,9,28-Jul,23,16,NA,29.7,8.4,NA,1.57,1924.7
779,kl,betpap,9,26-Jul,17,12,NA,17.1,14.9,9.9,3.37,1924.7
804,kl,betpap,10,28-Jul,16,12,NA,13.3,NA,NA,3.87,2007.2
806,kl,betpap,11,28-Jul,11,5,NA,8.2,NA,NA,3.38,1989.5
809,kl,betpap,12,28-Jul,11,9,NA,10.4,NA,NA,3.25,1819.4
825,kl,betpap,13,29-Jul,25,18,NA,30.3,NA,NA,3.87,2221.2
853,kl,betpap,14,29-Jul,19,14,NA,23.3,18.6,NA,3.81,2288.1
998,kl,betpap,9_2nd_july28,NA,NA,NA,NA,NA,NA,NA,NA,2219.3
738,kl,corsto,3,26-Jul,NA,NA,351.9,3.183,2.246,2.11,2.79,1367.9
652,kl,corsto,5,24-Jul,NA,NA,461.8,2.674,NA,NA,3.47,1645.7
662,kl,corsto,6,24-Jul,NA,NA,480.8,3.2,NA,NA,3.43,1773.7
681,kl,corsto,7,24-Jul,NA,NA,470.8,4.85,4.612,3.148,3.46,1697.3
690,kl,corsto,8,25-Jul,NA,NA,215,1.914,NA,NA,2.56,1309
698,kl,corsto,9,25-Jul,NA,NA,276.4,2.39,NA,NA,2.09,1095.5
712,kl,corsto,10,25-Jul,NA,NA,312.7,3.181,3.748,NA,2.67,1498.9
784,kl,corsto,11,28-Jul,NA,NA,290.3,3.79,3.949,1.933,2.04,1017.3
789,kl,corsto,12,28-Jul,NA,NA,334.2,2.696,NA,NA,2.34,1216.6
864,kl,corsto,13,30-Jul,NA,NA,338.2,2.869,2.002,1.432,3.22,1749.5
846,kl,loninv,1,29-Jul,NA,NA,168.2,0.992,NA,NA,3.35,1815.4
845,kl,loninv,2,29-Jul,NA,NA,161,1.102,NA,NA,3.39,1629.7
731,kl,loninv,3,26-Jul,NA,NA,205.3,1.256,0.968,NA,2.18,1454
766,kl,loninv,4,26-Jul,NA,NA,139,1.225,NA,NA,3.63,1713.5
666,kl,loninv,5,24-Jul,NA,NA,102.2,0.761,NA,NA,2.92,1441.7
691,kl,loninv,6,25-Jul,NA,NA,130.4,1.494,NA,NA,2.68,1256.4
706,kl,loninv,7,25-Jul,NA,NA,140,1.879,NA,NA,2.44,1382.3
719,kl,loninv,8,25-Jul,NA,NA,165.7,2.07,1.954,2.223,2.07,1177.3
756,kl,loninv,9,26-Jul,NA,NA,167.8,1.234,1.177,0.975,1.98,698.2
757,kl,loninv,10,26-Jul,NA,NA,200.5,1.889,2.225,1.602,3.67,1825.5
1021,kl,menfer,7,NA,NA,NA,NA,NA,NA,NA,NA,671.4
843,kl,popbal,1,29-Jul,15,12,NA,14.7,NA,NA,3.77,1975.2
981,kl,popbal,3,29-Jul,22,15,NA,19.5,NA,NA,NA,NA
646,kl,popbal,4,24-Jul,29,23,NA,32.6,NA,NA,4.48,2329
648,kl,popbal,5,24-Jul,24,18,NA,23.2,NA,NA,3.88,1986.1
649,kl,popbal,6,24-Jul,21,14,NA,18.5,17.5,21.5,3.76,1897.2
655,kl,popbal,7,24-Jul,21,14,NA,25.8,NA,NA,2.59,1763.7
657,kl,popbal,8,24-Jul,21,16,NA,20.5,NA,NA,4.19,2126.8
658,kl,popbal,8,24-Jul,21,16,NA,20.5,NA,NA,4.19,2329.8
796,kl,popbal,9,28-Jul,7,5,NA,7.2,NA,NA,3.08,1785.3
805,kl,popbal,10,28-Jul,27,23,NA,24,23.5,12.5,3.1,1719
824,kl,popbal,11,28-Jul,16,8,NA,20.1,NA,NA,4.45,2374.2
763,kl,poptre,1,26-Jul,NA,NA,577.5,2.85,NA,NA,4.07,2089.6
782,kl,poptre,2,26-Jul,NA,NA,461.6,2.682,NA,NA,3.66,1849.3
676,kl,poptre,3,24-Jul,9,7,NA,7.2,NA,NA,4.92,2619.2
677,kl,poptre,4,24-Jul,7,6,NA,6.1,NA,NA,4,2128.2
819,kl,poptre,5,28-Jul,16,7,NA,21.7,NA,NA,4.21,2462
820,kl,poptre,6,28-Jul,10,7,NA,9.9,NA,NA,3.87,2071.9
821,kl,poptre,7,28-Jul,14,11,NA,11.8,NA,NA,3.68,1894.7
827,kl,poptre,8,29-Jul,15,10,NA,13.3,NA,NA,3.51,2152.6
828,kl,poptre,9,29-Jul,12,8,NA,8.8,NA,NA,3.97,2398.2
829,kl,poptre,10,29-Jul,20,15,NA,20,NA,NA,3.59,2111.1
715,kl,rhoalb,1,25-Jul,NA,NA,102.3,1.76,NA,NA,2.52,975.3
725,kl,rhoalb,2,25-Jul,NA,NA,131.6,1.639,1.279,1.587,2.71,950.1
854,kl,rhoalb,3,30-Jul,NA,NA,110.4,1.228,1.447,1.453,3.22,1130.4
855,kl,rhoalb,4,30-Jul,NA,NA,133.1,1.288,1.649,1.187,3.48,1411.1
857,kl,rhoalb,5,30-Jul,NA,NA,191.4,1.643,0.999,NA,2.76,1048.4
858,kl,rhoalb,6,30-Jul,NA,NA,201.2,1.744,1.433,0.75,2.54,953.5
859,kl,rhoalb,7,30-Jul,NA,NA,181.6,1.742,1.296,1.212,3.05,1125.3
860,kl,rhoalb,8,30-Jul,NA,NA,120.6,0.985,NA,NA,3.15,1302.5
861,kl,rhoalb,9,30-Jul,NA,NA,166,1.901,NA,NA,2.61,984.9
862,kl,rhoalb,10,30-Jul,NA,NA,110.3,1.392,1.375,NA,4.02,1637.7
839,kl,riblac,1,29-Jul,NA,NA,151.9,0.648,0.62,NA,1.23,643.2
844,kl,riblac,2,29-Jul,NA,NA,140.4,0.592,NA,NA,1.74,948.3
848,kl,riblac,3,29-Jul,NA,NA,122.2,0.849,NA,NA,1.59,905.1
742,kl,riblac,7,26-Jul,NA,NA,53.8,0.337,0.377,NA,1.14,565.2
764,kl,riblac,8,26-Jul,NA,NA,86.1,0.728,NA,NA,1.77,1130.7
688,kl,riblac,9,24-Jul,NA,NA,55.3,0.565,2.422,NA,2.24,1314.7
800,kl,riblac,10,28-Jul,NA,NA,50.1,0.471,NA,NA,1.99,1072.8
803,kl,riblac,11,28-Jul,NA,NA,121.4,0.742,NA,NA,1.57,1094.5
852,kl,riblac,13,29-Jul,NA,NA,130.4,0.743,NA,NA,2.49,1382.6
833,kl,riblac,12_02,29-Jul,NA,NA,106.8,0.655,0.69,NA,2.1,1170.7
837,kl,rosgym,1,29-Jul,NA,NA,147.2,0.676,NA,NA,1.74,934.1
838,kl,rosgym,2,29-Jul,NA,NA,146.1,0.885,NA,NA,2,992.6
748,kl,rosgym,4,26-Jul,NA,NA,127.5,0.972,NA,NA,2.27,1250.2
653,kl,rosgym,6,24-Jul,NA,NA,165.9,1.008,NA,NA,1.84,819.7
678,kl,rosgym,7,24-Jul,NA,NA,112.7,1.054,NA,NA,2.07,1249.1
729,kl,rosgym,8,26-Jul,NA,NA,186.7,1.26,1.148,0.768,2.2,1228.8
761,kl,rosgym,9,26-Jul,NA,NA,121,8.2,NA,NA,1.67,951
785,kl,rosgym,10,28-Jul,NA,NA,119.2,0.278,NA,NA,2.63,1515.7
790,kl,rosgym,11,28-Jul,NA,NA,74.6,0.518,NA,NA,2.04,977.4
795,kl,rosgym,12,28-Jul,NA,NA,101.4,0.672,NA,NA,2.95,1713.8
849,kl,rubida,1,29-Jul,NA,NA,136.2,0.654,NA,NA,3.03,788.6
797,kl,rubida,2,28-Jul,NA,NA,62,0.426,NA,NA,1.38,545.4
798,kl,rubida,3,28-Jul,NA,NA,131,0.747,NA,NA,1.94,655.4
799,kl,rubida,4,28-Jul,NA,NA,78.7,0.499,NA,NA,1.72,560.1
847,kl,rubida,5,29-Jul,NA,NA,68.4,0.473,NA,NA,1.08,438
850,kl,rubida,6,29-Jul,NA,NA,92.9,0.599,NA,NA,2.3,661.6
851,kl,rubida,7,29-Jul,NA,NA,97.8,0.59,NA,NA,2.01,558.2
856,kl,rubida,8,30-Jul,NA,NA,126.1,0.689,NA,NA,3,1046.7
840,kl,rubpar,1,29-Jul,NA,NA,108.6,0.574,0.765,NA,2.47,819.7
753,kl,rubpar,3,26-Jul,NA,NA,128.6,0.731,NA,NA,3.89,1303.3
765,kl,rubpar,4,26-Jul,NA,NA,96.2,0.69,NA,NA,2.96,1147.1
660,kl,rubpar,6,24-Jul,NA,NA,72.2,0.761,NA,NA,2.8,924.7
667,kl,rubpar,7,24-Jul,NA,NA,67.5,0.718,NA,NA,3.55,1275.7
674,kl,rubpar,8,24-Jul,NA,NA,83.6,0.725,NA,NA,3.03,820
701,kl,rubpar,9,25-Jul,NA,NA,67.6,0.655,NA,NA,2.36,884.3
754,kl,rubpar,10,26-Jul,NA,NA,98.5,0.802,0.856,NA,3.7,1459
774,kl,rubpar,11,26-Jul,NA,NA,90.6,0.727,NA,NA,3.2,1156.3
823,kl,rubpar,12,28-Jul,NA,NA,91,0.616,NA,NA,2.96,1256.2
1006,kl,rubpar,21,NA,NA,NA,NA,NA,NA,NA,NA,1032.2
1014,kl,rubpar,22,NA,NA,NA,NA,NA,NA,NA,NA,802.6
682,kl,samrac,1,24-Jul,NA,NA,122,1.469,1.219,1.45,3.84,1059
683,kl,samrac,2,24-Jul,NA,NA,210.8,2.409,1.693,2.422,3.1,1701.8
684,kl,samrac,2,24-Jul,NA,NA,210.8,2.409,1.693,2.422,3.1,714.8
685,kl,samrac,3,24-Jul,NA,NA,195.1,7.269,NA,NA,3.8,1416.4
686,kl,samrac,3,24-Jul,NA,NA,195.1,7.269,NA,NA,3.8,718.8
687,kl,samrac,4,24-Jul,NA,NA,148.4,1.575,1.62,1.622,4.33,1351.7
707,kl,samrac,5,25-Jul,NA,NA,160.4,1.602,2.46,1.759,4.4,786.6
709,kl,samrac,6,25-Jul,NA,NA,102.7,1.144,1.027,0.97,4.01,1259.4
710,kl,samrac,6,25-Jul,NA,NA,102.7,1.144,1.027,0.97,4.01,1287.4
713,kl,samrac,7,25-Jul,NA,NA,196.1,2.126,1.138,1.999,3.77,1031
958,kl,samrac,8,25-Jul,NA,NA,223.7,2.261,2.078,2.694,4.75,NA
959,kl,samrac,9,25-Jul,NA,NA,211,2.237,2.134,2.128,4.09,NA
949,kl,samrac,10,25-Jul,NA,NA,218,2.964,2.145,NA,4.61,NA
831,kl,shecan,1,29-Jul,NA,NA,148.5,1.45,NA,NA,1.91,1007.9
835,kl,shecan,2,29-Jul,NA,NA,200.4,3.187,NA,NA,2.67,1445.9
841,kl,shecan,3,29-Jul,NA,NA,224.5,3.704,2.646,NA,3.07,1626.7
732,kl,shecan,4,26-Jul,NA,NA,171.2,1.904,1.25,1.185,2.53,1366
733,kl,shecan,4,26-Jul,NA,NA,171.2,1.904,1.25,1.185,2.53,1476.6
734,kl,shecan,4,29-Jul,NA,NA,168.5,3.679,NA,NA,2.43,1366
735,kl,shecan,4,29-Jul,NA,NA,168.5,3.679,NA,NA,2.43,1476.6
752,kl,shecan,5,26-Jul,NA,NA,218.9,3.985,NA,NA,2.44,1318.1
647,kl,shecan,6,24-Jul,NA,NA,159.3,1.401,2.031,2.819,3.07,1490.7
656,kl,shecan,7,24-Jul,NA,NA,163.2,2.391,1.753,1.825,2.71,1291.3
668,kl,shecan,8,24-Jul,NA,NA,204.2,4.577,NA,NA,3.7,1733.7
744,kl,shecan,9,26-Jul,NA,NA,237.2,5.292,NA,NA,1.67,927.4
736,kl,sorsco,1,26-Jul,NA,NA,175.6,1.612,NA,NA,2.43,1358.6
737,kl,sorsco,1,26-Jul,NA,NA,175.6,1.612,NA,NA,2.43,1403.2
739,kl,sorsco,2,26-Jul,NA,NA,382.2,2.8,NA,NA,2.98,1597.8
750,kl,sorsco,3,26-Jul,NA,NA,212.5,1.456,1.168,0.798,3.17,1644.2
760,kl,sorsco,4,26-Jul,10,8,NA,3.71,NA,NA,2.8,1416.4
775,kl,sorsco,5,26-Jul,NA,NA,250.7,2.502,NA,NA,2.47,1242
878,kl,sorsco,6,25-Jul,NA,NA,207.8,2.564,NA,NA,2.99,NA
982,kl,sorsco,7,25-Jul,NA,NA,272.2,2.247,2.322,2.354,3.47,NA
711,kl,sorsco,8,25-Jul,NA,NA,479.5,4.465,3.745,1.245,3.33,1546.3
723,kl,sorsco,9,25-Jul,NA,NA,337.4,2.591,NA,NA,3.11,1552.5
747,kl,sorsco,10,26-Jul,NA,NA,547.9,2.624,NA,NA,3.23,1854.9
997,kl,sorsco,NA,NA,NA,NA,NA,NA,NA,NA,NA,1607
663,kl,spibet,3,24-Jul,NA,NA,57.6,0.443,NA,NA,1.5,742.2
679,kl,spibet,4,24-Jul,NA,NA,40.4,0.316,NA,NA,0.72,352.4
694,kl,spibet,5,25-Jul,NA,NA,71.7,0.577,NA,NA,2.01,1012.5
696,kl,spibet,6,25-Jul,NA,NA,54.3,0.356,NA,NA,1.11,486
700,kl,spibet,7,25-Jul,NA,NA,57.7,0.335,1.229,NA,0.99,450.9
730,kl,spibet,8,26-Jul,NA,NA,65.5,0.398,NA,NA,1.05,559
740,kl,spibet,9,26-Jul,NA,NA,55.3,0.292,NA,NA,0.72,309.2
746,kl,spibet,10,26-Jul,NA,NA,70.2,0.51,NA,NA,1.11,633.5
762,kl,spibet,11,26-Jul,NA,NA,75.6,4.71,NA,NA,1.21,633.8
791,kl,spibet,12,28-Jul,NA,NA,62.8,0.33,NA,NA,0.97,536.2
830,kl,symalb,1,29-Jul,NA,NA,143.1,1.003,0.917,0.985,1.28,828.9
770,kl,symalb,2,29-Jul,NA,NA,166.5,1.036,1.069,NA,1.82,778.3
771,kl,symalb,2,29-Jul,NA,NA,166.5,1.036,1.069,NA,1.82,1130
772,kl,symalb,2,26-Jul,NA,NA,121.5,0.837,NA,NA,1.48,778.3
773,kl,symalb,2,26-Jul,NA,NA,121.5,0.837,NA,NA,1.48,1130
783,kl,symalb,3,26-Jul,NA,NA,66.6,0.6,NA,NA,2.61,1520.7
651,kl,symalb,7,24-Jul,NA,NA,75.6,0.566,NA,NA,2.26,1345.8
654,kl,symalb,8,24-Jul,NA,NA,136,1.033,NA,NA,2.1,1070.8
665,kl,symalb,9,24-Jul,NA,NA,91.1,0.842,NA,NA,2.75,1539.7
751,kl,symalb,10,26-Jul,NA,NA,128.3,0.961,0.93,NA,1.05,723.5
755,kl,symalb,11,26-Jul,NA,NA,82.4,0.666,NA,NA,1.21,816.7
822,kl,symalb,12,28-Jul,NA,NA,79.2,0.411,NA,NA,1.59,985.6
689,kl,vacmem,1,25-Jul,NA,NA,65.7,1.187,NA,NA,1.44,829.23
697,kl,vacmem,2,25-Jul,NA,NA,91.5,1.558,NA,NA,1.82,996.5
699,kl,vacmem,3,25-Jul,NA,NA,91.1,1.387,NA,NA,2.67,1427.8
703,kl,vacmem,4,25-Jul,NA,NA,80.1,1.102,NA,NA,2.77,1609.4
718,kl,vacmem,5,25-Jul,NA,NA,78.6,0.764,NA,NA,1.76,977.6
721,kl,vacmem,6,25-Jul,NA,NA,80.4,1.087,NA,NA,1.82,1068.4
724,kl,vacmem,7,25-Jul,NA,NA,75,1.143,NA,NA,1.65,954.9
727,kl,vacmem,8,25-Jul,NA,NA,65.2,1.336,NA,NA,2.03,1196.5
922,kl,vacmem,9,25-Jul,NA,NA,73.4,1.148,NA,NA,NA,NA
728,kl,vacmem,10,25-Jul,NA,NA,61,0.777,NA,NA,2.56,1467.1
863,kl,vacmem,11,30-Jul,NA,NA,42,0.625,NA,NA,2.22,1297.9
767,kl,vibedu,1,26-Jul,NA,NA,190.5,1.594,NA,NA,2.82,1405.2
776,kl,vibedu,2,26-Jul,NA,NA,66.2,0.609,0.406,NA,1.58,710.3
777,kl,vibedu,3,26-Jul,NA,NA,161,1.466,1.157,NA,2.67,931.1
692,kl,vibedu,4,25-Jul,NA,NA,181.6,1.55,1.191,NA,2.18,896.9
695,kl,vibedu,5,25-Jul,NA,NA,136.4,1.704,1.07,NA,2.11,822.5
705,kl,vibedu,6,25-Jul,NA,NA,139.9,0.888,1.253,NA,1.83,987
714,kl,vibedu,7,25-Jul,NA,NA,168,2.137,NA,NA,2.7,1331.4
716,kl,vibedu,8,25-Jul,NA,NA,183.1,1.484,1.698,1.513,0.76,1051.9
720,kl,vibedu,9,25-Jul,NA,NA,310,1.599,1.191,NA,2.09,1019.1
726,kl,vibedu,10,25-Jul,NA,NA,223.3,2.912,NA,NA,2.09,940.5
399,mp,acegla,1,25-Jun,NA,NA,554.4,2.778,5.005,1.585,2.86,1560.8
400,mp,acegla,2,25-Jun,NA,NA,267.6,1.126,NA,NA,2.98,1350.7
456,mp,acegla,3,26-Jun,NA,NA,638.8,3.3,3.4,2.1,3.04,1597.2
457,mp,acegla,4,26-Jun,NA,NA,336.1,1.959,1.595,1.44,4.11,1717.7
458,mp,acegla,5,26-Jun,6,5,NA,6.2,3.5,3,3.6,1783.8
334,mp,acegla,7,23-Jun,7,5,NA,4.482,7.672,7.287,3.12,1601.4
335,mp,acegla,8,23-Jun,7,5,NA,3.5,NA,NA,2.39,1308.2
336,mp,acegla,9,23-Jun,6,5,NA,3.3,NA,NA,2.98,1466.7
337,mp,acegla,10,23-Jun,7,5,NA,4.7,3.7,NA,3.13,1627.4
338,mp,acegla,10,23-Jun,7,5,NA,4.7,3.7,NA,3.13,1416.2
339,mp,acegla,10,26-Jun,7,6,NA,8.2,8.5,11.5,2.89,1627.4
340,mp,acegla,10,26-Jun,7,6,NA,8.2,8.5,11.5,2.89,1416.2
401,mp,acegla,11,25-Jun,NA,NA,354.3,2.016,NA,NA,2.71,1378.1
402,mp,acegla,11,25-Jun,NA,NA,354.3,2.016,NA,NA,2.71,1591.7
341,mp,alninc,1,23-Jun,4,2,NA,3,4,3.5,2.75,996
459,mp,alninc,2,26-Jun,NA,NA,314.5,2.6,3,NA,3.6,1373.3
342,mp,alninc,3,23-Jun,6,3,NA,5,5.4,6.1,3.58,1452.7
460,mp,alninc,4,26-Jun,6,5,NA,8.1,6.4,NA,3.72,1556.9
271,mp,alninc,5,22-Jun,NA,NA,447.4,4,NA,NA,3.04,1250.4
343,mp,alninc,6,23-Jun,5,4,NA,5.9,4.8,2.4,3.28,1184.5
344,mp,alninc,7,23-Jun,7,5,NA,5.3,5.8,4,3.37,1193
345,mp,alninc,8,23-Jun,6,NA,NA,7.4,5.1,3.4,3.56,1444.2
272,mp,alninc,9,22-Jun,NA,NA,464.8,2.7,NA,NA,3.8,1570.6
273,mp,alninc,10,22-Jun,9,7,NA,6.8,5.9,8.5,3.54,1522.9
274,mp,alnrub,5,22-Jun,12,9,NA,25.7,NA,NA,3.62,1438.7
275,mp,alnrub,6,22-Jun,5,4,NA,5.3,NA,NA,4.21,1746.5
276,mp,alnrub,7,22-Jun,8,5,NA,8,NA,NA,3.5,1481
403,mp,alnvir,1,25-Jun,NA,NA,338.6,1.7,1.7,2,3.71,1741.8
404,mp,alnvir,2,25-Jun,NA,NA,491.1,3.7,3.1,3.3,3.61,1704.8
405,mp,alnvir,3,25-Jun,NA,NA,252.4,2.4,2.5,2,3.75,1597.1
461,mp,alnvir,4,26-Jun,NA,NA,474,9.1,NA,NA,3.59,1726.1
462,mp,alnvir,5,26-Jun,NA,NA,377.6,3,2.1,1.7,3.25,1449.6
277,mp,alnvir,6,22-Jun,8,7,NA,6.5,NA,NA,3.41,1478.3
278,mp,alnvir,7,22-Jun,NA,NA,513.8,6,5.2,5.1,4.56,2355.8
279,mp,alnvir,8,22-Jun,NA,NA,285.1,1.321,NA,NA,3.19,1432.9
406,mp,alnvir,9,25-Jun,NA,NA,336.4,2.743,7.978,NA,3.36,1586.5
978,mp,alnvir,10,26-Jun,NA,NA,663.8,7.2,10.6,9.6,3.4,NA
346,mp,amealn,1,23-Jun,NA,NA,142.6,1.308,1.324,1.721,2.98,1424.6
407,mp,amealn,2,25-Jun,NA,NA,45.8,1.374,1.529,1.738,3.12,1869.2
347,mp,amealn,3,23-Jun,NA,NA,282.6,1.917,2.21,NA,2.72,1685.1
348,mp,amealn,4,23-Jun,NA,NA,192.1,1.416,1.342,0.965,2.63,1287.1
408,mp,amealn,5,25-Jun,NA,NA,198.2,1.776,NA,NA,2.8,1500
409,mp,amealn,6,25-Jun,NA,NA,280.3,2.205,3.361,2.652,3.37,1972.05
872,mp,amealn,7,25-Jun,NA,NA,228.9,2.524,3.555,2.519,2.65,NA
984,mp,amealn,8,23-Jun,NA,NA,246.4,1.915,1.953,1.72,2.91,NA
931,mp,amealn,9,23-Jun,NA,NA,224.8,3.767,2.676,3.091,2.61,NA
349,mp,amealn,10,23-Jun,NA,NA,297.4,3.107,NA,NA,2.85,1551.27
410,mp,amealn,11,25-Jun,NA,NA,441.4,2.4,2.6,2.7,3.29,1528.6
280,mp,amealn,12,22-Jun,NA,NA,406.8,3.4,NA,NA,2.75,1586.1
350,mp,corsto,1,23-Jun,NA,NA,186.4,0.833,NA,NA,2.28,766.9
463,mp,corsto,2,26-Jun,NA,NA,384.6,1.442,0.91,1.092,3.01,1337
464,mp,corsto,3,26-Jun,NA,NA,297.1,3.665,NA,NA,3.27,1233.8
351,mp,corsto,5,23-Jun,NA,NA,371.3,2.717,NA,NA,2.93,1505
281,mp,corsto,6,22-Jun,NA,NA,273.6,1.77,NA,NA,3.57,1540.6
282,mp,corsto,7,22-Jun,NA,NA,231.1,1.129,NA,NA,2.7,877
283,mp,corsto,8,22-Jun,NA,NA,111.7,1.987,NA,NA,3.12,1332.1
284,mp,corsto,9,22-Jun,NA,NA,202.3,2.021,NA,NA,2.84,1359
285,mp,corsto,10,22-Jun,NA,NA,347.8,1.574,1.605,1.762,3.24,1494.8
411,mp,corsto,20,25-Jun,NA,NA,424.8,3.336,1.879,NA,2.97,1221.5
993,mp,loninv,2,NA,NA,NA,NA,NA,NA,NA,NA,866.4
352,mp,loninv,3,23-Jun,NA,NA,147.6,1.643,NA,NA,2.53,785.9
353,mp,loninv,3,23-Jun,NA,NA,147.6,1.643,NA,NA,2.53,981.6
412,mp,loninv,4,25-Jun,NA,NA,164.6,1.421,1.308,NA,2.91,1052.9
413,mp,loninv,5,25-Jun,NA,NA,119.3,1.285,NA,NA,2.46,990.6
414,mp,loninv,6,25-Jun,NA,NA,99.7,1.17,1.262,1.044,3.18,1495.1
415,mp,loninv,7,25-Jun,NA,NA,228.1,0.961,NA,NA,2.86,1261.3
416,mp,loninv,8,25-Jun,NA,NA,105.2,0.918,0.83,1.072,3.05,1190.9
417,mp,loninv,8,25-Jun,NA,NA,105.2,0.918,0.83,1.072,3.05,1006.6
354,mp,loninv,9,23-Jun,NA,NA,160,2.275,NA,NA,2.3,921.4
355,mp,loninv,10,23-Jun,NA,NA,111.1,0.655,NA,NA,2.01,856.4
465,mp,loninv,11,26-Jun,NA,NA,241.6,1.834,NA,NA,3.4,1261.5
466,mp,loninv,12,26-Jun,NA,NA,288.1,1.431,NA,NA,2.52,1045.4
467,mp,loninv,13,26-Jun,NA,NA,170.7,1.214,NA,NA,1.96,789
286,mp,menfer,1,22-Jun,NA,NA,159.3,1.383,NA,NA,1.41,575.8
468,mp,menfer,2,26-Jun,NA,NA,166.9,1.77,1.768,1.593,2.58,1269.6
356,mp,menfer,4,23-Jun,NA,NA,109.7,2.753,1.886,1.882,2.5,1014.5
469,mp,menfer,5,26-Jun,NA,NA,89.3,0.888,NA,NA,3.25,1395.6
470,mp,menfer,6,26-Jun,NA,NA,119.2,1.367,1.451,1.357,2.57,1171
471,mp,menfer,7,26-Jun,NA,NA,204.9,2.154,1.363,1.866,3.61,1469.6
287,mp,menfer,8,22-Jun,NA,NA,224.8,1.73,NA,NA,1.89,816.8
288,mp,menfer,9,22-Jun,NA,NA,154.7,1.393,NA,NA,1.62,699.9
289,mp,menfer,10,23-Jun,NA,NA,196.3,1.674,NA,NA,2.92,1130.9
290,mp,menfer,10,23-Jun,NA,NA,196.3,1.674,NA,NA,2.92,485.1
291,mp,menfer,10,22-Jun,NA,NA,182.3,1.399,NA,NA,1.34,1130.9
292,mp,menfer,10,22-Jun,NA,NA,182.3,1.399,NA,NA,1.34,485.1
418,mp,menfer,12,25-Jun,NA,NA,280.2,2.475,1.811,1.853,3.09,1419.5
357,mp,popbal,6,23-Jun,20,16,NA,23.7,NA,NA,3.31,1464.1
989,mp,popbal,7,23-Jun,31,24,NA,28.2,27.9,28.9,3.52,NA
472,mp,popbal,8,26-Jun,21,15,NA,42.2,34.1,NA,3.73,1894.1
473,mp,popbal,9,26-Jun,20,13,NA,46.6,NA,NA,4.11,2052.3
474,mp,popbal,10,26-Jun,22,14,NA,37.8,NA,NA,3.79,1797.4
475,mp,popbal,10,26-Jun,22,14,NA,37.8,NA,NA,3.79,1743.4
293,mp,popbal,11,22-Jun,21,13,NA,39.4,NA,NA,3.75,1809.3
419,mp,popbal,12,25-Jun,31,25,NA,52.9,NA,NA,3.08,1290
476,mp,popbal,13,26-Jun,44,29,NA,91.9,NA,NA,4.7,2345.5
477,mp,popbal,14,26-Jun,37,20,NA,54.9,NA,NA,4.4,2199.9
478,mp,popbal,15,26-Jun,27,17,NA,22,NA,NA,4.24,1987.6
358,mp,poptre,5,23-Jun,10,7,NA,15.5,NA,NA,4.05,2050.24
359,mp,poptre,6,23-Jun,5,3,NA,4.7,NA,NA,3.76,1568.52
360,mp,poptre,7,25-Jun,17,9,NA,9.4,23.6,21,3.73,1883.81
361,mp,poptre,7,23-Jun,13,10,NA,10.5,NA,NA,3.59,1883.81
420,mp,poptre,8,25-Jun,15,8,NA,20,NA,NA,3.63,1986.39
421,mp,poptre,9,25-Jun,7,6,NA,6.6,NA,NA,3.74,1813.82
422,mp,poptre,10,25-Jun,14,10,NA,14,NA,NA,4.43,1960.5
362,mp,poptre,11,23-Jun,6,3,NA,4.6,NA,NA,3.85,1933.8
423,mp,poptre,12,25-Jun,20,16,NA,23.5,25.6,NA,3.55,1702.7
424,mp,poptre,13,25-Jun,10,8,NA,13.4,NA,NA,4.15,1914.4
1000,mp,poptre,6_2nd,NA,NA,NA,NA,NA,NA,NA,NA,1713.61
479,mp,rhoalb,1,26-Jun,NA,NA,114.5,1.291,1.328,1.079,3.55,1346.5
363,mp,rhoalb,2,23-Jun,NA,NA,95.5,0.943,0.977,0.545,3.12,1120
364,mp,rhoalb,3,23-Jun,NA,NA,188.6,1.487,NA,NA,2.54,773.3
365,mp,rhoalb,4,23-Jun,NA,NA,172,1.53,NA,NA,3.93,1473.8
366,mp,rhoalb,5,23-Jun,NA,NA,168.6,1.204,NA,NA,2.34,781.6
294,mp,rhoalb,8,22-Jun,NA,NA,225.3,2.074,2.23,1.48,3.13,949.7
295,mp,rhoalb,9,22-Jun,NA,NA,144.1,1.339,NA,NA,3.62,1179.7
296,mp,rhoalb,10,22-Jun,NA,NA,149.2,1.128,NA,NA,3.08,994
480,mp,rhoalb,11,26-Jun,NA,NA,150.6,2.873,1.675,2.495,3.8,1271.7
481,mp,rhoalb,12,26-Jun,NA,NA,190.5,1.171,2.133,1.531,3.27,1040.4
425,mp,riblac,1,25-Jun,NA,NA,92.4,0.715,NA,NA,2.73,1463
297,mp,riblac,2,22-Jun,NA,NA,74.5,0.563,NA,NA,3.04,1512.9
426,mp,riblac,3,25-Jun,NA,NA,117.7,0.839,NA,NA,2.44,1445.4
427,mp,riblac,4,25-Jun,NA,NA,127.5,1.086,NA,NA,2.17,1367
482,mp,riblac,5,26-Jun,NA,NA,183,0.772,NA,NA,2.14,1156.4
428,mp,riblac,6,25-Jun,NA,NA,179,0.879,NA,NA,1.78,997.1
367,mp,riblac,7,23-Jun,NA,NA,76.8,0.633,NA,NA,1.85,1107.5
429,mp,riblac,8,25-Jun,NA,NA,95.5,0.572,NA,NA,2.12,1140.7
368,mp,riblac,10,23-Jun,NA,NA,93,0.76,NA,NA,3.9,19736
298,mp,riblac,11,22-Jun,NA,NA,104.1,0.784,NA,NA,1.66,895.6
430,mp,rosaci,1,25-Jun,NA,NA,76.1,0.743,NA,NA,3.62,1803.5
299,mp,rosaci,2,22-Jun,NA,NA,52.6,0.668,NA,NA,3.51,1833.7
431,mp,rosaci,3,25-Jun,NA,NA,86.9,0.665,NA,NA,2.72,1441.9
300,mp,rosaci,4,22-Jun,NA,NA,88.3,0.43,NA,NA,1.87,998.2
301,mp,rosaci,5,22-Jun,NA,NA,106.1,0.879,NA,NA,1.39,706.2
302,mp,rosaci,6,22-Jun,NA,NA,85.4,0.854,NA,NA,1.75,947.8
369,mp,rosaci,7,23-Jun,NA,NA,103.2,0.868,NA,NA,2.49,1155.1
370,mp,rosaci,8,23-Jun,NA,NA,113.1,1.228,NA,NA,3.61,1669.9
371,mp,rosaci,9,23-Jun,NA,NA,129.4,0.915,NA,NA,4.06,2136.9
432,mp,rosaci,10,25-Jun,NA,NA,186.6,11.2,NA,NA,3.09,1424.1
303,mp,rosgym,1,22-Jun,NA,NA,147.4,0.754,NA,NA,1.2,600.4
304,mp,rosgym,2,22-Jun,NA,NA,124.3,0.853,NA,NA,1.1,1603
433,mp,rosgym,3,25-Jun,NA,NA,75.5,1.285,NA,NA,1.75,799.2
483,mp,rosgym,4,26-Jun,NA,NA,110.6,0.694,NA,NA,1.83,884.2
484,mp,rosgym,5,26-Jun,NA,NA,106.4,0.601,NA,NA,2.11,1106.1
485,mp,rosgym,6,26-Jun,NA,NA,145.3,9.7,NA,NA,1.56,844.8
486,mp,rosgym,7,26-Jun,NA,NA,170.6,0.718,0.759,0.565,1.11,580.6
487,mp,rosgym,8,26-Jun,NA,NA,158,0.783,NA,NA,2.52,1189.2
488,mp,rosgym,9,26-Jun,NA,NA,129.8,0.603,NA,NA,1.86,913.8
305,mp,rosgym,10,22-Jun,NA,NA,146,0.917,0.653,NA,3.03,448.4
372,mp,rubpar,1,23-Jun,NA,NA,87.4,0.544,NA,NA,2.03,549.5
434,mp,rubpar,2,25-Jun,NA,NA,101.5,8.28,NA,NA,2.91,774.1
373,mp,rubpar,3,23-Jun,NA,NA,60.7,0.474,NA,NA,2.08,396.1
374,mp,rubpar,4,23-Jun,NA,NA,71.2,0.638,NA,NA,1.83,499.5
375,mp,rubpar,5,23-Jun,NA,NA,64.3,0.697,NA,NA,2.45,874.1
489,mp,rubpar,6,26-Jun,NA,NA,168.7,1.374,NA,NA,3.32,1031.7
306,mp,rubpar,7,26-Jun,NA,NA,121.8,0.818,NA,NA,2.13,735.4
307,mp,rubpar,7,26-Jun,NA,NA,121.8,0.818,NA,NA,2.13,656.4
308,mp,rubpar,7,22-Jun,NA,NA,68.9,0.572,NA,NA,2.37,735.4
309,mp,rubpar,7,22-Jun,NA,NA,68.9,0.572,NA,NA,2.37,656.4
490,mp,rubpar,8,26-Jun,NA,NA,94.7,0.572,NA,NA,2.89,920.6
310,mp,rubpar,9,22-Jun,NA,NA,110,0.687,NA,NA,2.8,697.2
311,mp,rubpar,10,22-Jun,NA,NA,97.1,0.661,NA,NA,2.46,664.2
491,mp,rubspe,1,26-Jun,NA,NA,137.1,0.875,NA,NA,2.42,819.3
435,mp,rubspe,3,25-Jun,NA,NA,123.1,1.008,NA,NA,2.36,703.7
436,mp,rubspe,4,25-Jun,NA,NA,109.8,0.694,NA,NA,2.59,875
437,mp,rubspe,5,25-Jun,NA,NA,166.2,1.192,NA,NA,2.9,319.3
438,mp,rubspe,6,25-Jun,NA,NA,102.1,0.866,NA,NA,2.78,422.4
439,mp,rubspe,8,25-Jun,NA,NA,212.1,1.025,NA,NA,2.29,589.9
492,mp,rubspe,9,26-Jun,NA,NA,120.1,0.805,NA,NA,2.77,992.4
493,mp,rubspe,10,26-Jun,NA,NA,179.9,1.128,NA,NA,2.59,6605
494,mp,rubspe,11,26-Jun,NA,NA,106.4,0.579,NA,NA,2.6,896.7
495,mp,rubspe,12,26-Jun,NA,NA,200.2,1.226,NA,NA,3.16,1010.5
496,mp,rubspe,13,26-Jun,NA,NA,153,0.877,NA,NA,2.75,785.8
497,mp,rubspe,14,26-Jun,NA,NA,190.2,1.313,1.418,NA,1.84,904.4
440,mp,samrac,1,25-Jun,NA,NA,220.6,4.866,NA,NA,4.13,1440.6
441,mp,samrac,2,25-Jun,NA,NA,177.6,3.977,1.992,3.29,3.54,623.1
498,mp,samrac,3,26-Jun,NA,NA,310,2.866,NA,NA,3.6,811.8
499,mp,samrac,4,26-Jun,NA,NA,441,2.597,NA,NA,2.41,533.1
500,mp,samrac,5,26-Jun,NA,NA,525.3,8.2,6.3,NA,2.8,574.3
442,mp,samrac,6,25-Jun,NA,NA,111.1,1.027,1.68,1.695,4.47,851.9
376,mp,samrac,7,23-Jun,NA,NA,284.6,2.208,NA,NA,3.5,809.4
501,mp,samrac,8,26-Jun,NA,NA,264,1.45,0.942,0.554,3.09,826.1
502,mp,samrac,9,26-Jun,NA,NA,286.7,2.349,NA,NA,3.06,665.3
503,mp,samrac,10,26-Jun,NA,NA,332.2,1.625,1.63,2.083,3.62,453.7
504,mp,samrac,11,26-Jun,NA,NA,384.1,1.993,1.6,1.597,2.72,473.1
377,mp,shecan,2,23-Jun,NA,NA,136,2.271,1.192,1.427,2.6,1221.3
312,mp,shecan,3,22-Jun,NA,NA,317,2.86,NA,NA,3.87,2080.4
313,mp,shecan,4,22-Jun,NA,NA,109.5,0.879,0.801,1.029,3.33,1494.5
378,mp,shecan,5,23-Jun,NA,NA,152.6,3.899,NA,NA,3.44,1721.3
379,mp,shecan,6,23-Jun,NA,NA,150.3,1.374,1.122,1.033,2.61,1192.5
380,mp,shecan,7,23-Jun,NA,NA,159.3,2.479,2,1.823,3.44,1720
443,mp,shecan,8,25-Jun,NA,NA,80,1.923,NA,NA,4.27,2408.9
444,mp,shecan,9,25-Jun,NA,NA,138.2,1.958,NA,NA,3.77,1774.7
314,mp,shecan,10,22-Jun,NA,NA,123.4,1.894,NA,NA,3.62,1897.4
505,mp,shecan,11,26-Jun,NA,NA,139,0.977,0.944,0.443,4.1,1952.7
381,mp,sorsco,1,23-Jun,NA,NA,195.4,2.027,1.705,1.72,2.86,1249.4
445,mp,sorsco,3,25-Jun,NA,NA,123.2,2.04,1.33,1.297,2.22,1095
446,mp,sorsco,4,25-Jun,NA,NA,190.8,2.062,NA,NA,4.01,1632.6
506,mp,sorsco,8,26-Jun,NA,NA,325.6,2,2.9,NA,4,1470.4
507,mp,sorsco,10,26-Jun,NA,NA,256.8,3.132,3.178,2.553,3.19,1591.3
868,mp,sorsco,11,25-Jun,3,5,NA,6.1,NA,NA,4.51,NA
447,mp,sorsco,12,25-Jun,NA,NA,255,2.635,3.419,2.95,3.76,1924.7
448,mp,sorsco,12,26-Jun,NA,NA,401.1,3,2.1,NA,4.02,1924.7
508,mp,sorsco,13,26-Jun,NA,NA,363.3,3.3,NA,NA,2.8,1238.4
509,mp,sorsco,14,26-Jun,NA,NA,177.2,1.892,NA,NA,2.92,1300.4
1010,mp,sorsco,11_A,NA,NA,NA,NA,NA,NA,NA,NA,1527.6
991,mp,sorsco,11_b,NA,NA,NA,NA,NA,NA,NA,NA,1929.6
449,mp,spibet,1,25-Jun,NA,NA,26.1,0.319,NA,NA,0.78,344.6
382,mp,spibet,2,23-Jun,NA,NA,49.4,0.328,NA,NA,0.66,288
450,mp,spibet,3,25-Jun,NA,NA,57,0.343,NA,NA,0.88,338.9
383,mp,spibet,4,23-Jun,NA,NA,45,0.341,NA,NA,0.95,445.9
384,mp,spibet,5,23-Jun,NA,NA,67.5,0.3,NA,NA,0.76,252.3
385,mp,spibet,6,23-Jun,NA,NA,42.1,0.286,NA,NA,0.63,279.9
386,mp,spibet,7,23-Jun,NA,NA,67.1,0.476,NA,NA,0.81,289.2
315,mp,spibet,8,22-Jun,NA,NA,60.8,0.332,NA,NA,1.21,424.2
316,mp,spibet,9,22-Jun,NA,NA,63.6,0.36,NA,NA,1.21,463.2
387,mp,spibet,10,23-Jun,NA,NA,42.9,0.428,NA,NA,0.84,352.7
317,mp,spidou,1,22-Jun,NA,NA,109.4,0.788,NA,NA,3.09,1548.7
318,mp,spidou,2,22-Jun,NA,NA,109.1,0.652,NA,NA,1.63,656.6
319,mp,spidou,3,22-Jun,NA,NA,119,0.682,NA,NA,2.74,1550.1
320,mp,spipyr,1,22-Jun,NA,NA,132.1,0.735,NA,NA,1.98,538.5
321,mp,spipyr,2,22-Jun,NA,NA,85.2,0.511,NA,NA,1.36,606.8
322,mp,spipyr,3,22-Jun,NA,NA,36.5,0.774,NA,NA,2.78,1384.4
323,mp,spipyr,4,22-Jun,NA,NA,144.6,0.938,NA,NA,1.39,532.8
324,mp,spipyr,5,22-Jun,NA,NA,99.7,0.616,NA,NA,1.31,657.9
325,mp,spipyr,6,22-Jun,NA,NA,143.8,1.134,NA,NA,2.12,865.3
326,mp,spipyr,7,22-Jun,NA,NA,131.2,1.091,NA,NA,1.3,556.9
327,mp,spipyr,8,22-Jun,NA,NA,125.4,0.848,NA,NA,2.2,805.5
510,mp,spipyr,9,26-Jun,NA,NA,84.9,0.815,NA,NA,2.61,1404.5
511,mp,spipyr,10,26-Jun,NA,NA,120,0.635,NA,NA,3.09,1537.5
388,mp,symalb,1,23-Jun,NA,NA,101.5,0.65,NA,NA,3,1550.1
451,mp,symalb,3,25-Jun,NA,NA,100.3,0.701,NA,NA,2.66,1355.5
512,mp,symalb,4,26-Jun,NA,NA,109.2,0.582,NA,NA,2.31,1331.7
452,mp,symalb,5,25-Jun,NA,NA,78,0.616,NA,NA,2.3,1128.8
389,mp,symalb,6,23-Jun,NA,NA,109.6,0.532,NA,NA,2.21,820.6
453,mp,symalb,7,25-Jun,NA,NA,97.5,0.584,NA,NA,2.76,1562.3
454,mp,symalb,8,25-Jun,NA,NA,146.1,1.114,NA,NA,2.5,1418.8
328,mp,symalb,9,22-Jun,NA,NA,74,0.804,NA,NA,2.37,1414.5
329,mp,symalb,10,22-Jun,NA,NA,77,0.636,NA,NA,2.41,1269.8
513,mp,symalb,11,26-Jun,NA,NA,100.3,0.687,0.778,0.768,1.87,1040.3
514,mp,vacmem,1,26-Jun,NA,NA,101,0.874,NA,NA,2.97,1485.1
390,mp,vacmem,3,23-Jun,NA,NA,102.7,1.202,1.169,NA,2.2,1133.6
391,mp,vacmem,4,23-Jun,NA,NA,108.2,1.297,NA,NA,2.44,1218.3
392,mp,vacmem,5,25-Jun,NA,NA,99.2,0.821,NA,NA,3.62,1913.8
393,mp,vacmem,5,23-Jun,NA,NA,82.5,0.737,NA,NA,3.35,1913.8
1013,mp,vacmem,6,NA,NA,NA,NA,NA,NA,NA,NA,852.2
455,mp,vacmem,7,25-Jun,NA,NA,113.3,0.952,NA,NA,2.73,1385.9
515,mp,vacmem,8,26-Jun,NA,NA,106.9,1.771,NA,NA,3.46,1853.5
516,mp,vacmem,8,26-Jun,NA,NA,70.1,0.662,NA,NA,3.46,1853.5
394,mp,vacmem,9,23-Jun,NA,NA,53,0.417,NA,NA,1.38,654.5
330,mp,vacmem,11,22-Jun,NA,NA,86.5,0.869,NA,NA,2.61,1188.2
395,mp,vacmem,12,23-Jun,NA,NA,83.9,0.714,NA,NA,3.71,2093.7
994,mp,vacmem,5_02,NA,NA,NA,NA,NA,NA,NA,NA,1731.6
396,mp,vibedu,2,23-Jun,NA,NA,232.6,1.22,NA,NA,2.52,1004.6
397,mp,vibedu,4,23-Jun,NA,NA,161.5,10.5,NA,NA,3.02,1302.9
517,mp,vibedu,5,26-Jun,NA,NA,431,3.931,NA,NA,2.99,1353
331,mp,vibedu,7,22-Jun,NA,NA,217.2,1.75,NA,NA,3.79,1539.2
518,mp,vibedu,8,26-Jun,NA,NA,172.3,1.086,NA,NA,3.56,1515.8
332,mp,vibedu,9,22-Jun,NA,NA,133.1,0.879,NA,NA,4.34,1823.3
333,mp,vibedu,10,22-Jun,NA,NA,260.4,1.248,NA,NA,3,1260.5
398,mp,vibedu,12,23-Jun,NA,NA,146.1,1.087,NA,NA,1.8,598.2
519,mp,vibedu,13,26-Jun,NA,NA,256.1,1.306,NA,NA,3.07,10872
520,mp,vibedu,14,26-Jun,NA,NA,261,1.183,2.084,NA,2.19,999.1
23,sm,acegla,2,30-May,10,7,NA,0.524,NA,NA,NA,2745.6
128,sm,acegla,3,04-Jun,7,6,NA,16.1,9.7,12.6,3,1386.7
68,sm,acegla,7,01-Jun,10,5,NA,7.1,NA,NA,NA,1650.3
69,sm,acegla,8,01-Jun,14,7,NA,1.26,NA,NA,NA,1158.9
1,sm,acegla,9,29-May,11,13,NA,5,NA,NA,NA,4538.9
2,sm,acegla,10,29-May,11,12,NA,24,29.9,14.9,NA,2287.5
24,sm,acegla,11,30-May,7,6,NA,2.2,NA,NA,NA,2233.5
70,sm,acegla,13,01-Jun,11,8,NA,13.6,10.6,4.5,NA,1808.8
71,sm,acegla,14,01-Jun,9,7,NA,0.65,NA,NA,NA,2267
72,sm,acegla,15,01-Jun,16,12,NA,9.9,NA,NA,NA,1921
73,sm,alninc,1,01-Jun,9,8,NA,6.1,NA,NA,NA,920.2
74,sm,alninc,1,01-Jun,9,8,NA,6.1,NA,NA,NA,2210.2
75,sm,alninc,1,03-Jun,8,6,NA,7.5,NA,NA,2.13,920.2
76,sm,alninc,1,03-Jun,8,6,NA,7.5,NA,NA,2.13,2210.2
77,sm,alninc,2,01-Jun,9,7,NA,8.5,NA,NA,NA,2328.9
78,sm,alninc,3,01-Jun,7,6,NA,6.4,NA,NA,NA,2297.8
79,sm,alninc,4,01-Jun,10,7,NA,6.2,NA,NA,NA,2387.2
80,sm,alninc,5,01-Jun,12,8,NA,7.3,8.3,3.4,NA,1964.7
904,sm,alninc,8,30-May,9,6,NA,26.9,15.7,11.9,NA,NA
159,sm,alninc,19,05-Jun,7,3,NA,7.5,6.5,5.3,5.82,2529.8
160,sm,alninc,20,05-Jun,11,7,NA,10.9,7.3,6.5,5.46,2187
25,sm,alnvir,1,03-Jun,6,5,NA,6.4,3.7,2.4,2.55,1128.2
26,sm,alnvir,1,03-Jun,6,5,NA,6.4,3.7,2.4,2.55,1506.7
27,sm,alnvir,1,30-May,11,8,NA,26.4,22.2,24.1,NA,1128.2
28,sm,alnvir,1,30-May,11,8,NA,26.4,22.2,24.1,NA,1506.7
102,sm,alnvir,2,03-Jun,7,6,NA,4.5,3.1,3.1,3.25,1640.9
103,sm,alnvir,2,03-Jun,NA,NA,4.13,2.1,2.4,2,2.36,1640.9
129,sm,alnvir,6,04-Jun,NA,NA,296.3,1.221,1.234,1.123,2.51,1024.4
29,sm,alnvir,7,30-May,10,7,NA,26.7,16.8,8.3,NA,1390.3
3,sm,alnvir,8,29-May,6,7,NA,3.5,4.1,3.5,NA,771.2
104,sm,alnvir,9,03-Jun,5,4.18,NA,5.8,5.3,6.9,2.55,1153.4
105,sm,alnvir,10,03-Jun,NA,NA,5.22,5,5.7,6.2,2.63,1245.1
911,sm,alnvir,16,05-Jun,NA,NA,407.9,3.8,3.2,3,2.51,NA
161,sm,alnvir,17,05-Jun,5,2,NA,3.7,3.4,3,2.34,1154.5
162,sm,alnvir,18,05-Jun,NA,NA,445.2,3.1,3.5,3.6,2.8,1257.9
130,sm,alnvir,19,04-Jun,NA,NA,331.7,3.445,3.62,2.934,2.35,1164.6
131,sm,alnvir,20,04-Jun,7,7,NA,6.5,5.9,5.4,2.83,1339.5
1008,sm,alnvir,2_02,NA,NA,NA,NA,NA,NA,NA,NA,1216.1
1004,sm,alnvir,8_02,NA,NA,NA,NA,NA,NA,NA,NA,1051.6
46,sm,amealn,1,31-May,9,7,NA,6.7,6.3,8.6,NA,1572.8
4,sm,amealn,2,29-May,NA,NA,293,2.04,NA,NA,NA,1383.6
47,sm,amealn,3,31-May,6,5,NA,3,3,3,NA,741.6
48,sm,amealn,4,31-May,4,3,NA,3.1,NA,NA,NA,1619.2
49,sm,amealn,5,31-May,9,8,NA,3.4,NA,NA,NA,1857.9
50,sm,amealn,6,31-May,12,10,NA,5.1,4.3,4.1,NA,1256.3
51,sm,amealn,7,31-May,4,3,NA,3.3,NA,NA,NA,1429.5
7,sm,amealn,8,29-May,NA,NA,320.2,2.48,NA,NA,NA,1741.3
5,sm,amealn,9,29-May,NA,NA,353.5,2.39,NA,NA,NA,2502.8
6,sm,amealn,10,29-May,NA,NA,215.1,1.66,NA,NA,NA,1965
52,sm,betpap,1,31-May,12,7,NA,19,NA,NA,NA,1421.1
30,sm,betpap,2,30-May,15,10,NA,8.6,NA,NA,NA,2017.8
31,sm,betpap,4,30-May,15,11,NA,16.9,NA,NA,NA,1922.1
81,sm,betpap,5,01-Jun,13,8,NA,12.7,NA,NA,NA,1541
869,sm,betpap,6,01-Jun,14,17,NA,12.9,NA,NA,NA,NA
32,sm,betpap,7,30-May,17,15,NA,27.3,NA,NA,NA,1784.2
33,sm,betpap,7,30-May,17,15,NA,27.3,NA,NA,NA,1695.1
8,sm,betpap,8,29-May,13,17,NA,30.1,NA,NA,NA,2440.2
9,sm,betpap,9,29-May,13,17,NA,21.3,NA,NA,NA,1454.9
10,sm,betpap,10,29-May,14,18,NA,21.9,NA,NA,NA,1910.1
11,sm,betpap,13,29-May,7,9,NA,13.1,NA,NA,NA,2006.9
870,sm,betpap,7_2,01-Jun,15,8,NA,1.92,NA,NA,NA,NA
34,sm,corsto,2,30-May,NA,NA,107.4,0.879,NA,NA,NA,1053.1
35,sm,corsto,3,30-May,NA,NA,150,1.214,NA,NA,NA,984.6
36,sm,corsto,4,30-May,NA,NA,181.7,1.261,NA,NA,NA,1169.4
37,sm,corsto,5,30-May,NA,NA,143,0.873,NA,NA,NA,1809.1
82,sm,corsto,6,01-Jun,NA,NA,191,1.704,NA,NA,NA,763
83,sm,corsto,7,01-Jun,NA,NA,265.5,1.415,NA,NA,NA,2016.6
84,sm,corsto,8,01-Jun,NA,NA,192.5,1.316,NA,NA,NA,605.6
85,sm,corsto,10,01-Jun,NA,NA,226.6,2,NA,NA,NA,600.2
12,sm,corsto,11,29-May,NA,NA,300.2,2.26,NA,NA,NA,1642.1
86,sm,corsto,12,01-Jun,NA,NA,266,2.005,NA,NA,NA,1140.1
87,sm,corsto,13,01-Jun,NA,NA,199.5,1.383,NA,NA,NA,2121.3
88,sm,corsto,14,01-Jun,NA,NA,250.5,1.707,NA,NA,NA,918.8
53,sm,loninv,1,31-May,NA,NA,176.7,1.464,NA,NA,NA,1023.5
54,sm,loninv,2,31-May,NA,NA,142.5,0.902,NA,NA,NA,602.7
89,sm,loninv,3,01-Jun,NA,NA,119.7,0.978,NA,NA,NA,1130.5
106,sm,loninv,4,03-Jun,NA,NA,131.6,1.612,NA,NA,2.23,1027.4
938,sm,loninv,5,04-Jun,NA,NA,221.4,2.573,NA,NA,1.17,NA
13,sm,loninv,6,29-May,NA,NA,215.1,2.01,NA,NA,NA,1008.2
38,sm,loninv,7,30-May,NA,NA,190.2,1.245,NA,NA,NA,924.7
39,sm,loninv,8,30-May,NA,NA,134.2,0.902,NA,NA,NA,1453.4
40,sm,loninv,9,30-May,NA,NA,183.4,1.398,NA,NA,NA,603.1
132,sm,loninv,11,04-Jun,NA,NA,152.1,2.317,NA,NA,1.52,528.8
1012,sm,loninv,2_2,NA,NA,NA,NA,NA,NA,NA,NA,450.2
996,sm,menfer,2,NA,NA,NA,NA,NA,NA,NA,NA,888.5
107,sm,menfer,4,03-Jun,NA,NA,160.3,1.935,1.685,1.637,1.65,676.6
108,sm,menfer,6,03-Jun,NA,NA,189.5,1.233,0.997,0.934,1.92,825.7
109,sm,menfer,7,03-Jun,NA,NA,200.6,1.78,1.255,1.323,1.51,NA
110,sm,menfer,8,03-Jun,NA,NA,277.6,2.532,1.865,2.672,2.4,1072.9
111,sm,menfer,9,03-Jun,NA,NA,267.5,3.023,3.151,2.584,2.1,NA
133,sm,menfer,10,04-Jun,NA,NA,109.5,1.382,1.372,0.939,1.24,547.7
134,sm,menfer,11,04-Jun,NA,NA,217.2,1.529,1.663,1.468,1.07,482.4
135,sm,menfer,12,04-Jun,NA,NA,221.4,1.847,1.72,1.98,1.17,555.2
136,sm,menfer,13,04-Jun,NA,NA,203.8,1.813,1.592,1.434,1.47,656.7
137,sm,menfer,14,04-Jun,NA,NA,178.9,2.498,1.839,1.784,1.24,562.8
41,sm,popbal,1,30-May,NA,NA,317.6,2,NA,NA,NA,1634.6
138,sm,popbal,3,04-Jun,24,16,NA,37,NA,NA,4.26,1949.3
139,sm,popbal,5,04-Jun,28,38,NA,88.9,NA,NA,2.73,1372
140,sm,popbal,6,04-Jun,22,14,NA,53.2,NA,NA,3.25,1263.1
42,sm,popbal,8,30-May,12,10,NA,11.1,NA,NA,NA,2067.1
141,sm,popbal,9,04-Jun,25,12,NA,53.4,NA,NA,2.78,1281.4
90,sm,popbal,10,01-Jun,16,7,NA,15.9,NA,NA,NA,1276.1
142,sm,popbal,11,04-Jun,15,8,NA,12.8,23.3,NA,3.29,1649.7
143,sm,popbal,12,04-Jun,16,11,NA,25.5,24.4,23.3,3.22,1545.5
144,sm,popbal,20,04-Jun,24,16,NA,28.2,NA,NA,3.48,1471.9
145,sm,poptre,2,04-Jun,13,11,NA,10.7,NA,NA,3.33,1623.6
146,sm,poptre,3,04-Jun,8,6,NA,7.2,NA,NA,3.65,1844
147,sm,poptre,4,04-Jun,17,12,NA,26,8.8,119.2,3.57,1804.7
148,sm,poptre,5,04-Jun,8,7,NA,9.5,NA,NA,2.74,1337.7
55,sm,poptre,7,31-May,7,5,NA,7.2,NA,NA,NA,1987
56,sm,poptre,10,31-May,9,7,NA,9.8,NA,NA,NA,NA
57,sm,poptre,11,31-May,8,6,NA,10.9,NA,NA,NA,2393.3
58,sm,poptre,12,31-May,7,5,NA,13.7,NA,NA,NA,2452
59,sm,poptre,13,31-May,14,8,NA,27.4,NA,NA,NA,2815.2
60,sm,poptre,14,31-May,9,7,NA,15.9,NA,NA,NA,3319.3
112,sm,poptre,15,03-Jun,9,8,NA,8,NA,NA,4.3,2162.9
113,sm,poptre,16,03-Jun,13,8,NA,17.1,NA,NA,3.7,1924.1
114,sm,poptre,17,03-Jun,7,4,NA,7.5,NA,NA,2.83,1389.9
149,sm,poptre,18,04-Jun,7,5,NA,5.9,NA,NA,2.69,1298.3
150,sm,poptre,19,04-Jun,10,8,NA,12.6,NA,NA,2.85,1455.1
945,sm,rhoalb,1,31-May,8,7,NA,3.4,NA,NA,NA,NA
879,sm,rhoalb,2,30-May,5,3,NA,2.6,NA,NA,NA,NA
880,sm,rhoalb,3,30-May,10,8,NA,4.7,NA,NA,NA,NA
881,sm,rhoalb,4,30-May,10,7,NA,6,NA,NA,NA,NA
906,sm,rhoalb,5,31-May,8,7,NA,3.5,NA,NA,NA,NA
907,sm,rhoalb,6,31-May,6,5,NA,4.5,NA,NA,NA,NA
908,sm,rhoalb,7,31-May,4,3,NA,4.5,NA,NA,NA,NA
909,sm,rhoalb,8,31-May,6,4,NA,4.6,NA,NA,NA,NA
950,sm,rhoalb,9,31-May,5,3,NA,6.4,NA,NA,NA,NA
871,sm,rhoalb,10,31-May,8,7,NA,5.1,NA,NA,NA,NA
61,sm,riblac,2,31-May,NA,NA,156.2,1.591,1.392,3.043,NA,1029.2
62,sm,riblac,3,31-May,NA,NA,191,1.315,1.479,1.553,NA,1312.3
115,sm,riblac,5,03-Jun,NA,NA,145.2,1.021,NA,NA,1.66,766.8
116,sm,riblac,6,03-Jun,NA,NA,113.4,0.838,NA,NA,1.72,1061
117,sm,riblac,7,03-Jun,NA,NA,148.3,0.816,NA,NA,1.21,546.4
151,sm,riblac,8,04-Jun,NA,NA,55.6,0.577,0.703,0.831,1.51,883.7
63,sm,riblac,9,31-May,NA,NA,148.3,0.678,NA,NA,NA,NA
64,sm,riblac,9,31-May,NA,NA,148.3,0.678,NA,NA,NA,1012.7
152,sm,riblac,10,04-Jun,NA,NA,112.8,0.613,NA,NA,2.15,1145.3
118,sm,riblac,11,03-Jun,NA,NA,94.8,0.706,NA,NA,2.32,1547.8
119,sm,riblac,12,03-Jun,NA,NA,102.6,0.934,NA,NA,1.39,811.6
153,sm,riblac,12_2,04-Jun,NA,NA,75.7,0.597,NA,NA,1.25,757.9
65,sm,rosaci,1,31-May,NA,NA,188.1,1.566,NA,NA,NA,1329.8
66,sm,rosaci,2,31-May,NA,NA,218.1,2.29,NA,NA,NA,1705.3
91,sm,rosaci,3,01-Jun,NA,NA,130,0.755,NA,NA,NA,741.8
14,sm,rosaci,4,29-May,NA,NA,161.2,1.5,NA,NA,NA,659.7
67,sm,rosaci,5,31-May,NA,NA,250.1,1.64,NA,NA,NA,2217.8
92,sm,rosaci,6,01-Jun,NA,NA,137,1.177,NA,NA,NA,434.6
15,sm,rosaci,7,29-May,NA,NA,160,1.43,NA,NA,NA,1125.9
16,sm,rosaci,8,29-May,NA,NA,197.2,1.88,NA,NA,NA,819.3
17,sm,rosaci,9,29-May,NA,NA,184.2,1.97,NA,NA,NA,1052.3
18,sm,rosaci,10,29-May,NA,NA,174.5,1.4,NA,NA,NA,1293.8
163,sm,rosaci,20,05-Jun,NA,NA,173.4,1.119,NA,NA,1.33,483
918,sm,rubida,1,31-May,NA,NA,104.4,0.694,NA,NA,NA,NA
919,sm,rubida,2,31-May,NA,NA,88.9,0.528,NA,NA,NA,NA
962,sm,rubida,5,04-Jun,NA,NA,100.1,0.637,NA,NA,2.52,NA
920,sm,rubida,6,31-May,NA,NA,106.5,0.665,NA,NA,NA,NA
921,sm,rubida,7,31-May,NA,NA,100.4,0.53,NA,NA,NA,NA
882,sm,rubida,8,31-May,NA,NA,93.7,0.544,NA,NA,NA,NA
883,sm,rubida,9,31-May,NA,NA,105,0.593,NA,NA,NA,NA
924,sm,rubida,10,31-May,NA,NA,90,0.575,NA,NA,NA,NA
941,sm,rubida,11,03-Jun,NA,NA,195.5,0.808,NA,NA,2.11,NA
942,sm,rubida,12,03-Jun,NA,NA,137.3,0.825,NA,NA,4.69,NA
120,sm,rubpar,1,03-Jun,NA,NA,86.7,0.87,NA,NA,1.98,521.8
121,sm,rubpar,2,03-Jun,NA,NA,99.3,0.723,NA,NA,1.54,306.9
122,sm,rubpar,3,03-Jun,NA,NA,90.3,0.703,NA,NA,2.31,599.9
19,sm,rubpar,4,29-May,NA,NA,94.1,0.7,NA,NA,NA,554.7
20,sm,rubpar,5,29-May,NA,NA,102.3,0.92,NA,NA,NA,1014.9
43,sm,rubpar,6,30-May,NA,NA,78.9,0.65,NA,NA,NA,831.3
21,sm,rubpar,7,29-May,NA,NA,88.8,NA,NA,NA,NA,1194.9
93,sm,rubpar,8,01-Jun,NA,NA,73.7,0.647,NA,NA,NA,447.8
94,sm,rubpar,9,01-Jun,NA,NA,79.5,0.602,NA,NA,NA,689.1
22,sm,rubpar,10,29-May,NA,NA,66.4,NA,NA,NA,NA,843.2
995,sm,rubspe,1,NA,NA,NA,NA,NA,NA,NA,NA,845.1
1009,sm,rubspe,2,NA,NA,NA,NA,NA,NA,NA,NA,573.1
1011,sm,rubspe,5,NA,NA,NA,NA,NA,NA,NA,NA,679.7
1015,sm,rubspe,6,NA,NA,NA,NA,NA,NA,NA,NA,597.2
1018,sm,rubspe,7,NA,NA,NA,NA,NA,NA,NA,NA,717.9
1017,sm,rubspe,8,NA,NA,NA,NA,NA,NA,NA,NA,661.9
1001,sm,rubspe,9,NA,NA,NA,NA,NA,NA,NA,NA,727.7
1002,sm,rubspe,10,NA,NA,NA,NA,NA,NA,NA,NA,639.5
1020,sm,rubspe,11,NA,NA,NA,NA,NA,NA,NA,NA,566.1
990,sm,rubspe,12,NA,NA,NA,NA,NA,NA,NA,NA,1347.5
123,sm,samrac,2,03-Jun,NA,NA,276.1,2.857,4.518,4.988,2.74,714.3
154,sm,samrac,3,04-Jun,NA,NA,186.4,3.244,NA,NA,1.73,351.5
124,sm,samrac,4,03-Jun,NA,NA,187,3.972,NA,NA,3.34,886
125,sm,samrac,5,03-Jun,NA,NA,185.4,1.916,3.356,NA,2.51,545.1
126,sm,samrac,6,03-Jun,NA,NA,180.6,2.554,1.941,1.938,2.29,627.8
127,sm,samrac,7,03-Jun,NA,NA,207.5,4.739,3.948,2.963,2.28,513
155,sm,samrac,8,04-Jun,NA,NA,209.6,3.018,2.132,2.739,2.4,791.2
156,sm,samrac,9,04-Jun,NA,NA,44.8,1.843,1.948,NA,2.9,710.5
157,sm,samrac,10,04-Jun,NA,NA,279,3.973,3.728,3.201,3.64,696.9
158,sm,samrac,11,04-Jun,NA,NA,276,2.535,3.319,2.42,3.42,852.8
44,sm,shecan,1,30-May,NA,NA,124.6,2.468,NA,NA,NA,900.2
164,sm,shecan,5,05-Jun,NA,NA,127.9,1.483,1.26,1.311,2.15,1109.5
95,sm,shecan,6,01-Jun,NA,NA,135.7,2.627,NA,NA,NA,1685.6
96,sm,shecan,7,01-Jun,NA,NA,181.2,1.935,NA,NA,NA,1191.4
97,sm,shecan,8,01-Jun,NA,NA,137.6,2.125,NA,NA,NA,1363.9
98,sm,shecan,9,01-Jun,13,8,NA,3.968,NA,NA,NA,1288.5
99,sm,shecan,10,01-Jun,NA,NA,224.6,3.436,NA,NA,NA,1152.6
100,sm,shecan,11,01-Jun,NA,NA,164.3,1.768,NA,NA,NA,850.9
101,sm,shecan,12,01-Jun,NA,NA,121.5,1.241,NA,NA,NA,1432.1
165,sm,shecan,16,05-Jun,NA,NA,173.5,26.7,NA,NA,1.65,753.4
884,sm,sorsco,1,30-May,NA,NA,555.8,3.8,NA,NA,NA,2382
885,sm,sorsco,4,30-May,NA,NA,200.4,1.74,NA,NA,NA,2080.5
972,sm,sorsco,5,01-Jun,NA,NA,229.7,1.738,NA,NA,NA,1097.9
923,sm,sorsco,6,03-Jun,NA,NA,449.6,2.1,NA,NA,2.61,1284.9
960,sm,sorsco,7,01-Jun,6,5,NA,2.628,NA,NA,NA,998.9
940,sm,sorsco,9,04-Jun,9,8,NA,6.1,6.9,6.6,3.06,1171.5
954,sm,sorsco,10,04-Jun,NA,NA,270.6,3.7,5.6,4.8,3.52,1275.2
974,sm,sorsco,11,01-Jun,7,6,NA,6.3,NA,NA,NA,927.2
937,sm,sorsco,12,03-Jun,NA,NA,333.8,2.9,4,NA,3.22,1287.9
955,sm,sorsco,12_02,04-Jun,5,3,NA,3.7,5.7,3.5,3.25,1234
888,sm,spibet,1,29-May,NA,NA,48.9,NA,NA,NA,NA,349.9
889,sm,spibet,2,29-May,NA,NA,50.6,NA,NA,NA,NA,384.2
890,sm,spibet,3,29-May,NA,NA,58.2,NA,NA,NA,NA,730.2
891,sm,spibet,4,29-May,NA,NA,55.4,NA,NA,NA,NA,509.5
892,sm,spibet,5,29-May,NA,NA,65.9,NA,NA,NA,NA,714.1
893,sm,spibet,6,29-May,NA,NA,77.1,NA,NA,NA,NA,508.6
894,sm,spibet,7,29-May,NA,NA,90.5,NA,NA,NA,NA,318.4
895,sm,spibet,8,29-May,NA,NA,64.7,NA,NA,NA,NA,1071.3
896,sm,spibet,9,29-May,NA,NA,61.7,NA,NA,NA,NA,552.3
897,sm,spibet,10,29-May,NA,NA,75.5,NA,NA,NA,NA,280.8
912,sm,spidou,1,31-May,NA,NA,73.5,0.654,NA,NA,NA,499.9
900,sm,spidou,2,31-May,NA,NA,96.5,0.772,NA,NA,NA,749
914,sm,spidou,3,31-May,NA,NA,73.1,0.553,NA,NA,NA,987.1
915,sm,spidou,4,31-May,NA,NA,91.4,0.925,NA,NA,NA,761
956,sm,spidou,5,31-May,NA,NA,94.8,0.894,NA,NA,NA,352.6
957,sm,spidou,6,31-May,NA,NA,77.1,0.86,NA,NA,NA,683.4
971,sm,spidou,7,31-May,NA,NA,55.5,0.483,NA,NA,NA,646.7
932,sm,spidou,8,31-May,NA,NA,57.3,0.435,NA,NA,NA,574.7
933,sm,spidou,9,31-May,NA,NA,63.9,0.568,NA,NA,NA,355.5
934,sm,spidou,10,31-May,NA,NA,93.6,0.832,NA,NA,NA,575.6
936,sm,spipyr,1,01-Jun,NA,NA,101.2,0.838,NA,NA,NA,601.9
964,sm,spipyr,2,01-Jun,NA,NA,87.1,0.674,NA,NA,NA,978.7
952,sm,spipyr,3,01-Jun,NA,NA,99.6,0.82,NA,NA,NA,800.6
953,sm,spipyr,4,01-Jun,NA,NA,67.7,0.562,NA,NA,NA,878.9
967,sm,spipyr,5,01-Jun,NA,NA,90.7,0.647,NA,NA,NA,610.1
968,sm,spipyr,6,01-Jun,NA,NA,96.1,0.585,NA,NA,NA,638
985,sm,spipyr,7,01-Jun,NA,NA,72.8,0.625,NA,NA,NA,462.3
979,sm,spipyr,8,01-Jun,NA,NA,11.5,0.658,NA,NA,NA,352.1
902,sm,spipyr,9,01-Jun,NA,NA,136.3,0.972,NA,NA,NA,522
903,sm,spipyr,10,01-Jun,NA,NA,104.5,0.513,NA,NA,NA,676.6
969,sm,symalb,2,04-Jun,NA,NA,155.2,1.607,1.718,1.932,1.81,100.8
898,sm,symalb,4,29-May,NA,NA,139.3,1.14,NA,NA,NA,433.2
935,sm,symalb,5,31-May,NA,NA,105.1,1.099,NA,NA,NA,778.2
963,sm,symalb,6,31-May,NA,NA,138.7,1.217,NA,NA,NA,1347.2
886,sm,symalb,7,30-May,NA,NA,149,1.176,0.956,NA,NA,1485.9
987,sm,symalb,8,01-Jun,NA,NA,128.4,1.178,NA,NA,NA,926.8
951,sm,symalb,9,31-May,NA,NA,113.7,0.915,NA,NA,NA,477.5
899,sm,symalb,11,29-May,NA,NA,127.1,1.27,NA,NA,NA,1008.5
905,sm,symalb,12,01-Jun,NA,NA,108.5,0.735,NA,NA,NA,1449.5
970,sm,symalb,12_02,04-Jun,NA,NA,87.6,0.748,NA,NA,1.46,720.7
980,sm,symalb,9_02,04-Jun,NA,NA,160.2,1.511,1.069,1.261,2.54,1443.9
925,sm,vacmem,1,03-Jun,NA,NA,68.9,0.73,NA,NA,2.2,1239.3
913,sm,vacmem,2,03-Jun,NA,NA,76.1,0.785,NA,NA,2.3,1195
927,sm,vacmem,3,03-Jun,NA,NA,64.6,0.692,NA,NA,2.35,1234.4
928,sm,vacmem,4,03-Jun,NA,NA,75.8,0.846,NA,NA,1.8,869.8
929,sm,vacmem,5,03-Jun,NA,NA,55.6,0.665,NA,NA,1.8,956.8
943,sm,vacmem,6,03-Jun,NA,NA,59.5,0.475,NA,NA,1.2,672.4
944,sm,vacmem,7,03-Jun,NA,NA,47,0.44,NA,NA,1.91,1002
977,sm,vacmem,8,04-Jun,NA,NA,60.9,0.748,NA,NA,3.02,879.3
946,sm,vacmem,9,04-Jun,NA,NA,55,0.878,NA,NA,2.7,1358.9
866,sm,vacmem,10,04-Jun,NA,NA,56.9,0.772,NA,NA,2.65,1494.9
874,sm,vibedu,1,30-May,NA,NA,107.8,0.768,NA,NA,NA,1992.4
973,sm,vibedu,5,03-Jun,NA,NA,143.5,0.659,NA,NA,2.43,1064.3
887,sm,vibedu,7,29-May,NA,NA,235,1.72,NA,NA,NA,2420.6
939,sm,vibedu,8,31-May,NA,NA,131.6,0.898,NA,NA,NA,1097.7
45,sm,vibedu,9,30-May,NA,NA,176.1,1.26,NA,NA,NA,3241.2
916,sm,vibedu,10,30-May,NA,NA,143.4,8.73,NA,NA,NA,2321.1
901,sm,vibedu,12,29-May,NA,NA,160.4,1.37,NA,NA,NA,2937.8
876,sm,vibedu,19,05-Jun,NA,NA,191.1,1.669,NA,NA,2.55,1197
877,sm,vibedu,20,05-Jun,NA,NA,193.6,1.913,NA,NA,3.05,1235.7
867,sm,vibedu,11_02,04-Jun,NA,NA,196.8,1.004,NA,NA,2.83,925.2