sample,Weight..mg.,per.N,per.C,C.N,Date,site,species,no,count
af_acegla_1_2,4.02,2.2,45.7,20.5,03.12.2020 21:20,af,acegla,1_2,1
af_acegla_1,3.61,2.3,45.5,20.2,26.11.2020 21:58,af,acegla,1,1
af_acegla_3,4.61,3.5,45.9,13.3,26.11.2020 22:05,af,acegla,3,1
af_acegla_5,3.69,2.7,46.7,17.2,26.11.2020 22:12,af,acegla,5,1
af_acegla_6,4.19,2.8,46.8,16.9,26.11.2020 22:19,af,acegla,6,1
af_acegla_7,4.47,2.4,46.3,19.4,26.11.2020 22:26,af,acegla,7,1
af_acegla_8,4.77,2,45.5,22.8,26.11.2020 22:33,af,acegla,8,1
af_acegla_9,4.81,2.9,46.3,16.3,26.11.2020 22:40,af,acegla,9,1
af_acegla_10,4.25,3,46.3,15.7,26.11.2020 22:47,af,acegla,10,1
af_acegla_11,3.8,2.4,44.6,18.8,26.11.2020 22:54,af,acegla,11,1
af_acegla_12,3.5,2.4,46.6,19.2,26.11.2020 23:02,af,acegla,12,1
af_alninc_1,4.37,3.2,48.9,15.3,27.11.2020 01:45,af,alninc,1,1
af_alninc_5,4.45,3.3,48.8,15,27.11.2020 01:52,af,alninc,5,1
af_alninc_6,3.53,3,47.7,15.9,27.11.2020 01:59,af,alninc,6,1
af_alninc_7,4.57,3.1,48.9,15.9,27.11.2020 02:06,af,alninc,7,1
af_alninc_9,4.63,2.9,48.8,16.8,27.11.2020 02:13,af,alninc,9,1
af_alninc_10,3.98,3.1,48.2,15.5,27.11.2020 02:20,af,alninc,10,1
af_alninc_11,4.7,3.4,48.9,14.2,27.11.2020 11:08,af,alninc,11,1
af_alninc_12,4.09,3,52,17.1,27.11.2020 11:15,af,alninc,12,1
af_alninc_13,3.91,3.2,48.4,15.2,27.11.2020 11:22,af,alninc,13,1
af_alninc_20,4.44,3.4,49,14.4,27.11.2020 11:29,af,alninc,20,1
af_alnvir_1,4.01,2.5,48.2,19.6,27.11.2020 00:27,af,alnvir,1,1
af_alnvir_2,4.28,2.3,48.3,20.8,27.11.2020 00:34,af,alnvir,2,1
af_alnvir_3,3.76,2,51.2,25.8,27.11.2020 00:41,af,alnvir,3,1
af_alnvir_4,4.67,2.5,49.4,19.4,27.11.2020 00:48,af,alnvir,4,1
af_alnvir_5,3.8,2.8,49.1,17.8,27.11.2020 01:02,af,alnvir,5,1
af_alnvir_11,4.02,2.4,49.4,20.7,27.11.2020 01:09,af,alnvir,11,1
af_alnvir_12,4.72,2.4,48.9,20.8,27.11.2020 01:16,af,alnvir,12,1
af_alnvir_13,4.49,2.4,48.5,20.6,27.11.2020 01:23,af,alnvir,13,1
af_alnvir_14,3.74,2.6,48,18.6,27.11.2020 01:30,af,alnvir,14,1
af_alnvir_20,4.39,3.3,47.7,14.4,27.11.2020 01:37,af,alnvir,20,1
af_amealn_1,3.63,3.4,45.4,13.2,26.11.2020 23:09,af,amealn,1,1
af_amealn_2,4.12,3.6,47,13.1,26.11.2020 23:16,af,amealn,2,1
af_amealn_3,4.14,3.4,47.3,13.9,26.11.2020 23:30,af,amealn,3,1
af_amealn_5,4.14,2.7,47.2,17.2,26.11.2020 23:37,af,amealn,5,1
af_amealn_6,3.63,2.3,50.4,22.2,26.11.2020 23:44,af,amealn,6,1
af_amealn_7,4.63,2,48.3,24.4,26.11.2020 23:51,af,amealn,7,1
af_amealn_8,3.94,2.4,48.1,20,26.11.2020 23:58,af,amealn,8,1
af_amealn_9,3.94,2.5,46.2,18.4,27.11.2020 00:05,af,amealn,9,1
af_amealn_10,3.61,1.9,47.1,24.7,27.11.2020 00:12,af,amealn,10,1
af_amealn_12,3.77,2.3,45.4,20.1,27.11.2020 00:20,af,amealn,12,1
af_betpap_2,3.9,2.4,48.8,20.5,27.11.2020 11:36,af,betpap,2,1
af_betpap_3,4.02,2.4,48.3,20.3,27.11.2020 11:43,af,betpap,3,1
af_betpap_4,3.84,2.3,45,19.2,03.12.2020 17:41,af,betpap,4,1
af_betpap_5,3.51,2.5,48.3,19.1,27.11.2020 11:50,af,betpap,5,1
af_betpap_6,4.03,2.8,48.5,17.1,27.11.2020 11:58,af,betpap,6,1
af_betpap_7,4.58,2.4,47.5,20,27.11.2020 12:05,af,betpap,7,1
af_betpap_8,3.67,2.8,48.3,17.5,27.11.2020 12:12,af,betpap,8,1
af_betpap_9,4.19,2.8,48.4,17.1,27.11.2020 12:19,af,betpap,9,1
af_betpap_10,4.5,2.3,47.5,20.8,27.11.2020 12:26,af,betpap,10,1
af_betpap_11,4.07,2.4,45.2,19.1,27.11.2020 12:40,af,betpap,11,1
af_corsto_1,4.6,2.2,44.5,20.6,27.11.2020 12:54,af,corsto,1,1
af_corsto_3,4.11,3.1,44.7,14.5,27.11.2020 13:01,af,corsto,3,1
af_corsto_4,3.52,2.5,44.3,17.4,27.11.2020 13:08,af,corsto,4,1
af_corsto_5,4.04,2.3,46,20.1,27.11.2020 13:16,af,corsto,5,1
af_corsto_6,3.65,2.1,44.9,21.3,27.11.2020 13:23,af,corsto,6,1
af_corsto_7,3.75,2.2,43.4,19.8,27.11.2020 13:30,af,corsto,7,1
af_corsto_8,4.03,2.3,43.3,18.8,27.11.2020 13:37,af,corsto,8,1
af_corsto_9,3.34,2.2,43.2,19.5,27.11.2020 13:44,af,corsto,9,1
af_corsto_10,4.05,2.6,41.9,16.4,27.11.2020 13:51,af,corsto,10,1
af_corsto_11,3.31,3,44.8,14.8,27.11.2020 13:58,af,corsto,11,1
af_loninv_1,3.32,2.7,47.1,17.2,27.11.2020 14:13,af,loninv,1,1
af_loninv_2,4.13,1.7,47.2,27.9,27.11.2020 14:20,af,loninv,2,1
af_loninv_3,4.05,2.3,48.2,21.2,27.11.2020 14:41,af,loninv,3,1
af_loninv_3_02,3.93,2.7,47.3,17.7,27.11.2020 14:27,af,loninv,3_02,1
af_loninv_4,3.7,1.5,45.8,29.8,27.11.2020 14:34,af,loninv,4,1
af_loninv_5,3.98,1.8,47.1,26.1,27.11.2020 14:48,af,loninv,5,1
af_loninv_6,4.48,2,45.6,22.8,27.11.2020 14:55,af,loninv,6,1
af_loninv_8,4.67,3.2,48.7,15.3,27.11.2020 15:02,af,loninv,8,1
af_loninv_9,3.59,2.5,47.2,18.8,27.11.2020 15:09,af,loninv,9,1
af_loninv_11,3.75,3.1,47.3,15.5,27.11.2020 15:16,af,loninv,11,1
af_popbal_1,3.79,2.1,47.6,22.4,27.11.2020 15:23,af,popbal,1,1
af_popbal_2,3.68,2.2,48.8,22.1,27.11.2020 15:31,af,popbal,2,1
af_popbal_2_2,4.65,2.5,48.4,19.5,27.11.2020 15:45,af,popbal,2_2,1
af_popbal_3,3.91,1.7,47.9,27.8,27.11.2020 15:52,af,popbal,3,1
af_popbal_4,4.61,2.3,47.5,21,27.11.2020 15:59,af,popbal,4,1
af_popbal_5,4.74,2.5,46.6,18.6,27.11.2020 16:06,af,popbal,5,1
af_popbal_6,4.2,2.3,47.5,20.6,27.11.2020 16:13,af,popbal,6,1
af_popbal_7,3.71,2.1,48.2,23.2,27.11.2020 16:20,af,popbal,7,1
af_popbal_8,3.93,1.8,48.5,27.3,27.11.2020 16:27,af,popbal,8,1
af_popbal_9,3.94,1.8,45.5,24.9,27.11.2020 16:35,af,popbal,9,1
af_poptre_3,4.16,2.4,48.2,19.9,27.11.2020 16:42,af,poptre,3,1
af_poptre_3_2,3.8,2.3,48.2,21,03.12.2020 21:13,af,poptre,3_2,1
af_poptre_4,4.47,2.2,48.1,22,27.11.2020 16:49,af,poptre,4,1
af_poptre_5,4.13,2.2,47.3,21.2,27.11.2020 16:56,af,poptre,5,1
af_poptre_6,4.79,1.9,46.8,24.1,27.11.2020 17:03,af,poptre,6,1
af_poptre_7,4.07,3.2,50.7,16,27.11.2020 17:17,af,poptre,7,1
af_poptre_8,4.54,2.9,49.6,17,27.11.2020 17:24,af,poptre,8,1
af_poptre_8_2,4.16,2.6,50.3,19.4,27.11.2020 17:31,af,poptre,8_2,1
af_poptre_9,3.62,2.8,53.4,19.1,27.11.2020 17:38,af,poptre,9,1
af_poptre_10,3.86,2.4,48.6,20.1,27.11.2020 17:46,af,poptre,10,1
af_poptre_12,3.81,2.4,46.5,19.6,27.11.2020 17:53,af,poptre,12,1
af_riblac_1,3.86,1.7,44.4,26.1,01.12.2020 11:51,af,riblac,1,1
af_riblac_2,4.02,1.9,46.2,24.7,01.12.2020 11:58,af,riblac,2,1
af_riblac_4,4.39,2.1,42.3,20.4,01.12.2020 12:05,af,riblac,4,1
af_riblac_6,3.62,1.8,43,24.3,01.12.2020 12:12,af,riblac,6,1
af_riblac_7,4.2,1.7,46,27.8,01.12.2020 12:19,af,riblac,7,1
af_riblac_8,4.15,2.1,45,21.3,01.12.2020 12:26,af,riblac,8,1
af_riblac_10,3.63,2.4,44.6,18.3,01.12.2020 12:33,af,riblac,10,1
af_riblac_11,3.71,2.5,42,17.2,01.12.2020 12:40,af,riblac,11,1
af_riblac_12,4.25,3.2,43.9,13.9,01.12.2020 12:47,af,riblac,12,1
af_riblac_20,3.66,1.8,43.6,24.7,01.12.2020 12:54,af,riblac,20,1
af_rubpar_2_2,3.9,3.5,47.3,13.7,01.12.2020 15:38,af,rubpar,2_2,1
af_rubpar_2,4.71,3.2,43.4,13.6,27.11.2020 20:00,af,rubpar,2,1
af_rubpar_3_2,4.01,3.4,48.9,14.5,01.12.2020 15:45,af,rubpar,3_2,1
af_rubpar_3,4.43,3.2,44.8,14.1,27.11.2020 20:08,af,rubpar,3,1
af_rubpar_4_2,3.89,3,47.2,15.6,01.12.2020 15:52,af,rubpar,4_2,1
af_rubpar_4,4.96,2.7,45,16.6,27.11.2020 20:22,af,rubpar,4,1
af_rubpar_5_2,3.91,2.5,44.6,17.8,01.12.2020 15:59,af,rubpar,5_2,1
af_rubpar_5,3.64,2.4,42.5,17.7,27.11.2020 20:29,af,rubpar,5,1
af_rubpar_6_8,3.88,2.6,46.3,18.1,01.12.2020 16:06,af,rubpar,6_8,1
af_rubpar_6,4.01,2.4,42.7,17.5,27.11.2020 20:36,af,rubpar,6,1
af_rubpar_7,3.79,2.3,42.2,18.4,27.11.2020 21:12,af,rubpar,7,1
af_rubpar_10_2,3.91,3.6,51.6,14.3,01.12.2020 16:13,af,rubpar,10_2,1
af_rubpar_10,4.72,2.9,42.5,14.7,27.11.2020 20:43,af,rubpar,10,1
af_rubpar_11_2,5.2,1.7,45.2,26.4,03.12.2020 20:30,af,rubpar,11_2,1
af_rubpar_11,4.48,1.7,43,25.9,27.11.2020 20:50,af,rubpar,11,1
af_rubpar_13_2,3.9,2.9,45.6,15.8,03.12.2020 20:37,af,rubpar,13_2,1
af_rubpar_13,3.74,2.6,42.7,16.1,27.11.2020 20:57,af,rubpar,13,1
af_rubpar_14,3.55,2.5,44.6,18,27.11.2020 21:04,af,rubpar,14,1
af_rubpar_15,3.72,3.5,45.2,12.8,03.12.2020 20:44,af,rubpar,15,1
af_rubpar_16,4.38,3.7,45.5,12.2,03.12.2020 20:51,af,rubpar,16,1
af_samrac_1,4.05,4.1,48.1,11.6,27.11.2020 22:44,af,samrac,1,1
af_samrac_3,3.72,5.5,47.5,8.7,27.11.2020 22:37,af,samrac,3,1
af_samrac_4,4.79,4.9,49.6,10.2,27.11.2020 22:51,af,samrac,4,1
af_samrac_5,4.43,5,48.2,9.6,27.11.2020 22:58,af,samrac,5,1
af_samrac_6,4.72,6.2,46.6,7.5,27.11.2020 23:05,af,samrac,6,1
af_samrac_7,4.44,6.2,46.4,7.4,27.11.2020 23:12,af,samrac,7,1
af_samrac_9,4.06,4.3,49.7,11.7,27.11.2020 23:27,af,samrac,9,1
af_samrac_10,3.55,3.8,49.2,12.8,27.11.2020 23:34,af,samrac,10,1
af_samrac_12,4.15,4.8,49.2,10.3,27.11.2020 23:41,af,samrac,12,1
af_samrac_13,4.04,6,48.7,8.2,27.11.2020 23:48,af,samrac,13,1
af_shecan_1,4.41,2.3,45.5,20.1,01.12.2020 14:20,af,shecan,1,1
af_shecan_2,3.89,3.8,45.8,11.9,01.12.2020 14:27,af,shecan,2,1
af_shecan_3,4.51,2.8,47,16.6,01.12.2020 14:34,af,shecan,3,1
af_shecan_4,4.3,2.7,46.5,17.2,01.12.2020 14:41,af,shecan,4,1
af_shecan_5,4.49,4.3,47,10.8,01.12.2020 14:55,af,shecan,5,1
af_shecan_6,3.93,2.8,47,17.1,01.12.2020 15:02,af,shecan,6,1
af_shecan_7,4.69,3.3,46.6,14,01.12.2020 15:09,af,shecan,7,1
af_shecan_8,4.61,2.2,46.1,20.6,01.12.2020 15:17,af,shecan,8,1
af_shecan_9,4.07,3.6,51.5,14.2,01.12.2020 15:24,af,shecan,9,1
af_shecan_10,3.56,3.9,46.4,11.9,01.12.2020 15:31,af,shecan,10,1
af_sorsco_2,4.57,3.3,45,13.6,27.11.2020 21:19,af,sorsco,2,1
af_sorsco_3,3.99,2.9,47.1,16.3,27.11.2020 21:33,af,sorsco,3,1
af_sorsco_3_02,4.3,3.5,45.3,13.1,27.11.2020 21:26,af,sorsco,3_02,1
af_sorsco_6,4.65,2.5,42.6,16.8,27.11.2020 21:40,af,sorsco,6,1
af_sorsco_7,4.32,3,44.3,14.7,27.11.2020 21:54,af,sorsco,7,1
af_sorsco_8,4.77,2.8,46,16.2,27.11.2020 22:01,af,sorsco,8,1
af_sorsco_9,3.63,2.7,44.1,16.4,27.11.2020 22:08,af,sorsco,9,1
af_sorsco_10,3.85,2.5,44.7,17.9,27.11.2020 22:15,af,sorsco,10,1
af_sorsco_11,3.6,2.3,57,25.4,27.11.2020 22:23,af,sorsco,11,1
af_sorsco_13,4.24,3.4,46.5,13.8,27.11.2020 22:30,af,sorsco,13,1
af_spibet_1,4.33,1.8,47.7,26.3,27.11.2020 23:55,af,spibet,1,1
af_spibet_2,4.38,2.7,48,18.1,28.11.2020 00:02,af,spibet,2,1
af_spibet_4,4.27,2.2,47.6,21.5,28.11.2020 00:09,af,spibet,4,1
af_spibet_5,3.54,2.5,48.2,19.3,28.11.2020 00:16,af,spibet,5,1
af_spibet_6,3.84,2.5,48,19.4,28.11.2020 00:23,af,spibet,6,1
af_spibet_6_02,3.74,2,48.7,24,28.11.2020 00:30,af,spibet,6_02,1
af_spibet_11,3.75,2.1,47.6,22.7,28.11.2020 00:38,af,spibet,11,1
af_spibet_13,4.39,2.3,49.2,21.5,28.11.2020 00:45,af,spibet,13,1
af_spibet_14,3.63,2.6,45.5,17.7,28.11.2020 00:59,af,spibet,14,1
af_spibet_20,4.85,1.7,44.4,26,28.11.2020 01:06,af,spibet,20,1
af_spipyr_1,4.49,3.4,47.2,14,28.11.2020 01:13,af,spipyr,1,1
af_spipyr_2,4,2.9,47.2,16.1,28.11.2020 01:20,af,spipyr,2,1
af_spipyr_11,4.18,1.7,46.6,27.5,28.11.2020 01:27,af,spipyr,11,1
af_spipyr_12,3.96,2.9,46.9,16.2,28.11.2020 01:34,af,spipyr,12,1
af_spipyr_13,3.6,2.6,47.2,18.1,28.11.2020 01:42,af,spipyr,13,1
af_spipyr_14,3.67,2,47.9,23.5,28.11.2020 01:49,af,spipyr,14,1
af_spipyr_16,3.69,2.6,47.2,18.3,28.11.2020 01:56,af,spipyr,16,1
af_spipyr_17,3.91,2.7,46.9,17.5,28.11.2020 02:03,af,spipyr,17,1
af_spipyr_18,3.74,2.8,47,17,28.11.2020 02:10,af,spipyr,18,1
af_spipyr_19,3.57,2.6,46,17.6,28.11.2020 02:17,af,spipyr,19,1
af_symalb_11,4.4,2,51.6,25.7,01.12.2020 14:13,af,symalb,11,1
af_symalb_12,4.26,2,47.1,24,01.12.2020 13:09,af,symalb,12,1
af_symalb_1,3.97,2.3,52,22.3,01.12.2020 13:02,af,symalb,1,1
af_symalb_2,4.36,2.5,45.5,18.4,01.12.2020 13:23,af,symalb,2,1
af_symalb_3,4.62,2.1,46.8,22.8,01.12.2020 13:30,af,symalb,3,1
af_symalb_4,4.29,2.2,48.8,22.1,01.12.2020 13:37,af,symalb,4,1
af_symalb_5,3.85,2.4,45.1,18.8,01.12.2020 13:44,af,symalb,5,1
af_symalb_6,3.93,2,44.7,22.7,01.12.2020 13:51,af,symalb,6,1
af_symalb_7,3.96,1.6,45.9,28.5,01.12.2020 13:58,af,symalb,7,1
af_symalb_8,4.26,1.6,46.6,30,01.12.2020 14:05,af,symalb,8,1
af_vacmem_1,4.48,2.3,47.8,20.7,27.11.2020 18:00,af,vacmem,1,1
af_vacmem_3,3.57,2.6,55.6,21.6,27.11.2020 18:07,af,vacmem,3,1
af_vacmem_4,3.65,2.5,49.8,19.7,27.11.2020 18:14,af,vacmem,4,1
af_vacmem_6,4.41,2.3,53.3,23.7,27.11.2020 18:21,af,vacmem,6,1
af_vacmem_6_2,3.9,2.5,47.4,19.2,27.11.2020 18:28,af,vacmem,6_2,1
af_vacmem_7,3.92,2.4,48.2,20.4,27.11.2020 18:35,af,vacmem,7,1
af_vacmem_8,4.44,2.2,46.5,21,03.12.2020 20:02,af,vacmem,8,1
af_vacmem_9,3.57,1.8,49.7,27.2,03.12.2020 20:09,af,vacmem,9,1
af_vacmem_10,3.73,1.8,48,26.5,03.12.2020 20:16,af,vacmem,10,1
af_vacmem_20,4.11,2.1,47,22.3,03.12.2020 20:23,af,vacmem,20,1
af_vibedu_1,4.5,2.5,45.1,17.8,27.11.2020 18:49,af,vibedu,1,1
af_vibedu_2,4.5,1.8,45.4,25.6,27.11.2020 18:57,af,vibedu,2,1
af_vibedu_3,4.81,2.8,44.2,15.9,27.11.2020 19:04,af,vibedu,3,1
af_vibedu_4,4.26,1.6,46.1,28.7,27.11.2020 19:11,af,vibedu,4,1
af_vibedu_5,1.06,8.6,169.2,19.6,27.11.2020 19:18,af,vibedu,5,1
af_vibedu_6,4.81,1.7,45.8,27.2,27.11.2020 19:25,af,vibedu,6,1
af_vibedu_7,3.77,2,45.3,23.3,27.11.2020 19:32,af,vibedu,7,1
af_vibedu_8,4.7,1.8,43.8,25.1,27.11.2020 19:39,af,vibedu,8,1
af_vibedu_11,4.46,2.2,43.7,20.1,27.11.2020 19:46,af,vibedu,11,1
af_vibedu_12,4.69,2.6,44.7,17.1,27.11.2020 19:53,af,vibedu,12,1
kl_acegla_1,3.67,3.1,46.7,15.2,01.12.2020 17:39,kl,acegla,1,1
kl_acegla_3,4,2,44.7,22.8,01.12.2020 17:46,kl,acegla,3,1
kl_acegla_4,3.73,2.5,47,19.1,01.12.2020 18:00,kl,acegla,4,1
kl_acegla_5,3.8,2.6,45.9,17.5,01.12.2020 18:07,kl,acegla,5,1
kl_acegla_6,4.17,1.8,46.7,26.2,01.12.2020 18:14,kl,acegla,6,1
kl_acegla_7,3.6,2.2,45.1,20.8,01.12.2020 18:21,kl,acegla,7,1
kl_acegla_8,3.64,3.8,46.5,12.1,01.12.2020 18:28,kl,acegla,8,1
kl_acegla_9,4.22,1.8,46.9,25.4,01.12.2020 18:35,kl,acegla,9,1
kl_acegla_10,4.72,2.2,46.5,21.1,01.12.2020 18:43,kl,acegla,10,1
kl_acegla_11,3.89,2.8,46,16.3,01.12.2020 18:50,kl,acegla,11,1
kl_alninc_1,4.93,2.9,48.6,16.8,03.12.2020 16:51,kl,alninc,1,1
kl_alninc_2,3.8,3.2,47.1,14.9,03.12.2020 16:37,kl,alninc,2,1
kl_alninc_3,4.06,3.5,49.5,14.3,03.12.2020 16:58,kl,alninc,3,1
kl_alninc_4,4,3.4,47.4,14.2,03.12.2020 16:44,kl,alninc,4,1
kl_alnvir_2,3.51,2.7,46.2,16.9,01.12.2020 20:15,kl,alnvir,2,1
kl_alnvir_3,3.9,2.5,47.5,18.9,01.12.2020 20:22,kl,alnvir,3,1
kl_alnvir_5,3.68,2.8,49,17.7,01.12.2020 20:29,kl,alnvir,5,1
kl_alnvir_6,4.21,3.3,48,14.4,01.12.2020 20:36,kl,alnvir,6,1
kl_alnvir_7,4.33,2.6,48,18.3,01.12.2020 20:43,kl,alnvir,7,1
kl_alnvir_8,3.65,2.7,48.7,18.2,01.12.2020 20:50,kl,alnvir,8,1
kl_alnvir_9,4.38,3.3,48.1,14.5,01.12.2020 21:05,kl,alnvir,9,1
kl_alnvir_10,4.89,3.3,47.1,14.1,01.12.2020 21:12,kl,alnvir,10,1
kl_alnvir_11,4.18,2.9,47.3,16.3,01.12.2020 21:19,kl,alnvir,11,1
kl_alnvir_12,4.06,2.7,47.1,17.7,01.12.2020 21:26,kl,alnvir,12,1
kl_amealn_1,3.74,3.3,46.1,14.2,01.12.2020 16:28,kl,amealn,1,1
kl_amealn_2,4.44,2.9,45.4,15.9,01.12.2020 16:35,kl,amealn,2,1
kl_amealn_3,4.4,2.2,46.1,20.8,01.12.2020 16:42,kl,amealn,3,1
kl_amealn_4,4.61,2.4,45.5,19,01.12.2020 16:49,kl,amealn,4,1
kl_amealn_5,4.52,2.7,46.4,16.9,01.12.2020 16:56,kl,amealn,5,1
kl_amealn_6,3.88,2.4,45.7,19.2,01.12.2020 17:03,kl,amealn,6,1
kl_amealn_7,3.55,2.4,45,18.8,01.12.2020 17:10,kl,amealn,7,1
kl_amealn_8,3.94,2.4,46,19.4,01.12.2020 17:17,kl,amealn,8,1
kl_amealn_9,4.16,2.4,46.2,19.5,01.12.2020 17:24,kl,amealn,9,1
kl_amealn_10,4.38,2.6,46.6,18.2,01.12.2020 17:31,kl,amealn,10,1
kl_betpap_3,3.75,2.5,47.9,19.3,01.12.2020 18:57,kl,betpap,3,1
kl_betpap_5,4.64,1.7,46.3,26.9,01.12.2020 19:04,kl,betpap,5,1
kl_betpap_6,4.39,1.7,45.7,27.1,01.12.2020 19:11,kl,betpap,6,1
kl_betpap_7,3.82,2,48.5,24.9,01.12.2020 19:18,kl,betpap,7,1
kl_betpap_9,3.74,2.1,46.6,22.6,01.12.2020 19:32,kl,betpap,9,1
kl_betpap_10,4.09,2.4,48.2,20.4,01.12.2020 19:46,kl,betpap,10,1
kl_betpap_11,4.1,1.6,47,29,01.12.2020 19:54,kl,betpap,11,1
kl_betpap_12,4.16,2.7,47.9,18.1,01.12.2020 20:01,kl,betpap,12,1
kl_betpap_13,4.62,2,47.6,23.9,01.12.2020 20:08,kl,betpap,13,1
kl_betpap_14,4.54,1.7,44.5,26,03.12.2020 17:05,kl,betpap,14,1
kl_corsto_2,4.03,1.6,46.3,28.9,01.12.2020 21:33,kl,corsto,2,1
kl_corsto_3,4.1,1.6,43.3,26.4,01.12.2020 21:40,kl,corsto,3,1
kl_corsto_5,3.87,2,44.7,22,01.12.2020 21:47,kl,corsto,5,1
kl_corsto_6,3.66,1.8,44.6,24.7,01.12.2020 21:55,kl,corsto,6,1
kl_corsto_7,4.11,2.4,44.3,18.5,01.12.2020 22:02,kl,corsto,7,1
kl_corsto_8,4.68,2.1,44,20.6,02.12.2020 11:56,kl,corsto,8,1
kl_corsto_9,4.08,2,44.2,22.6,02.12.2020 12:04,kl,corsto,9,1
kl_corsto_10,4.22,2.2,41.7,19.1,02.12.2020 12:11,kl,corsto,10,1
kl_corsto_11,4.83,1.8,43.4,24.1,02.12.2020 12:25,kl,corsto,11,1
kl_corsto_13,3.95,1.7,45.2,26.5,02.12.2020 12:32,kl,corsto,13,1
kl_loninv_1,4.41,2.3,43.2,19.2,02.12.2020 12:39,kl,loninv,1,1
kl_loninv_2,4.18,2.1,42.2,20,02.12.2020 12:46,kl,loninv,2,1
kl_loninv_4,4.18,1.9,44.5,23.3,02.12.2020 12:53,kl,loninv,4,1
kl_loninv_5,4.41,1.8,45.5,24.9,02.12.2020 13:00,kl,loninv,5,1
kl_loninv_6,4.78,1.7,43.8,26.3,02.12.2020 13:07,kl,loninv,6,1
kl_loninv_7,3.85,2.2,45.7,20.8,02.12.2020 13:14,kl,loninv,7,1
kl_loninv_8,4.01,3.2,46.4,14.6,02.12.2020 13:21,kl,loninv,8,1
kl_loninv_8_2,4.69,1.7,44.1,26.3,02.12.2020 13:28,kl,loninv,8_2,1
kl_loninv_9,4.1,2,44.2,22.4,02.12.2020 13:35,kl,loninv,9,1
kl_loninv_10,3.54,2,45,22.7,02.12.2020 13:43,kl,loninv,10,1
kl_popbal_1,4.16,2.3,43,19.1,03.12.2020 15:19,kl,popbal,1,1
kl_popbal_4,3.94,2.2,45,20.3,03.12.2020 15:26,kl,popbal,4,1
kl_popbal_5,4.24,2.3,43,19.1,03.12.2020 15:33,kl,popbal,5,1
kl_popbal_6,4.1,1.6,45.2,27.5,03.12.2020 15:40,kl,popbal,6,1
kl_popbal_7,3.55,1.9,42.3,21.8,03.12.2020 15:47,kl,popbal,7,1
kl_popbal_7_2,3.96,2,42.2,21.5,03.12.2020 17:12,kl,popbal,7_2,1
kl_popbal_8,3.84,2.4,43.1,17.8,03.12.2020 15:55,kl,popbal,8,1
kl_popbal_8_02,4.23,1.7,44.5,26.8,03.12.2020 16:02,kl,popbal,8_02,1
kl_popbal_9,4.21,1.5,45.4,29.4,03.12.2020 16:09,kl,popbal,9,1
kl_popbal_10,4.02,1.5,44.5,29.8,03.12.2020 16:16,kl,popbal,10,1
kl_popbal_11,3.86,1.6,43.3,26.9,03.12.2020 16:23,kl,popbal,11,1
kl_poptre_1,3.55,2.5,48.8,19.5,02.12.2020 13:57,kl,poptre,1,1
kl_poptre_2,3.79,2.6,46.6,18.1,02.12.2020 14:04,kl,poptre,2,1
kl_poptre_3,4.87,2.2,47.5,21.8,02.12.2020 14:11,kl,poptre,3,1
kl_poptre_4,3.51,2.5,48.2,19.3,02.12.2020 14:18,kl,poptre,4,1
kl_poptre_5,3.59,2.1,47.7,22.4,02.12.2020 14:25,kl,poptre,5,1
kl_poptre_6,3.98,2,45.3,23,02.12.2020 14:32,kl,poptre,6,1
kl_poptre_7,4.18,2.2,47.6,22.1,02.12.2020 14:39,kl,poptre,7,1
kl_poptre_8,3.82,2.3,48.4,20.9,02.12.2020 14:46,kl,poptre,8,1
kl_poptre_9,3.95,2.4,47.1,19.8,02.12.2020 14:53,kl,poptre,9,1
kl_poptre_10,3.65,2.3,48.6,21.4,02.12.2020 15:00,kl,poptre,10,1
kl_rhoalb_1,4.33,2.5,44.2,17.6,02.12.2020 18:32,kl,rhoalb,1,1
kl_rhoalb_2,3.87,3,45.6,15.5,02.12.2020 18:39,kl,rhoalb,2,1
kl_rhoalb_3,4.15,2,45.7,23.2,02.12.2020 18:47,kl,rhoalb,3,1
kl_rhoalb_4,3.96,2,45.7,22.9,02.12.2020 18:54,kl,rhoalb,4,1
kl_rhoalb_5,4.2,2.5,44,17.5,02.12.2020 19:01,kl,rhoalb,5,1
kl_rhoalb_6,4.12,2.7,45.6,16.6,02.12.2020 19:08,kl,rhoalb,6,1
kl_rhoalb_7,4.2,2.1,43.7,20.4,02.12.2020 19:15,kl,rhoalb,7,1
kl_rhoalb_8,3.88,2.6,44.8,17.5,02.12.2020 19:22,kl,rhoalb,8,1
kl_rhoalb_9,3.67,2.5,46.5,18.4,02.12.2020 19:29,kl,rhoalb,9,1
kl_rhoalb_10,3.86,2.6,44.9,17.4,02.12.2020 19:36,kl,rhoalb,10,1
kl_riblac_1,3.73,3.3,41,12.5,02.12.2020 17:43,kl,riblac,1,1
kl_riblac_10_2,4.37,3.3,41.4,12.7,03.12.2020 17:19,kl,riblac,10_2,1
kl_riblac_2,4.22,2.4,41.6,17.4,02.12.2020 17:50,kl,riblac,2,1
kl_riblac_2_2,4.37,2.2,41.1,18.8,03.12.2020 17:26,kl,riblac,2_2,1
kl_riblac_3,4.84,2.9,42.7,14.8,02.12.2020 17:57,kl,riblac,3,1
kl_riblac_7,4.44,1.8,40.2,22.8,02.12.2020 18:04,kl,riblac,7,1
kl_riblac_8,4.5,1.5,40.9,27.3,02.12.2020 18:11,kl,riblac,8,1
kl_riblac_9,4.79,1.8,40,21.9,02.12.2020 18:18,kl,riblac,9,1
kl_riblac_10,4.32,2.1,42.1,20.5,03.12.2020 14:44,kl,riblac,10,1
kl_riblac_11,3.59,1.6,44.7,27.8,03.12.2020 14:51,kl,riblac,11,1
kl_riblac_12,4.14,3.1,42.3,13.9,03.12.2020 15:05,kl,riblac,12,1
kl_riblac_13,4.79,3.3,42.2,13,03.12.2020 15:12,kl,riblac,13,1
kl_rubpar_1,4.26,2.4,42.5,17.6,03.12.2020 13:33,kl,rubpar,1,1
kl_rubpar_3,3.8,2.4,45.3,19.3,03.12.2020 13:40,kl,rubpar,3,1
kl_rubpar_4,4.33,1.7,42.5,25.1,03.12.2020 13:47,kl,rubpar,4,1
kl_rubpar_6,3.7,2.1,44.4,21.3,03.12.2020 13:54,kl,rubpar,6,1
kl_rubpar_7,4.07,2.3,44,19.3,03.12.2020 14:01,kl,rubpar,7,1
kl_rubpar_8,4.23,1.7,43.2,25,03.12.2020 14:08,kl,rubpar,8,1
kl_rubpar_9,4.04,1.9,42.3,21.8,03.12.2020 14:16,kl,rubpar,9,1
kl_rubpar_10,4.81,2.5,44.6,17.8,03.12.2020 14:23,kl,rubpar,10,1
kl_rubpar_11,4.68,2.8,43.9,15.4,03.12.2020 14:30,kl,rubpar,11,1
kl_rubpar_12,4.9,1.8,42.6,23.2,03.12.2020 14:37,kl,rubpar,12,1
kl_samrac_1,4.08,4.4,48.7,11.1,02.12.2020 19:43,kl,samrac,1,1
kl_samrac_2,4.08,3.3,45,13.8,02.12.2020 19:50,kl,samrac,2,1
kl_samrac_3,4.44,4.5,45.5,10.2,02.12.2020 20:04,kl,samrac,3,1
kl_samrac_4,4.5,4.6,46,10,02.12.2020 20:11,kl,samrac,4,1
kl_samrac_5,3.57,6.1,47.3,7.7,02.12.2020 20:18,kl,samrac,5,1
kl_samrac_6,4.31,3.3,45.5,14,02.12.2020 20:26,kl,samrac,6,1
kl_samrac_7,4.08,3.1,43.3,13.8,02.12.2020 20:33,kl,samrac,7,1
kl_samrac_8,3.94,4.4,42.5,9.7,02.12.2020 20:40,kl,samrac,8,1
kl_samrac_9,4.23,5.2,45,8.6,02.12.2020 20:47,kl,samrac,9,1
kl_samrac_10,3.8,4.4,44.4,10.1,02.12.2020 20:54,kl,samrac,10,1
kl_shecan_1,4.38,3.4,47.7,14,02.12.2020 15:07,kl,shecan,1,1
kl_shecan_2,4.18,3.5,46.2,13.1,02.12.2020 15:14,kl,shecan,2,1
kl_shecan_3,4,2.9,42.8,14.7,02.12.2020 15:29,kl,shecan,3,1
kl_shecan_4,3.75,2.8,43.3,15.5,02.12.2020 15:36,kl,shecan,4,1
kl_shecan_4_02,4.13,3.2,43.7,13.9,02.12.2020 15:43,kl,shecan,4_02,1
kl_shecan_5,3.64,3.4,48.6,14.5,02.12.2020 15:50,kl,shecan,5,1
kl_shecan_6,4.75,2.8,43.1,15.6,02.12.2020 15:57,kl,shecan,6,1
kl_shecan_7,4.84,3.2,42.5,13.4,02.12.2020 16:04,kl,shecan,7,1
kl_shecan_8,4.63,2.6,42.4,16.1,02.12.2020 16:11,kl,shecan,8,1
kl_shecan_9,3.76,2.8,43,15.1,02.12.2020 16:18,kl,shecan,9,1
kl_sorsco_1,3.91,1.9,43.5,23.3,02.12.2020 22:19,kl,sorsco,1,1
kl_sorsco_2,4.12,2.2,41.8,18.9,02.12.2020 22:26,kl,sorsco,2,1
kl_sorsco_3,4.14,1.9,42.1,22.4,02.12.2020 22:33,kl,sorsco,3,1
kl_sorsco_4,4.36,1.9,43.9,22.9,02.12.2020 22:40,kl,sorsco,4,1
kl_sorsco_5,3.6,2.2,41.7,18.7,02.12.2020 22:47,kl,sorsco,5,1
kl_sorsco_6,4.34,2.3,42.8,18.4,02.12.2020 22:54,kl,sorsco,6,1
kl_sorsco_7,3.66,3.2,44.5,13.7,02.12.2020 23:08,kl,sorsco,7,1
kl_sorsco_8,4.31,2.9,44,15.1,02.12.2020 23:15,kl,sorsco,8,1
kl_sorsco_9,3.74,3.2,44.7,14,02.12.2020 23:22,kl,sorsco,9,1
kl_sorsco_10,3.86,1.8,45.1,24.7,02.12.2020 23:29,kl,sorsco,10,1
kl_spibet_3,3.7,1.7,46.3,27.6,03.12.2020 00:54,kl,spibet,3,1
kl_spibet_4,4.52,1.3,47.7,38.3,03.12.2020 01:01,kl,spibet,4,1
kl_spibet_5,4.69,1.7,47.1,28,03.12.2020 01:08,kl,spibet,5,1
kl_spibet_6,4.05,1.7,46.1,27.8,03.12.2020 01:15,kl,spibet,6,1
kl_spibet_7,3.78,1.3,46,35.8,03.12.2020 01:22,kl,spibet,7,1
kl_spibet_8,3.83,1.8,46.8,25.4,03.12.2020 01:30,kl,spibet,8,1
kl_spibet_9,4.87,1.7,46.4,26.7,03.12.2020 01:58,kl,spibet,9,1
kl_spibet_10,4.94,1.9,45.9,24.3,03.12.2020 01:37,kl,spibet,10,1
kl_spibet_11,3.71,1.9,46.2,24.1,03.12.2020 01:44,kl,spibet,11,1
kl_spibet_12,3.88,1.7,49.6,29.5,03.12.2020 01:51,kl,spibet,12,1
kl_symalb_1,3.61,2,45.8,22.4,02.12.2020 23:36,kl,symalb,1,1
kl_symalb_2,3.67,1.8,44.3,24.9,02.12.2020 23:43,kl,symalb,2,1
kl_symalb_2_02,4.73,1.9,44.8,23.1,02.12.2020 23:51,kl,symalb,2_02,1
kl_symalb_3,4.06,2.2,53.8,24.5,02.12.2020 23:58,kl,symalb,3,1
kl_symalb_11,3.75,2.1,45.6,21.4,03.12.2020 00:40,kl,symalb,11,1
kl_symalb_12,3.71,1.7,43.7,26.4,03.12.2020 00:47,kl,symalb,12,1
kl_symalb_7,4.42,2.2,43,19.8,03.12.2020 00:05,kl,symalb,7,1
kl_symalb_8,3.88,2.2,44.3,20.6,03.12.2020 00:12,kl,symalb,8,1
kl_symalb_9,3.66,1.9,43.3,22.9,03.12.2020 00:19,kl,symalb,9,1
kl_symalb_10,3.69,2,44.6,22.2,03.12.2020 00:26,kl,symalb,10,1
kl_vacmem_1,4.25,1.6,43.1,26.7,02.12.2020 16:25,kl,vacmem,1,1
kl_vacmem_2,4.14,1.7,45,26.6,02.12.2020 16:32,kl,vacmem,2,1
kl_vacmem_3,4.79,2.2,44,20.3,02.12.2020 16:39,kl,vacmem,3,1
kl_vacmem_4,3.76,2.7,42.8,16.1,02.12.2020 16:46,kl,vacmem,4,1
kl_vacmem_5,3.82,2.2,44.6,20.3,02.12.2020 17:00,kl,vacmem,5,1
kl_vacmem_6,4.37,2.2,45.9,20.5,02.12.2020 17:08,kl,vacmem,6,1
kl_vacmem_7,3.96,2.1,45.2,22.1,02.12.2020 17:15,kl,vacmem,7,1
kl_vacmem_8,4.18,1.8,44.5,24.4,02.12.2020 17:22,kl,vacmem,8,1
kl_vacmem_9,4.37,2.4,45.7,19.1,02.12.2020 17:29,kl,vacmem,9,1
kl_vacmem_10,3.61,2.2,45.9,21.1,02.12.2020 17:36,kl,vacmem,10,1
kl_vacmem_11,4.02,2.1,44.7,21.5,03.12.2020 17:34,kl,vacmem,11,1
kl_vibedu_1,3.95,1.6,42.3,26.1,02.12.2020 21:36,kl,vibedu,1,1
kl_vibedu_2,3.97,1.7,44.1,26.1,02.12.2020 21:22,kl,vibedu,2,1
kl_vibedu_3,4.08,1.7,44.1,25.4,02.12.2020 21:15,kl,vibedu,3,1
kl_vibedu_4,4.43,1.7,46.2,27.1,02.12.2020 21:08,kl,vibedu,4,1
kl_vibedu_5,3.83,1.8,45.8,25.8,02.12.2020 21:01,kl,vibedu,5,1
kl_vibedu_6,3.9,1.8,43.5,24.5,02.12.2020 21:43,kl,vibedu,6,1
kl_vibedu_7,4.45,2.2,45.1,20.1,02.12.2020 21:50,kl,vibedu,7,1
kl_vibedu_8,4.07,2.1,44.5,21,02.12.2020 21:57,kl,vibedu,8,1
kl_vibedu_9,4.4,1.4,43.8,31.8,02.12.2020 22:05,kl,vibedu,9,1
kl_vibedu_10,3.78,1.9,43,22.6,02.12.2020 22:12,kl,vibedu,10,1
mp_acegla_1,4.39,1.7,44.8,25.9,25.11.2020 16:29,mp,acegla,1,1
mp_acegla_2,3.63,2.8,47.7,16.9,25.11.2020 16:36,mp,acegla,2,1
mp_acegla_3,4.21,2.5,47,19.2,25.11.2020 16:43,mp,acegla,3,1
mp_acegla_4,3.47,2.8,48,17.3,25.11.2020 16:50,mp,acegla,4,1
mp_acegla_5,4.41,2.4,43.9,18.4,25.11.2020 16:57,mp,acegla,5,1
mp_acegla_7,3.91,2.4,46,19.6,25.11.2020 17:04,mp,acegla,7,1
mp_acegla_8,3.78,2.4,45.4,18.6,25.11.2020 17:18,mp,acegla,8,1
mp_acegla_9,3.77,2.3,45.5,19.5,25.11.2020 17:26,mp,acegla,9,1
mp_acegla_10,4.28,2.8,46,16.7,25.11.2020 17:33,mp,acegla,10,1
mp_acegla_11,4.29,1.8,45.4,25.4,25.11.2020 17:40,mp,acegla,11,1
mp_acegla_10_2,4.37,1.9,45.3,23.6,04.12.2020 11:56,mp,acegla,10_2,1
mp_alninc_1,3.8,42,475.6,11.3,25.11.2020 15:04,mp,alninc,1,1
mp_alninc_2,4.58,4.2,62.9,15.1,25.11.2020 13:53,mp,alninc,2,1
mp_alninc_3,4.26,4.1,64.2,15.7,25.11.2020 14:00,mp,alninc,3,1
mp_alninc_4,3.76,39.2,491.2,12.5,25.11.2020 14:14,mp,alninc,4,1
mp_alninc_5,4.26,40.8,470.2,11.5,25.11.2020 14:21,mp,alninc,5,1
mp_alninc_6,4.73,36.7,462.3,12.6,25.11.2020 14:28,mp,alninc,6,1
mp_alninc_7,4.08,34.1,494.2,14.5,25.11.2020 14:35,mp,alninc,7,1
mp_alninc_8,4.14,33.2,391.8,11.8,25.11.2020 14:42,mp,alninc,8,1
mp_alninc_8_2,3.83,42.1,489.1,11.6,25.11.2020 14:57,mp,alninc,8_2,1
mp_alninc_10,3.49,32.8,596.2,18.2,25.11.2020 14:50,mp,alninc,10,1
mp_alnvir_1,4.52,35.4,476.5,13.5,25.11.2020 15:11,mp,alnvir,1,1
mp_alnvir_2,4.88,38.1,466.1,12.2,25.11.2020 15:18,mp,alnvir,2,1
mp_alnvir_3,3.5,32.5,488,15,25.11.2020 15:25,mp,alnvir,3,1
mp_alnvir_4,4.16,22.7,477.8,21.1,25.11.2020 15:32,mp,alnvir,4,1
mp_alnvir_5,3.62,2.7,48.6,17.9,25.11.2020 15:46,mp,alnvir,5,1
mp_alnvir_6,4.04,3.6,48.5,13.7,25.11.2020 15:53,mp,alnvir,6,1
mp_alnvir_7,4.62,2.9,47.7,16.5,25.11.2020 16:00,mp,alnvir,7,1
mp_alnvir_8,4.62,4.2,47.8,11.5,25.11.2020 16:08,mp,alnvir,8,1
mp_alnvir_9,4.22,2.2,47.1,21.4,25.11.2020 16:15,mp,alnvir,9,1
mp_alnvir_10,4.11,2.8,48.4,17.6,25.11.2020 16:22,mp,alnvir,10,1
mp_amealn_1,4.34,4.2,58,13.8,25.11.2020 12:42,mp,amealn,1,1
mp_amealn_2,4.15,4.2,58.8,14.1,25.11.2020 12:49,mp,amealn,2,1
mp_amealn_3,3.7,2.8,56.5,20.3,25.11.2020 12:56,mp,amealn,3,1
mp_amealn_4,3.6,4.2,58,13.9,25.11.2020 13:03,mp,amealn,4,1
mp_amealn_5,3.88,2.9,57.2,19.8,25.11.2020 13:10,mp,amealn,5,1
mp_amealn_6,3.71,3.9,57.6,14.9,25.11.2020 13:18,mp,amealn,6,1
mp_amealn_7,4.52,3.7,57.2,15.5,25.11.2020 13:25,mp,amealn,7,1
mp_amealn_8,4.01,4,57.5,14.2,25.11.2020 13:32,mp,amealn,8,1
mp_amealn_9,4.14,3.9,58.3,15.1,25.11.2020 13:39,mp,amealn,9,1
mp_amealn_10,3.95,3.6,57.7,16.1,25.11.2020 13:46,mp,amealn,10,1
mp_amealn_11,4.64,2.5,47.7,19.2,03.12.2020 22:09,mp,amealn,11,1
mp_amealn_12,3.85,2.7,44.8,16.9,03.12.2020 22:02,mp,amealn,12,1
mp_corsto_1,4.27,3.3,45.7,13.7,25.11.2020 17:47,mp,corsto,1,1
mp_corsto_2,3.98,3,45.9,15.2,25.11.2020 17:54,mp,corsto,2,1
mp_corsto_20,4.62,2.6,50.1,19.3,25.11.2020 18:58,mp,corsto,20,1
mp_corsto_3,4.62,2.3,47.3,20.6,25.11.2020 18:01,mp,corsto,3,1
mp_corsto_5,3.62,3.2,45.4,14.2,25.11.2020 18:08,mp,corsto,5,1
mp_corsto_6,4.11,2.4,45.3,19.2,25.11.2020 18:15,mp,corsto,6,1
mp_corsto_7,3.8,2.5,46.1,18.8,25.11.2020 18:22,mp,corsto,7,1
mp_corsto_8,4.01,2.8,46.9,16.7,25.11.2020 18:29,mp,corsto,8,1
mp_corsto_9,4.67,2.8,46.2,16.8,25.11.2020 18:36,mp,corsto,9,1
mp_corsto_10_02,4.2,2.7,49.8,18.2,25.11.2020 18:51,mp,corsto,10_02,1
mp_loninv_3,4.39,3.1,52.6,16.8,25.11.2020 19:05,mp,loninv,3,1
mp_loninv_5,3.59,3.3,50.5,15.5,25.11.2020 19:19,mp,loninv,5,1
mp_loninv_6,4.11,2.5,50.6,20.6,25.11.2020 19:26,mp,loninv,6,1
mp_loninv_8,3.9,3.8,53,13.9,25.11.2020 19:33,mp,loninv,8,1
mp_loninv_9,4.13,4.2,52.4,12.5,25.11.2020 19:40,mp,loninv,9,1
mp_loninv_10,4.15,2.9,50.1,17.2,25.11.2020 19:47,mp,loninv,10,1
mp_loninv_11,4.85,2.7,49.7,18.1,25.11.2020 19:54,mp,loninv,11,1
mp_loninv_12,4.83,3.2,51.5,16,25.11.2020 20:01,mp,loninv,12,1
mp_loninv_13,3.88,2.8,51,18.2,25.11.2020 20:08,mp,loninv,13,1
mp_menfer_1,3.89,2.9,45.1,15.5,26.11.2020 19:50,mp,menfer,1,1
mp_menfer_2,3.59,2.2,44.4,20.3,26.11.2020 19:57,mp,menfer,2,1
mp_menfer_4,3.58,2.4,43.4,18.4,26.11.2020 20:04,mp,menfer,4,1
mp_menfer_5,3.74,2.4,44.9,18.5,26.11.2020 20:11,mp,menfer,5,1
mp_menfer_6,3.6,2.5,45.1,17.8,26.11.2020 20:25,mp,menfer,6,1
mp_menfer_7,3.8,2.5,44.5,17.6,26.11.2020 20:32,mp,menfer,7,1
mp_menfer_9,3.93,3.1,44.7,14.6,26.11.2020 20:40,mp,menfer,9,1
mp_menfer_10,4.25,2.6,44.8,17,26.11.2020 20:47,mp,menfer,10,1
mp_menfer_10_02,3.72,2.6,44.7,16.9,26.11.2020 20:54,mp,menfer,10_02,1
mp_menfer_12,4.42,2,43.5,21.9,26.11.2020 21:01,mp,menfer,12,1
mp_popbal_6,4.15,2.3,48.8,21.7,25.11.2020 21:33,mp,popbal,6,1
mp_popbal_7,3.93,2.7,49.3,18.5,25.11.2020 21:41,mp,popbal,7,1
mp_popbal_8,4.46,2.5,47.8,19.2,04.12.2020 15:07,mp,popbal,8,1
mp_popbal_9,4.49,1.8,47.1,25.9,04.12.2020 15:14,mp,popbal,9,1
mp_popbal_10_02,4.26,1.8,45.8,25.9,04.12.2020 15:21,mp,popbal,10_02,1
mp_popbal_11,3.8,2.5,47.3,19.1,04.12.2020 15:28,mp,popbal,11,1
mp_popbal_12,3.92,2.2,44.4,20.2,04.12.2020 15:43,mp,popbal,12,1
mp_popbal_13,4.29,1.8,42.1,23.9,04.12.2020 15:50,mp,popbal,13,1
mp_popbal_14,3.61,2.1,50.4,23.9,04.12.2020 16:04,mp,popbal,14,1
mp_popbal_15,3.89,1.6,38.7,24,04.12.2020 15:57,mp,popbal,15,1
mp_poptre_5,3.62,2,51.7,26.5,25.11.2020 20:44,mp,poptre,5,1
mp_poptre_6,4.05,3.1,48.5,15.4,25.11.2020 21:05,mp,poptre,6,1
mp_poptre_7,4.69,2.7,50.2,18.7,25.11.2020 21:12,mp,poptre,7,1
mp_poptre_7_02,3.94,2.2,52.1,23.8,25.11.2020 21:19,mp,poptre,7_02,1
mp_poptre_8,4.67,2.9,49.7,17.3,25.11.2020 20:51,mp,poptre,8,1
mp_poptre_9,3.75,2.8,51,18.2,25.11.2020 21:26,mp,poptre,9,1
mp_poptre_10,3.76,2.8,51.5,18.6,25.11.2020 20:23,mp,poptre,10,1
mp_poptre_11,3.8,2.4,51.1,21.6,25.11.2020 20:30,mp,poptre,11,1
mp_poptre_12,3.73,2.5,50.8,20,25.11.2020 20:37,mp,poptre,12,1
mp_poptre_13,4.21,2.5,51.8,20.9,25.11.2020 20:58,mp,poptre,13,1
mp_rhoalb_1,4.24,2.1,46.1,22.6,04.12.2020 14:39,mp,rhoalb,1,1
mp_rhoalb_2,3.64,2.9,45.9,15.8,04.12.2020 14:46,mp,rhoalb,2,1
mp_rhoalb_3,4.13,2.5,46.5,18.9,04.12.2020 14:53,mp,rhoalb,3,1
mp_rhoalb_4,4.25,2.5,45.6,18.4,04.12.2020 15:00,mp,rhoalb,4,1
mp_rhoalb_5,3.9,3,44.8,15.1,26.11.2020 12:44,mp,rhoalb,5,1
mp_rhoalb_8,4.79,2.3,45.8,19.7,26.11.2020 12:51,mp,rhoalb,8,1
mp_rhoalb_9,3.56,2.7,46.4,17.4,26.11.2020 12:58,mp,rhoalb,9,1
mp_rhoalb_10,3.84,2.5,46.4,18.7,26.11.2020 13:05,mp,rhoalb,10,1
mp_rhoalb_11,4.36,1.9,46.7,24.2,26.11.2020 13:12,mp,rhoalb,11,1
mp_rhoalb_12,3.92,2.4,46.4,19.1,26.11.2020 13:19,mp,rhoalb,12,1
mp_riblac_1,3.55,1.9,44.2,23.3,26.11.2020 18:32,mp,riblac,1,1
mp_riblac_2,4.49,2.8,42.4,14.9,26.11.2020 18:39,mp,riblac,2,1
mp_riblac_3,3.84,3,43.5,14.7,26.11.2020 18:53,mp,riblac,3,1
mp_riblac_4,3.8,2.1,51.9,24.4,26.11.2020 19:00,mp,riblac,4,1
mp_riblac_5,3.89,2.4,45.2,18.5,26.11.2020 19:07,mp,riblac,5,1
mp_riblac_6,3.96,3,44.8,15.2,26.11.2020 19:14,mp,riblac,6,1
mp_riblac_7,4.18,2.7,45.2,17,26.11.2020 19:21,mp,riblac,7,1
mp_riblac_8,3.62,2.7,45.6,17,26.11.2020 19:29,mp,riblac,8,1
mp_riblac_10,3.63,2.2,43.8,19.8,26.11.2020 19:36,mp,riblac,10,1
mp_riblac_11,3.62,2.2,43.6,20.1,26.11.2020 19:43,mp,riblac,11,1
mp_rubpar_1,4.67,2.5,44.4,17.8,04.12.2020 17:29,mp,rubpar,1,1
mp_rubpar_2,3.72,3.8,44.5,11.6,04.12.2020 17:36,mp,rubpar,2,1
mp_rubpar_3,4.02,3.9,45.3,11.7,04.12.2020 17:43,mp,rubpar,3,1
mp_rubpar_4,4.68,3,45.3,15.1,04.12.2020 17:50,mp,rubpar,4,1
mp_rubpar_5,3.97,2.8,46.2,16.6,04.12.2020 12:03,mp,rubpar,5,1
mp_rubpar_6,4.33,3.7,45.3,12.3,04.12.2020 17:57,mp,rubpar,6,1
mp_rubpar_7,4.22,3.2,44.9,13.9,04.12.2020 18:11,mp,rubpar,7,1
mp_rubpar_8,3.96,2.7,45.3,16.8,04.12.2020 18:18,mp,rubpar,8,1
mp_rubpar_9,3.72,4.2,44.9,10.6,04.12.2020 18:25,mp,rubpar,9,1
mp_rubpar_10,4.14,3.2,46.4,14.5,04.12.2020 18:32,mp,rubpar,10,1
mp_samrac_1,4.42,6,47.8,8,26.11.2020 13:26,mp,samrac,1,1
mp_samrac_2,4.08,5.6,46.4,8.3,26.11.2020 13:34,mp,samrac,2,1
mp_samrac_3,4.32,4.2,46.4,11.1,26.11.2020 13:41,mp,samrac,3,1
mp_samrac_4,3.73,5.3,45.6,8.6,26.11.2020 13:48,mp,samrac,4,1
mp_samrac_5,3.58,5.2,47,9,26.11.2020 13:55,mp,samrac,5,1
mp_samrac_6,3.9,4.3,46.8,10.9,04.12.2020 11:49,mp,samrac,6,1
mp_samrac_7,4.77,4.5,45.6,10.1,26.11.2020 14:02,mp,samrac,7,1
mp_samrac_8,4.55,4.2,45.2,10.8,26.11.2020 14:16,mp,samrac,8,1
mp_samrac_9,4.68,4.3,46.6,10.9,26.11.2020 14:23,mp,samrac,9,1
mp_samrac_10,3.51,3.9,45.6,11.6,26.11.2020 14:30,mp,samrac,10,1
mp_samrac_11,3.96,3.9,45.8,11.8,26.11.2020 14:37,mp,samrac,11,1
mp_shecan_2,4.33,2.9,45.9,15.7,04.12.2020 14:25,mp,shecan,2,1
mp_shecan_4,4.03,3.3,45.3,13.6,04.12.2020 14:32,mp,shecan,4,1
mp_shecan_5,4.25,2.6,46.9,18,03.12.2020 19:05,mp,shecan,5,1
mp_shecan_6,4.72,3.7,44.9,12.1,03.12.2020 19:12,mp,shecan,6,1
mp_shecan_7,4.67,2.9,45.3,15.5,03.12.2020 19:20,mp,shecan,7,1
mp_shecan_8,4.46,2.9,45,15.8,03.12.2020 19:27,mp,shecan,8,1
mp_shecan_9,3.76,2.8,45.9,16.2,03.12.2020 19:41,mp,shecan,9,1
mp_shecan_10,3.79,3.7,46.3,12.7,03.12.2020 19:48,mp,shecan,10,1
mp_shecan_11,3.85,4.2,46.2,11,03.12.2020 19:55,mp,shecan,11,1
mp_sorsco_1,4.7,2.9,42.9,15,04.12.2020 16:11,mp,sorsco,1,1
mp_sorsco_3,3.72,2.1,44.5,20.9,04.12.2020 16:18,mp,sorsco,3,1
mp_sorsco_4,3.76,3.1,42.1,13.8,04.12.2020 16:25,mp,sorsco,4,1
mp_sorsco_8,4.39,3.5,43.8,12.5,04.12.2020 16:32,mp,sorsco,8,1
mp_sorsco_10,3.6,3.1,46.7,15,04.12.2020 16:39,mp,sorsco,10,1
mp_sorsco_11,4.54,3.6,47.7,13.4,04.12.2020 16:46,mp,sorsco,11,1
mp_sorsco_10_2,4.71,2.7,43.1,15.8,04.12.2020 16:53,mp,sorsco,10_2,1
mp_sorsco_12,4.89,2.9,43.7,15.2,04.12.2020 17:00,mp,sorsco,12,1
mp_sorsco_13,4,3.5,46.3,13.4,04.12.2020 17:15,mp,sorsco,13,1
mp_sorsco_14,4.26,2.9,45.6,15.7,04.12.2020 17:22,mp,sorsco,14,1
mp_spibet_1,3.95,2.5,46.9,18.9,26.11.2020 16:03,mp,spibet,1,1
mp_spibet_2,4.33,1.8,46,26.1,26.11.2020 16:10,mp,spibet,2,1
mp_spibet_3,4,2.1,46.3,21.6,26.11.2020 16:17,mp,spibet,3,1
mp_spibet_4,3.76,2.3,45.3,19.6,26.11.2020 16:24,mp,spibet,4,1
mp_spibet_5,4.49,3.2,48,15.1,26.11.2020 16:31,mp,spibet,5,1
mp_spibet_6,3.19,2.7,47.3,17.3,26.11.2020 16:38,mp,spibet,6,1
mp_spibet_7,3.91,2.5,47.7,18.9,26.11.2020 16:45,mp,spibet,7,1
mp_spibet_8,4.53,2.3,46.8,20.7,26.11.2020 16:52,mp,spibet,8,1
mp_spibet_9,3.66,2,47.1,23.5,26.11.2020 16:59,mp,spibet,9,1
mp_spibet_10,3.71,3,48.3,15.9,26.11.2020 17:06,mp,spibet,10,1
mp_spipyr_1,3.81,3,48.4,16.3,26.11.2020 17:21,mp,spipyr,1,1
mp_spipyr_10_2,3.8,2.4,46.7,19.4,27.11.2020 12:47,mp,spipyr,10_2,1
mp_spipyr_2,4.88,2.6,48.6,18.7,26.11.2020 17:35,mp,spipyr,2,1
mp_spipyr_3,4.72,2.2,48.3,21.6,26.11.2020 17:42,mp,spipyr,3,1
mp_spipyr_4,3.68,2.6,49.6,18.8,26.11.2020 17:49,mp,spipyr,4,1
mp_spipyr_5,4.51,2.2,49.5,22.5,26.11.2020 17:56,mp,spipyr,5,1
mp_spipyr_6,4.15,2.8,49.4,17.9,26.11.2020 18:03,mp,spipyr,6,1
mp_spipyr_7,4.52,2.5,48.9,19.7,26.11.2020 18:10,mp,spipyr,7,1
mp_spipyr_8,3.6,2.8,48.1,17.1,26.11.2020 18:18,mp,spipyr,8,1
mp_spipyr_9,4.06,2.2,48.9,22,26.11.2020 18:25,mp,spipyr,9,1
mp_spipyr_10,3.74,2.6,48.7,19.1,26.11.2020 17:28,mp,spipyr,10,1
mp_symalb_1,3.83,3,45.4,15.2,26.11.2020 14:45,mp,symalb,1,1
mp_symalb_3,4.51,2.7,46,17.1,26.11.2020 14:52,mp,symalb,3,1
mp_symalb_4,3.55,2.4,45.4,18.7,26.11.2020 14:59,mp,symalb,4,1
mp_symalb_5,3.61,2.8,45.6,16.5,26.11.2020 15:06,mp,symalb,5,1
mp_symalb_6,4.32,3.2,45.3,14.3,26.11.2020 15:13,mp,symalb,6,1
mp_symalb_7,4.03,2.4,46.2,19.3,26.11.2020 15:20,mp,symalb,7,1
mp_symalb_8,3.59,2,45.1,22.2,26.11.2020 15:27,mp,symalb,8,1
mp_symalb_9,4.01,1.8,45.2,25.7,26.11.2020 15:34,mp,symalb,9,1
mp_symalb_10,3.65,2.3,47.1,20.2,26.11.2020 15:48,mp,symalb,10,1
mp_symalb_11,3.87,2,45.2,22.1,26.11.2020 15:55,mp,symalb,11,1
mp_vacmem_1,3.8,2.5,46.9,18.9,26.11.2020 21:08,mp,vacmem,1,1
mp_vacmem_3,4.56,2.1,48.9,23.5,26.11.2020 21:15,mp,vacmem,3,1
mp_vacmem_4,4.45,2.3,49.2,21.5,26.11.2020 21:22,mp,vacmem,4,1
mp_vacmem_5,4,2.2,48.9,22.5,26.11.2020 21:29,mp,vacmem,5,1
mp_vacmem_5_2,4.14,1.8,48.4,27.4,26.11.2020 21:36,mp,vacmem,5_2,1
mp_vacmem_7,4.05,2.9,47.4,16.5,26.11.2020 21:44,mp,vacmem,7,1
mp_vacmem_8,4.04,2.2,46.3,21,04.12.2020 13:50,mp,vacmem,8,1
mp_vacmem_9,4.58,2.5,47.1,18.8,04.12.2020 13:57,mp,vacmem,9,1
mp_vacmem_11,4.6,2.3,46.2,20.5,04.12.2020 14:11,mp,vacmem,11,1
mp_vacmem_12,4.29,2.5,47,18.9,04.12.2020 14:18,mp,vacmem,12,1
mp_vibedu_2,4,2.2,45.4,20.8,04.12.2020 13:14,mp,vibedu,2,1
mp_vibedu_4,3.56,2.9,45.8,15.7,04.12.2020 13:21,mp,vibedu,4,1
mp_vibedu_5,4.12,2,46.5,23.6,04.12.2020 12:39,mp,vibedu,5,1
mp_vibedu_7,4.18,2.1,46,22.1,04.12.2020 12:46,mp,vibedu,7,1
mp_vibedu_8,3.52,2.3,46.7,20.3,04.12.2020 12:53,mp,vibedu,8,1
mp_vibedu_9,4.22,1.9,46.3,24.1,04.12.2020 13:00,mp,vibedu,9,1
mp_vibedu_10,3.8,2.6,46.6,18,04.12.2020 13:07,mp,vibedu,10,1
mp_vibedu_12,3.71,2.3,47,20,04.12.2020 13:28,mp,vibedu,12,1
mp_vibedu_13,3.91,2.1,44.8,21.4,04.12.2020 13:35,mp,vibedu,13,1
mp_vibedu_14,3.83,2.3,43.9,19.3,04.12.2020 13:42,mp,vibedu,14,1
sm_acegla_2,3.65,3.1,39.8,12.8,--.--.---- --:--,sm,acegla,2,1
sm_acegla_3,4.64,4.3,41.4,9.7,23.11.2020 12:24,sm,acegla,3,1
sm_acegla_7,3.9,2.2,38.3,17.2,23.11.2020 12:48,sm,acegla,7,1
sm_acegla_8,3.62,2.1,42.4,20,23.11.2020 12:55,sm,acegla,8,1
sm_acegla_9,3.87,2.3,40.5,17.4,23.11.2020 13:02,sm,acegla,9,1
sm_acegla_10,4.11,1.8,40.9,22.3,23.11.2020 13:09,sm,acegla,10,1
sm_acegla_11,3.97,3.4,42.3,12.6,23.11.2020 13:16,sm,acegla,11,1
sm_acegla_13,3.91,2.6,40.5,15.6,23.11.2020 13:23,sm,acegla,13,1
sm_acegla_14,4.48,2,40.3,20.1,23.11.2020 13:30,sm,acegla,14,1
sm_acegla_15,4.05,3,50.4,16.8,23.11.2020 13:37,sm,acegla,15,1
sm_alninc_1,4.65,4,49.5,12.3,23.11.2020 16:20,sm,alninc,1,1
sm_alninc_2,3.93,4.1,49.7,12.1,23.11.2020 16:27,sm,alninc,2,1
sm_alninc_3,3.59,3.2,45.9,14.2,23.11.2020 16:34,sm,alninc,3,1
sm_alninc_4,4.68,3.3,48.9,14.7,23.11.2020 16:41,sm,alninc,4,1
sm_alninc_5,4.42,4.2,49.5,11.7,23.11.2020 16:48,sm,alninc,5,1
sm_alninc_8,3.97,3.5,49,13.8,23.11.2020 16:55,sm,alninc,8,1
sm_alninc_19,4.12,2.9,48.5,16.5,23.11.2020 17:09,sm,alninc,19,1
sm_alninc_20,4.55,3.7,48.2,13.2,23.11.2020 17:17,sm,alninc,20,1
sm_alnvir_10_2,4.59,4,48.8,12.2,04.12.2020 12:25,sm,alnvir,10_2,1
sm_alninc_21,3.75,4.1,49,11.8,23.11.2020 17:24,sm,alninc,21,1
sm_alnvir_2,4.51,4.6,47.8,10.5,23.11.2020 15:02,sm,alnvir,2,1
sm_alnvir_2_2,4.58,3.8,49.1,12.8,04.12.2020 12:18,sm,alnvir,2,1
sm_alnvir_6,3.88,3.7,50.5,13.8,23.11.2020 15:09,sm,alnvir,6,1
sm_alnvir_7_ai,3.76,3.4,50.4,15,23.11.2020 17:31,sm,alnvir,7_ai,1
sm_alnvir_8,3.76,3.8,47.2,12.6,23.11.2020 15:16,sm,alnvir,8,1
sm_alnvir_9,3.68,4.7,47.5,10.2,23.11.2020 15:23,sm,alnvir,9,1
sm_alnvir_10,4.53,4.9,50.5,10.3,23.11.2020 15:37,sm,alnvir,10,1
sm_alnvir_11,4.48,4.6,47.4,10.2,23.11.2020 15:44,sm,alnvir,11,1
sm_alnvir_17,3.66,3.5,49.2,14.3,23.11.2020 15:52,sm,alnvir,17,1
sm_alnvir_18,4.26,3.4,47.7,13.9,23.11.2020 15:59,sm,alnvir,18,1
sm_alnvir_19,4.86,3.4,48.9,14.6,23.11.2020 16:06,sm,alnvir,19,1
sm_alnvir_20,4.42,4.2,47.4,11.2,23.11.2020 16:13,sm,alnvir,20,1
sm_amealn_1,4.21,3,44.3,14.7,24.11.2020 00:29,sm,amealn,1,1
sm_amealn_2,4.18,3.4,47.2,13.8,24.11.2020 00:36,sm,amealn,2,1
sm_amealn_3,4.5,3.1,45.5,14.7,03.12.2020 18:09,sm,amealn,3,1
sm_amealn_4,4.65,3.4,47.4,14.1,03.12.2020 18:58,sm,amealn,4,1
sm_amealn_5,4.84,3.2,46.1,14.6,03.12.2020 18:16,sm,amealn,5,1
sm_amealn_6,3.84,3.7,48.4,13.1,03.12.2020 18:23,sm,amealn,6,1
sm_amealn_7,4.39,3,45.8,15.1,03.12.2020 18:30,sm,amealn,7,1
sm_amealn_8,4.13,3.3,46.3,14.3,03.12.2020 18:37,sm,amealn,8,1
sm_amealn_9,4.6,2.8,46.6,16.7,03.12.2020 18:44,sm,amealn,9,1
sm_amealn_10,4.15,2.5,47,18.5,03.12.2020 18:51,sm,amealn,10,1
sm_betpap_1,4.25,2.9,41.8,14.4,23.11.2020 13:44,sm,betpap,1,1
sm_betpap_2,4.58,3.1,41.2,13.2,23.11.2020 13:51,sm,betpap,2,1
sm_betpap_4,3.88,3,48.3,16.1,23.11.2020 14:05,sm,betpap,4,1
sm_betpap_5,3.86,3.8,48.8,12.9,23.11.2020 14:12,sm,betpap,5,1
sm_betpap_6,3.74,4,47.8,12.1,23.11.2020 14:20,sm,betpap,6,1
sm_betpap_7,3.72,3.6,47.7,13.2,23.11.2020 14:27,sm,betpap,7,1
sm_betpap_8,4.16,2.8,47.4,16.9,23.11.2020 14:34,sm,betpap,8,1
sm_betpap_9,4.21,2.8,47,16.5,23.11.2020 14:41,sm,betpap,9,1
sm_betpap_10,4.6,3.1,45.8,14.6,23.11.2020 14:48,sm,betpap,10,1
sm_betpap_13,3.65,2.6,48.1,18.9,23.11.2020 14:55,sm,betpap,13,1
sm_corsto_2,3.97,3,44.6,15,23.11.2020 17:38,sm,corsto,2,1
sm_corsto_3,4.22,3.6,46,12.9,23.11.2020 17:45,sm,corsto,3,1
sm_corsto_4,3.9,3.3,45.9,13.9,23.11.2020 17:52,sm,corsto,4,1
sm_corsto_5,3.92,3,45.9,15.5,23.11.2020 17:59,sm,corsto,5,1
sm_corsto_6,4.21,3,45,15.2,23.11.2020 18:06,sm,corsto,6,1
sm_corsto_7,3.81,3,46.3,15.3,23.11.2020 18:13,sm,corsto,7,1
sm_corsto_8,4.12,3.4,46.1,13.5,23.11.2020 18:20,sm,corsto,8,1
sm_corsto_10,4.34,2.3,44.7,19.1,23.11.2020 18:27,sm,corsto,10,1
sm_corsto_11,3.92,2.1,42.5,20.6,23.11.2020 18:41,sm,corsto,11,1
sm_corsto_12,3.74,2.8,45.5,16.1,23.11.2020 18:49,sm,corsto,12,1
sm_corsto_13,3.7,2.7,49.4,18,03.12.2020 17:48,sm,corsto,13,1
sm_corsto_14,4.12,1.7,39.4,23.6,03.12.2020 17:55,sm,corsto,14,1
sm_loninv_1,3.9,3.9,46.3,11.9,24.11.2020 17:59,sm,loninv,1,1
sm_loninv_2,4.39,4.2,46.5,11,24.11.2020 18:06,sm,loninv,2,1
sm_loninv_3,4.19,3.4,46.2,13.6,24.11.2020 18:13,sm,loninv,3,1
sm_loninv_4,4.08,4.7,44.2,9.4,24.11.2020 18:20,sm,loninv,4,1
sm_loninv_5,4.42,4.9,46.2,9.4,24.11.2020 18:27,sm,loninv,5,1
sm_loninv_6,3.54,3.3,47.9,14.7,24.11.2020 18:35,sm,loninv,6,1
sm_loninv_7,4.27,3,45.5,15,24.11.2020 18:42,sm,loninv,7,1
sm_loninv_8,4.11,3.8,45.4,11.8,24.11.2020 18:49,sm,loninv,8,1
sm_loninv_9,4.27,3.4,45.2,13.4,24.11.2020 18:56,sm,loninv,9,1
sm_loninv_11,4.05,3.4,47.4,14.1,24.11.2020 19:03,sm,loninv,11,1
sm_menfer_4,3.67,4,48.7,12.3,24.11.2020 19:17,sm,menfer,4,1
sm_menfer_6,4.33,3.5,45.2,12.9,24.11.2020 19:24,sm,menfer,6,1
sm_menfer_7,3.71,4.4,46.9,10.7,24.11.2020 19:31,sm,menfer,7,1
sm_menfer_8,4.46,4.5,47.7,10.6,24.11.2020 19:38,sm,menfer,8,1
sm_menfer_9,4.49,3.8,48.3,12.7,24.11.2020 19:45,sm,menfer,9,1
sm_menfer_10,3.74,4.4,48.6,11.2,24.11.2020 20:21,sm,menfer,10,1
sm_menfer_11,4.06,3.1,47.4,15.1,24.11.2020 19:53,sm,menfer,11,1
sm_menfer_12,3.78,3.4,46.9,14,24.11.2020 20:00,sm,menfer,12,1
sm_menfer_13,4.3,4.1,48.8,11.9,24.11.2020 20:07,sm,menfer,13,1
sm_menfer_14,3.99,4.4,47.8,10.9,24.11.2020 20:14,sm,menfer,14,1
sm_popbal_1,3.69,4,46.2,11.6,24.11.2020 14:05,sm,popbal,1,1
sm_popbal_3,4.06,3.5,46.9,13.2,24.11.2020 14:12,sm,popbal,3,1
sm_popbal_5,4.49,3.2,46.9,14.8,24.11.2020 14:19,sm,popbal,5,1
sm_popbal_6,3.97,3.4,45.8,13.4,24.11.2020 14:27,sm,popbal,6,1
sm_popbal_8,3.97,2.7,48,18,24.11.2020 14:41,sm,popbal,8,1
sm_popbal_9,4.05,3.4,46.2,13.8,24.11.2020 14:48,sm,popbal,9,1
sm_popbal_10,3.72,2.9,47,16.5,24.11.2020 14:55,sm,popbal,10,1
sm_popbal_11,3.89,2.5,48.8,19.2,24.11.2020 15:02,sm,popbal,11,1
sm_popbal_12,4.35,2.6,47.4,18.2,24.11.2020 15:09,sm,popbal,12,1
sm_popbal_20,4.2,3.8,48.4,12.8,24.11.2020 15:16,sm,popbal,20,1
sm_poptre_1,4.01,3.7,47.4,12.9,03.12.2020 21:55,sm,poptre,1,1
sm_poptre_2,4.49,3,36.7,12.3,23.11.2020 21:24,sm,poptre,2,1
sm_poptre_3,4.53,3,36.4,12.1,23.11.2020 21:31,sm,poptre,3,1
sm_poptre_4,3.76,5.6,38.7,6.9,23.11.2020 21:45,sm,poptre,4,1
sm_poptre_5,4.88,5.4,37.5,6.9,23.11.2020 21:53,sm,poptre,5,1
sm_poptre_7,4.08,4.9,34.8,7.2,23.11.2020 22:00,sm,poptre,7,1
sm_poptre_11,3.93,4.7,36.4,7.8,23.11.2020 22:07,sm,poptre,11,1
sm_poptre_12,3.68,4.3,38,8.9,23.11.2020 22:14,sm,poptre,12,1
sm_poptre_13,3.61,4.1,38.6,9.5,23.11.2020 22:35,sm,poptre,13,1
sm_poptre_15,4.36,6.2,38.4,6.2,23.11.2020 22:21,sm,poptre,15,1
sm_poptre_16,4.4,5.8,38.1,6.5,23.11.2020 22:28,sm,poptre,16,1
sm_poptre_17,4.74,5.3,48,9.1,03.12.2020 21:27,sm,poptre,17,1
sm_poptre_18,4.35,3.8,47.4,12.4,03.12.2020 21:34,sm,poptre,18,1
sm_poptre_19,4.03,3.7,50.2,13.5,03.12.2020 21:41,sm,poptre,19,1
sm_riblac_2,4.02,2.4,47.5,20,24.11.2020 16:41,sm,riblac,2,1
sm_riblac_3,4.01,2.3,47.3,20.5,24.11.2020 17:24,sm,riblac,3,1
sm_riblac_5,3.65,3.4,48.2,14.3,24.11.2020 16:48,sm,riblac,5,1
sm_riblac_6,3.79,2.5,45.9,18.6,24.11.2020 17:02,sm,riblac,6,1
sm_riblac_7,4.01,2.7,44.3,16.4,24.11.2020 16:55,sm,riblac,7,1
sm_riblac_9,3.76,3.3,45.3,13.9,24.11.2020 17:10,sm,riblac,9,1
sm_riblac_10,4.59,3.7,48.5,13.1,24.11.2020 17:31,sm,riblac,10,1
sm_riblac_11,4.22,3.2,44.9,14.2,24.11.2020 17:17,sm,riblac,11,1
sm_riblac_12,4.37,2.3,45.5,20.2,24.11.2020 17:45,sm,riblac,12,1
sm_riblac_12_02,4.65,3.5,43.9,12.6,24.11.2020 17:52,sm,riblac,12_02,1
sm_rubpar_1,3.79,4.9,46.3,9.5,24.11.2020 15:23,sm,rubpar,1,1
sm_rubpar_2,3.64,3.9,45.6,11.7,24.11.2020 15:30,sm,rubpar,2,1
sm_rubpar_3,4.42,4.1,45.9,11.3,24.11.2020 15:37,sm,rubpar,3,1
sm_rubpar_4,4.14,2.6,46,18,24.11.2020 15:45,sm,rubpar,4,1
sm_rubpar_5,3.76,3,45.9,15.2,24.11.2020 15:52,sm,rubpar,5,1
sm_rubpar_6,3.92,4.2,45.4,10.8,24.11.2020 15:59,sm,rubpar,6,1
sm_rubpar_7,4.77,3.1,46.3,14.9,24.11.2020 16:13,sm,rubpar,7,1
sm_rubpar_8,4.13,2.8,47.3,17.2,24.11.2020 16:20,sm,rubpar,8,1
sm_rubpar_9,4.7,2.6,45.9,17.9,24.11.2020 16:27,sm,rubpar,9,1
sm_rubpar_10,4.29,3.2,46,14.5,24.11.2020 16:34,sm,rubpar,10,1
sm_samrac_2,3.67,6.3,49.2,7.8,24.11.2020 20:28,sm,samrac,2,1
sm_samrac_3,4.17,7.1,45.6,6.4,24.11.2020 20:35,sm,samrac,3,1
sm_samrac_4,4.22,6.5,44,6.8,24.11.2020 20:49,sm,samrac,4,1
sm_samrac_5,3.75,4.8,46.5,9.6,24.11.2020 20:56,sm,samrac,5,1
sm_samrac_6,4.22,4.4,44,9.9,24.11.2020 21:03,sm,samrac,6,1
sm_samrac_7,3.69,4.8,45.6,9.4,24.11.2020 21:11,sm,samrac,7,1
sm_samrac_8,4.24,5,45.8,9.2,24.11.2020 21:18,sm,samrac,8,1
sm_samrac_9,4.5,4.3,46.3,10.8,24.11.2020 21:25,sm,samrac,9,1
sm_samrac_10,3.91,6,44.2,7.3,24.11.2020 21:32,sm,samrac,10,1
sm_samrac_11,4.46,5.7,44.1,7.8,24.11.2020 21:39,sm,samrac,11,1
sm_shecan_1,4.27,6.7,33.9,5.1,23.11.2020 22:42,sm,shecan,1,1
sm_shecan_5,3.63,6.7,38.1,5.7,23.11.2020 22:49,sm,shecan,5,1
sm_shecan_6,3.61,5.7,36.6,6.4,23.11.2020 22:56,sm,shecan,6,1
sm_shecan_7,4.52,4.4,35.2,7.9,23.11.2020 23:04,sm,shecan,7,1
sm_shecan_8,3.87,4.1,45.5,11.1,23.11.2020 23:18,sm,shecan,8,1
sm_shecan_9,4.34,4.4,45.9,10.5,23.11.2020 23:25,sm,shecan,9,1
sm_shecan_10,4.31,4.5,45.8,10.2,23.11.2020 23:32,sm,shecan,10,1
sm_shecan_11,3.62,3.1,46.9,15,23.11.2020 23:39,sm,shecan,11,1
sm_shecan_12,4.71,3.8,45.6,12.2,23.11.2020 23:46,sm,shecan,12,1
sm_shecan_16,4.92,4.2,45.9,11.1,23.11.2020 23:53,sm,shecan,16,1
sm_sorsco_1,3.84,3.7,46.5,12.5,23.11.2020 18:56,sm,sorsco,1,1
sm_sorsco_4,3.85,3.7,46.3,12.7,23.11.2020 19:03,sm,sorsco,4,1
sm_sorsco_5,3.82,3.4,44.6,13.2,23.11.2020 19:10,sm,sorsco,5,1
sm_sorsco_6,3.9,4,46.8,11.7,23.11.2020 19:17,sm,sorsco,6,1
sm_sorsco_7,4.13,4,44.6,11.2,23.11.2020 19:24,sm,sorsco,7,1
sm_sorsco_9,4.66,4.3,46.1,10.7,23.11.2020 19:31,sm,sorsco,9,1
sm_sorsco_10,4.22,4.6,45.1,9.7,23.11.2020 19:38,sm,sorsco,10,1
sm_sorsco_11,3.84,3.4,44.2,13.2,23.11.2020 19:45,sm,sorsco,11,1
sm_sorsco_12,3.63,4,49.6,12.5,23.11.2020 19:52,sm,sorsco,12,1
sm_sorsco_12_02,4.33,4.1,44.8,10.9,23.11.2020 19:59,sm,sorsco,12_02,1
sm_spibet_1,3.96,3,46.5,15.6,24.11.2020 12:47,sm,spibet,1,1
sm_spibet_2,4.37,3,46.7,15.8,24.11.2020 12:54,sm,spibet,2,1
sm_spibet_3,4.37,2.4,46,19,24.11.2020 13:09,sm,spibet,3,1
sm_spibet_4,3.72,3.2,47.1,14.7,24.11.2020 13:16,sm,spibet,4,1
sm_spibet_5,4.74,2.3,46.5,20,24.11.2020 13:23,sm,spibet,5,1
sm_spibet_6,4.35,3.4,47.3,14.1,24.11.2020 13:30,sm,spibet,6,1
sm_spibet_7,4.13,3.4,47.4,13.8,24.11.2020 13:37,sm,spibet,7,1
sm_spibet_8,3.84,3.8,46.6,12.4,24.11.2020 13:44,sm,spibet,8,1
sm_spibet_9,3.81,3.8,46.3,12.3,24.11.2020 13:51,sm,spibet,9,1
sm_spibet_10,4.22,2.8,45.9,16.6,24.11.2020 13:58,sm,spibet,10,1
sm_spipyr_1,4.74,3.1,47.4,15.4,24.11.2020 21:46,sm,spipyr,1,1
sm_spipyr_2,3.67,2.9,47.3,16.4,24.11.2020 21:53,sm,spipyr,2,1
sm_spipyr_3,3.54,3.6,47.6,13.2,24.11.2020 22:00,sm,spipyr,3,1
sm_spipyr_4,4.04,3.6,46.6,13.1,24.11.2020 22:07,sm,spipyr,4,1
sm_spipyr_5,3.77,3.4,47.8,14,24.11.2020 22:21,sm,spipyr,5,1
sm_spipyr_6,4.01,3.2,47.9,14.9,24.11.2020 22:29,sm,spipyr,6,1
sm_spipyr_7,4.3,4,48.4,12.1,24.11.2020 22:36,sm,spipyr,7,1
sm_spipyr_8,4.55,4.2,46.8,11.1,24.11.2020 22:43,sm,spipyr,8,1
sm_spipyr_9,3.99,3.8,48.9,12.9,24.11.2020 22:50,sm,spipyr,9,1
sm_spipyr_10,3.94,3.7,48.4,13.1,24.11.2020 22:57,sm,spipyr,10,1
sm_symalb_2,4.25,4.8,47.5,10,24.11.2020 23:04,sm,symalb,2,1
sm_symalb_4,3.55,3.2,47,14.7,24.11.2020 23:11,sm,symalb,4,1
sm_symalb_5,3.9,2.7,47,17.7,24.11.2020 23:18,sm,symalb,5,1
sm_symalb_6,4.14,3.1,46.5,15,24.11.2020 23:25,sm,symalb,6,1
sm_symalb_7,4.19,2.6,47.5,18.6,24.11.2020 23:32,sm,symalb,7,1
sm_symalb_8,3.7,2.7,47.2,17.7,24.11.2020 23:40,sm,symalb,8,1
sm_symalb_9,3.82,2.5,45.9,18.7,24.11.2020 00:00,sm,symalb,9,1
sm_symalb_11,4.77,3.4,45.4,13.2,24.11.2020 00:14,sm,symalb,11,1
sm_symalb_12,4.49,2.5,46.2,18.5,24.11.2020 00:22,sm,symalb,12,1
sm_vacmem_1,3.72,3.2,21.5,6.8,23.11.2020 20:13,sm,vacmem,1,1
sm_vacmem_2,4.26,2.9,39,13.6,23.11.2020 20:21,sm,vacmem,2,1
sm_vacmem_3,4.49,2.7,36.9,13.5,23.11.2020 20:28,sm,vacmem,3,1
sm_vacmem_4,4.06,2.7,36.1,13.4,23.11.2020 20:35,sm,vacmem,4,1
sm_vacmem_5,4.29,2.8,36.5,13.1,23.11.2020 20:42,sm,vacmem,5,1
sm_vacmem_6,3.79,2.3,35.8,15.3,23.11.2020 20:49,sm,vacmem,6,1
sm_vacmem_7,4.24,2.8,35.2,12.6,23.11.2020 20:56,sm,vacmem,7,1
sm_vacmem_8,4.02,2.4,35.3,14.9,23.11.2020 21:03,sm,vacmem,8,1
sm_vacmem_9,4.01,2.3,37.1,15.9,23.11.2020 21:10,sm,vacmem,9,1
sm_vacmem_10,4.15,2.7,36.9,13.8,23.11.2020 21:17,sm,vacmem,10,1
sm_vibedu_1,3.86,2.6,45.5,17.5,24.11.2020 11:51,sm,vibedu,1,1
sm_vibedu_5,3.84,3.6,47.5,13.2,24.11.2020 11:37,sm,vibedu,5,1
sm_vibedu_7,4.26,2.7,47.6,18,24.11.2020 11:44,sm,vibedu,7,1
sm_vibedu_8,4.41,2.4,48.5,20.6,24.11.2020 12:33,sm,vibedu,8,1
sm_vibedu_9,4.08,2.9,49.6,17.2,24.11.2020 12:40,sm,vibedu,9,1
sm_vibedu_10,3.9,2.9,48.4,16.7,24.11.2020 11:58,sm,vibedu,10,1
sm_vibedu_11,4.72,4.2,48,11.4,24.11.2020 12:05,sm,vibedu,11,1
sm_vibedu_12,3.92,3,47.6,15.9,24.11.2020 12:12,sm,vibedu,12,1
sm_vibedu_19,4.03,1.7,47.3,27.2,24.11.2020 12:19,sm,vibedu,19,1
sm_vibedu_20,3.89,2.3,46.7,20.2,24.11.2020 12:26,sm,vibedu,20,1