"sample","species","site","no","type","ht","dbh","dbh2","dbh3","count"
"af_acegla_1","acegla","af","1","tree",2.89,1.881,NA,NA,1
"af_acegla_3","acegla","af","3","tree",6.38,9.3,2,NA,1
"af_acegla_5","acegla","af","5","tree",6.77,3,3.4,3.2,1
"af_acegla_6","acegla","af","6","tree",8.19,4.2,8.2,3.2,1
"af_acegla_7","acegla","af","7","tree",7.14,5.1,6.9,9,1
"af_acegla_8","acegla","af","8","tree",6.77,6.5,7.5,5.9,1
"af_acegla_9","acegla","af","9","tree",7.22,4.5,6.5,7,1
"af_acegla_10","acegla","af","10","tree",4.9,2.7,4.2,4.3,1
"af_acegla_11","acegla","af","11","tree",4.67,2.411,NA,NA,1
"af_acegla_12","acegla","af","12","tree",3.36,1.632,NA,NA,1
"mp_acegla_2","acegla","mp","2","tree",2.68,1.126,NA,NA,1
"mp_acegla_3","acegla","mp","3","tree",6.39,3.3,3.4,2.1,1
"mp_acegla_4","acegla","mp","4","tree",3.36,1.959,1.595,1.44,1
"mp_acegla_5","acegla","mp","5","tree",4.8,6.2,3.5,3,1
"mp_acegla_7","acegla","mp","7","tree",6.38,4.482,7.672,7.287,1
"mp_acegla_8","acegla","mp","8","tree",6.38,3.5,NA,NA,1
"mp_acegla_9","acegla","mp","9","tree",4.8,3.3,NA,NA,1
"mp_acegla_10","acegla","mp","10","tree",6.38,4.7,3.7,NA,1
"mp_acegla_10_02","acegla","mp","10_02","tree",5.09,8.2,8.5,11.5,1
"mp_acegla_11","acegla","mp","11","tree",3.54,2.016,NA,NA,1
"sm_acegla_7","acegla","sm","7","tree",10.14,7.1,NA,NA,1
"sm_acegla_8","acegla","sm","8","tree",13.6,1.26,NA,NA,1
"mp_acegla_1","acegla","mp","1","tree",5.54,2.778,5.005,1.585,1
"sm_acegla_10","acegla","sm","10","tree",6.28,24,29.9,14.9,1
"sm_acegla_11","acegla","sm","11","tree",5.09,2.2,NA,NA,1
"kl_acegla_1","acegla","kl","1","tree",4.8,40.8,5.136,4.69,1
"kl_acegla_3","acegla","kl","3","tree",4.7,2.546,2.037,NA,1
"kl_acegla_4","acegla","kl","4","tree",5.09,13.1,NA,NA,1
"kl_acegla_5","acegla","kl","5","tree",10.7,9.6,6.9,NA,1
"kl_acegla_6","acegla","kl","6","tree",5.09,6.1,NA,NA,1
"kl_acegla_7","acegla","kl","7","tree",11.87,6.5,8.4,8.1,1
"kl_acegla_8","acegla","kl","8","tree",7.8,6.143,8.48,7.224,1
"kl_acegla_9","acegla","kl","9","tree",5.09,4.034,NA,NA,1
"kl_acegla_10","acegla","kl","10","tree",NA,10.6,NA,NA,1
"kl_acegla_11","acegla","kl","11","tree",8.62,5.3,3.4,2.2,1
"sm_acegla_9","acegla","sm","9","tree",8.41,5,NA,NA,1
"sm_acegla_14","acegla","sm","14","tree",7.14,0.65,NA,NA,1
"sm_acegla_15","acegla","sm","15","tree",12.06,9.9,NA,NA,1
"sm_acegla_3","acegla","sm","3","tree",5.09,16.1,9.7,12.6,1
"sm_acegla_13","acegla","sm","13","tree",9.03,13.6,10.6,4.5,1
"sm_acegla_2","acegla","sm","2","tree",8.62,0.524,NA,NA,1
"kl_betpap_8","betpap","kl","8","tree",11.28,15.5,NA,NA,1
"kl_betpap_9","betpap","kl","9","tree",13.52,17.1,14.9,9.9,1
"kl_betpap_7","betpap","kl","7","tree",13.48,11.9,NA,NA,1
"af_betpap_4","betpap","af","4","tree",10.42,18,NA,NA,1
"af_betpap_5","betpap","af","5","tree",13.6,18.5,NA,NA,1
"af_betpap_3","betpap","af","3","tree",11.73,10.5,NA,NA,1
"af_betpap_9","betpap","af","9","tree",10.14,12.9,NA,NA,1
"af_betpap_10","betpap","af","10","tree",7.48,9.9,NA,NA,1
"af_betpap_11","betpap","af","11","tree",15.76,33.1,NA,NA,1
"af_betpap_8","betpap","af","8","tree",11.73,12.6,NA,NA,1
"af_betpap_6","betpap","af","6","tree",11.73,10.6,NA,NA,1
"kl_betpap_10","betpap","kl","10","tree",12.06,13.3,NA,NA,1
"kl_betpap_11","betpap","kl","11","tree",11.28,8.2,NA,NA,1
"kl_betpap_12","betpap","kl","12","tree",7.8,10.4,NA,NA,1
"kl_betpap_13","betpap","kl","13","tree",18.83,30.3,NA,NA,1
"kl_betpap_14","betpap","kl","14","tree",14.33,23.3,18.6,NA,1
"sm_betpap_13","betpap","sm","13","tree",7.14,13.1,NA,NA,1
"af_betpap_7","betpap","af","7","tree",8.11,10,NA,NA,1
"kl_betpap_5","betpap","kl","5","tree",11.73,12.7,7.9,NA,1
"kl_betpap_6","betpap","kl","6","tree",10.48,9.8,NA,NA,1
"sm_betpap_1","betpap","sm","1","tree",11.23,19,NA,NA,1
"sm_betpap_2","betpap","sm","2","tree",12.66,8.6,NA,NA,1
"af_betpap_2","betpap","af","2","tree",9.42,9.9,NA,NA,1
"sm_betpap_5","betpap","sm","5","tree",11.73,12.7,NA,NA,1
"sm_betpap_6","betpap","sm","6","tree",11.12,12.9,NA,NA,1
"sm_betpap_7","betpap","sm","7","tree",9.48,27.3,NA,NA,1
"sm_betpap_8","betpap","sm","8","tree",12.43,30.1,NA,NA,1
"sm_betpap_9","betpap","sm","9","tree",12.43,21.3,NA,NA,1
"sm_betpap_10","betpap","sm","10","tree",12.79,21.9,NA,NA,1
"sm_betpap_4","betpap","sm","4","tree",11.68,16.9,NA,NA,1
"af_popbal_2","popbal","af","2","tree",20,34.6,NA,NA,1
"af_popbal_5","popbal","af","5","tree",7.48,5.96,NA,NA,1
"af_popbal_2_2","popbal","af","2_2","tree",14.9,14.2,NA,NA,1
"af_popbal_3","popbal","af","3","tree",7.14,10.8,NA,NA,1
"af_popbal_4","popbal","af","4","tree",9.03,5.742,NA,NA,1
"kl_popbal_6","popbal","kl","6","tree",17.13,18.5,17.5,21.5,1
"kl_popbal_7","popbal","kl","7","tree",17.13,25.8,NA,NA,1
"kl_popbal_8","popbal","kl","8","tree",15.08,20.5,NA,NA,1
"kl_popbal_5","popbal","kl","5","tree",17.35,23.2,NA,NA,1
"af_popbal_1","popbal","af","1","tree",5.09,6.3,6.5,6.2,1
"sm_popbal_20","popbal","sm","20","tree",19.37,28.2,NA,NA,1
"mp_popbal_9","popbal","mp","9","tree",16.68,46.6,NA,NA,1
"mp_popbal_10","popbal","mp","10","tree",18.45,37.8,NA,NA,1
"mp_popbal_11","popbal","mp","11","tree",17.97,39.4,NA,NA,1
"mp_popbal_12","popbal","mp","12","tree",19.81,52.9,NA,NA,1
"mp_popbal_13","popbal","mp","13","tree",34.57,91.9,NA,NA,1
"mp_popbal_14","popbal","mp","14","tree",32.61,54.9,NA,NA,1
"mp_popbal_15","popbal","mp","15","tree",22.46,22,NA,NA,1
"af_popbal_7","popbal","af","7","tree",4.8,4.175,1.496,NA,1
"af_popbal_8","popbal","af","8","tree",4.8,2.499,NA,NA,1
"af_popbal_9","popbal","af","9","tree",9.03,9.906,NA,NA,1
"mp_popbal_6","popbal","mp","6","tree",13.48,23.7,NA,NA,1
"mp_popbal_7","popbal","mp","7","tree",21.1,28.2,27.9,28.9,1
"mp_popbal_8","popbal","mp","8","tree",16.18,42.2,34.1,NA,1
"kl_popbal_11","popbal","kl","11","tree",15.34,20.1,NA,NA,1
"sm_popbal_1","popbal","sm","1","tree",3.18,2,NA,NA,1
"af_popbal_6","popbal","af","6","tree",7.22,4.672,NA,NA,1
"kl_popbal_4","popbal","kl","4","tree",19.14,32.6,NA,NA,1
"sm_popbal_3","popbal","sm","3","tree",19.37,37,NA,NA,1
"sm_popbal_5","popbal","sm","5","tree",27.17,88.9,NA,NA,1
"sm_popbal_9","popbal","sm","9","tree",23.41,53.4,NA,NA,1
"kl_popbal_9","popbal","kl","9","tree",6.38,7.2,NA,NA,1
"kl_popbal_10","popbal","kl","10","tree",15.62,24,23.5,12.5,1
"sm_popbal_12","popbal","sm","12","tree",13.1,25.5,24.4,23.3,1
"kl_popbal_1","popbal","kl","1","tree",10.48,14.7,NA,NA,1
"kl_popbal_3","popbal","kl","3","tree",17.57,19.5,NA,NA,1
"sm_popbal_10","popbal","sm","10","tree",15.87,15.9,NA,NA,1
"sm_popbal_11","popbal","sm","11","tree",14.17,12.8,23.3,NA,1
"sm_popbal_6","popbal","sm","6","tree",18.45,53.2,NA,NA,1
"sm_popbal_8","popbal","sm","8","tree",8.11,11.1,NA,NA,1
"af_poptre_12","poptre","af","12","tree",10.14,7.844,NA,NA,1
"mp_poptre_10","poptre","mp","10","tree",11.28,14,NA,NA,1
"af_poptre_12_02","poptre","af","12_02","tree",19.37,17.5,NA,NA,1
"mp_poptre_12","poptre","mp","12","tree",13.48,23.5,25.6,NA,1
"af_poptre_10","poptre","af","10","tree",4.21,3.6,NA,NA,1
"mp_poptre_11","poptre","mp","11","tree",6.68,4.6,NA,NA,1
"sm_poptre_12","poptre","sm","12","tree",6.38,13.7,NA,NA,1
"mp_poptre_13","poptre","mp","13","tree",7.48,13.4,NA,NA,1
"af_poptre_9","poptre","af","9","tree",9.54,8,NA,NA,1
"af_poptre_8","poptre","af","8","tree",5.95,8.1,NA,NA,1
"sm_poptre_2","poptre","sm","2","tree",8.41,10.7,NA,NA,1
"sm_poptre_13","poptre","sm","13","tree",12.97,27.4,NA,NA,1
"sm_poptre_4","poptre","sm","4","tree",13.52,26,8.8,119.2,1
"af_poptre_13","poptre","af","13","tree",11.12,6,NA,NA,1
"af_poptre_15","poptre","af","15","tree",2.91,2.744,NA,NA,1
"sm_poptre_3","poptre","sm","3","tree",6.77,7.2,NA,NA,1
"mp_poptre_6","poptre","mp","6","tree",5.48,4.7,NA,NA,1
"mp_poptre_7","poptre","mp","7","tree",9.79,10.5,NA,NA,1
"mp_poptre_7_02","poptre","mp","7_02","tree",15.9,9.4,23.6,21,1
"mp_poptre_5","poptre","mp","5","tree",8.62,15.5,NA,NA,1
"sm_poptre_15","poptre","sm","15","tree",5.6,8,NA,NA,1
"sm_poptre_16","poptre","sm","16","tree",11.73,17.1,NA,NA,1
"sm_poptre_17","poptre","sm","17","tree",7.22,7.5,NA,NA,1
"sm_poptre_18","poptre","sm","18","tree",6.38,5.9,NA,NA,1
"sm_poptre_19","poptre","sm","19","tree",7.48,12.6,NA,NA,1
"kl_poptre_3","poptre","kl","3","tree",7.14,7.2,NA,NA,1
"sm_poptre_5","poptre","sm","5","tree",5.35,9.5,NA,NA,1
"sm_poptre_7","poptre","sm","7","tree",6.38,7.2,NA,NA,1
"sm_poptre_11","poptre","sm","11","tree",6.77,10.9,NA,NA,1
"kl_poptre_7","poptre","kl","7","tree",10.14,11.8,NA,NA,1
"kl_poptre_8","poptre","kl","8","tree",12.66,13.3,NA,NA,1
"kl_poptre_9","poptre","kl","9","tree",10.42,8.8,NA,NA,1
"af_poptre_3","poptre","af","3","tree",6.77,5.4,NA,NA,1
"mp_poptre_8","poptre","mp","8","tree",14.17,20,NA,NA,1
"mp_poptre_9","poptre","mp","9","tree",5.09,6.6,NA,NA,1
"kl_poptre_1","poptre","kl","1","tree",5.78,2.85,NA,NA,1
"kl_poptre_2","poptre","kl","2","tree",4.62,2.682,NA,NA,1
"kl_poptre_10","poptre","kl","10","tree",14.71,20,NA,NA,1
"kl_poptre_4","poptre","kl","4","tree",5.09,6.1,NA,NA,1
"kl_poptre_5","poptre","kl","5","tree",15.87,21.7,NA,NA,1
"kl_poptre_6","poptre","kl","6","tree",8.62,9.9,NA,NA,1
"af_poptre_4","poptre","af","4","tree",6.38,4.4,NA,NA,1
"af_poptre_5","poptre","af","5","tree",4.8,6,NA,NA,1
"af_poptre_6","poptre","af","6","tree",14.17,12.7,NA,NA,1
"af_alninc_1","alninc","af","1","shrub",2.84,2.1,NA,NA,1
"af_alninc_5","alninc","af","5","shrub",5.48,2.655,4.354,NA,1
"af_alninc_12","alninc","af","12","shrub",6.68,4.644,3.848,3.295,1
"af_alninc_13","alninc","af","13","shrub",6.38,3.385,5.925,3.35,1
"af_alninc_1","alninc","af","1","shrub",2.33,0.816,1.525,NA,1
"af_alninc_10","alninc","af","10","shrub",5.84,3.4,3.5,4.2,1
"mp_alninc_1","alninc","mp","1","shrub",4.94,3,4,3.5,1
"kl_alninc_1","alninc","kl","1","shrub",4.52,3.557,2.765,2.058,1
"kl_alninc_2","alninc","kl","2","shrub",4.8,3.575,4.041,3.482,1
"kl_alninc_3","alninc","kl","3","shrub",7.14,8.644,2.392,NA,1
"kl_alninc_4","alninc","kl","4","shrub",5.09,2.948,3.424,1.496,1
"af_alninc_6","alninc","af","6","shrub",6.77,7.8,8.9,7.2,1
"af_alninc_7","alninc","af","7","shrub",5.35,4.2,5.5,4.3,1
"af_alninc_9","alninc","af","9","shrub",4.8,4.7,NA,NA,1
"mp_alninc_9","alninc","mp","9","shrub",4.65,2.7,NA,NA,1
"mp_alninc_10","alninc","mp","10","shrub",7.14,6.8,5.9,8.5,1
"sm_alninc_2","alninc","sm","2","shrub",7.14,8.5,NA,NA,1
"af_alninc_14","alninc","af","14","shrub",3.19,1.947,1.721,NA,1
"af_alninc_20","alninc","af","20","shrub",4.65,4.1,3.3,2.8,1
"sm_alninc_5","alninc","sm","5","shrub",10.42,7.3,8.3,3.4,1
"mp_alninc_2","alninc","mp","2","shrub",3.14,2.6,3,NA,1
"mp_alninc_3","alninc","mp","3","shrub",6.68,5,5.4,6.1,1
"mp_alninc_4","alninc","mp","4","shrub",4.8,8.1,6.4,NA,1
"mp_alninc_5","alninc","mp","5","shrub",4.47,4,NA,NA,1
"sm_alninc_1","alninc","sm","1","shrub",5.6,6.1,NA,NA,1
"mp_alninc_6","alninc","mp","6","shrub",4.48,5.9,4.8,2.4,1
"mp_alninc_7","alninc","mp","7","shrub",6.38,5.3,5.8,4,1
"mp_alninc_8","alninc","mp","8","shrub",NA,7.4,5.1,3.4,1
"sm_alninc_21","alninc","sm","21","shrub",9.03,26.4,22.2,24.1,1
"sm_alninc_1_June3","alninc","sm","1_June3","shrub",6.77,7.5,NA,NA,1
"sm_alninc_3","alninc","sm","3","shrub",5.09,6.4,NA,NA,1
"sm_alninc_4","alninc","sm","4","shrub",8.62,6.2,NA,NA,1
"sm_alninc_8","alninc","sm","8","shrub",8.19,26.9,15.7,11.9,1
"sm_alninc_19","alninc","sm","19","shrub",7.8,7.5,6.5,5.3,1
"sm_alninc_20","alninc","sm","20","shrub",9.97,10.9,7.3,6.5,1
"mp_alnvir_10","alnvir","mp","10","shrub",6.64,7.2,10.6,9.6,1
"af_alnvir_1","alnvir","af","1","shrub",2.33,0.816,1.525,NA,1
"af_alnvir_4","alnvir","af","4","shrub",3.33,1.317,1.24,1.42,1
"kl_alnvir_3","alnvir","kl","3","shrub",3.6,1.582,1.764,1.861,1
"kl_alnvir_5","alnvir","kl","5","shrub",1.71,1.756,2,1.953,1
"kl_alnvir_6","alnvir","kl","6","shrub",1.75,2.288,1.396,1.929,1
"kl_alnvir_7","alnvir","kl","7","shrub",3.15,1.758,2.252,1.074,1
"kl_alnvir_8","alnvir","kl","8","shrub",3.07,1.828,1.296,1.464,1
"kl_alnvir_9","alnvir","kl","9","shrub",4.48,3.809,2.552,2.27,1
"kl_alnvir_10","alnvir","kl","10","shrub",4.81,4.339,4.582,3.381,1
"kl_alnvir_11","alnvir","kl","11","shrub",4.53,3.174,2.26,2.133,1
"kl_alnvir_12","alnvir","kl","12","shrub",8.7,2.825,2.24,2.688,1
"sm_alnvir_19","alnvir","sm","19","shrub",3.32,3.445,3.62,2.934,1
"af_alnvir_2","alnvir","af","2","shrub",3.11,1.509,1.382,1.231,1
"af_alnvir_3","alnvir","af","3","shrub",3.38,1.692,2.055,1.509,1
"mp_alnvir_9","alnvir","mp","9","shrub",3.36,2.743,7.978,NA,1
"af_alnvir_5","alnvir","af","5","shrub",2.18,1.294,0.915,0.888,1
"af_alnvir_11","alnvir","af","11","shrub",3.49,1.924,1.328,0.865,1
"af_alnvir_12","alnvir","af","12","shrub",3.4,1.409,1.232,1.17,1
"af_alnvir_13","alnvir","af","13","shrub",2.76,1.928,1.953,3.163,1
"af_alnvir_14","alnvir","af","14","shrub",3.96,2.588,1.821,1.764,1
"sm_alnvir_9","alnvir","sm","9","shrub",4.22,5.8,5.3,6.9,1
"sm_alnvir_10","alnvir","sm","10","shrub",5.22,5,5.7,6.2,1
"sm_alnvir_17","alnvir","sm","17","shrub",6.06,3.7,3.4,3,1
"sm_alnvir_18","alnvir","sm","18","shrub",4.45,3.1,3.5,3.6,1
"mp_alnvir_6","alnvir","mp","6","shrub",5.35,6.5,NA,NA,1
"mp_alnvir_7","alnvir","mp","7","shrub",5.14,6,5.2,5.1,1
"sm_alnvir_20","alnvir","sm","20","shrub",1.48,6.5,5.9,5.4,1
"kl_alnvir_2","alnvir","kl","2","shrub",3.5,2.833,3.633,3.268,1
"sm_alnvir_2_2","alnvir","sm","2_2","shrub",5.09,4.5,3.1,3.1,1
"sm_alnvir_6","alnvir","sm","6","shrub",2.96,1.221,1.234,1.123,1
"sm_alnvir_8","alnvir","sm","8","shrub",5.09,3.5,4.1,3.5,1
"mp_alnvir_1","alnvir","mp","1","shrub",3.39,1.7,1.7,2,1
"af_alnvir_20","alnvir","af","20","shrub",4.39,4,5.2,4.5,1
"mp_alnvir_3","alnvir","mp","3","shrub",2.52,2.4,2.5,2,1
"mp_alnvir_4","alnvir","mp","4","shrub",4.74,9.1,NA,NA,1
"mp_alnvir_5","alnvir","mp","5","shrub",3.78,3,2.1,1.7,1
"sm_alnvir_2","alnvir","sm","2","shrub",4.13,2.1,2.4,2,1
"mp_alnvir_2","alnvir","mp","2","shrub",4.91,3.7,3.1,3.3,1
"mp_alnvir_8","alnvir","mp","8","shrub",2.85,1.321,NA,NA,1
"mp_amealn_10","amealn","mp","10","shrub",2.97,3.107,NA,NA,1
"mp_amealn_11","amealn","mp","11","shrub",4.41,2.4,2.6,2.7,1
"kl_amealn_7","amealn","kl","7","shrub",2.86,1.931,NA,NA,1
"kl_amealn_8","amealn","kl","8","shrub",6.38,3.464,2.252,1.985,1
"kl_amealn_9","amealn","kl","9","shrub",2.18,2.062,NA,NA,1
"kl_amealn_6","amealn","kl","6","shrub",3.5,2.612,NA,NA,1
"af_amealn_1","amealn","af","1","shrub",1.81,1.588,1.312,1.13,1
"af_amealn_2","amealn","af","2","shrub",1.58,1.183,NA,NA,1
"af_amealn_3","amealn","af","3","shrub",2.34,1.986,NA,NA,1
"af_amealn_5","amealn","af","5","shrub",2.1,2.357,NA,NA,1
"af_amealn_6","amealn","af","6","shrub",2.75,1.536,NA,NA,1
"af_amealn_7","amealn","af","7","shrub",2.43,1.432,1.036,NA,1
"kl_amealn_4","amealn","kl","4","shrub",3.81,1.66,1.511,1.539,1
"kl_amealn_5","amealn","kl","5","shrub",2.34,1.48,NA,NA,1
"mp_amealn_1","amealn","mp","1","shrub",1.43,1.308,1.324,1.721,1
"mp_amealn_2","amealn","mp","2","shrub",0.46,1.374,1.529,1.738,1
"mp_amealn_3","amealn","mp","3","shrub",2.83,1.917,2.21,NA,1
"mp_amealn_4","amealn","mp","4","shrub",1.92,1.416,1.342,0.965,1
"mp_amealn_5","amealn","mp","5","shrub",1.98,1.776,NA,NA,1
"mp_amealn_6","amealn","mp","6","shrub",2.8,2.205,3.361,2.652,1
"mp_amealn_7","amealn","mp","7","shrub",2.29,2.524,3.555,2.519,1
"mp_amealn_8","amealn","mp","8","shrub",2.46,1.915,1.953,1.72,1
"mp_amealn_9","amealn","mp","9","shrub",2.25,3.767,2.676,3.091,1
"kl_amealn_1","amealn","kl","1","shrub",3.57,3.137,1.981,0.922,1
"kl_amealn_2","amealn","kl","2","shrub",5.21,3.368,NA,NA,1
"mp_amealn_12","amealn","mp","12","shrub",4.07,3.4,NA,NA,1
"sm_amealn_1","amealn","sm","1","shrub",7.14,6.7,6.3,8.6,1
"sm_amealn_2","amealn","sm","2","shrub",2.93,2.04,NA,NA,1
"sm_amealn_3","amealn","sm","3","shrub",4.8,3,3,3,1
"sm_amealn_4","amealn","sm","4","shrub",4.13,3.1,NA,NA,1
"sm_amealn_5","amealn","sm","5","shrub",5.6,3.4,NA,NA,1
"sm_amealn_6","amealn","sm","6","shrub",8.11,5.1,4.3,4.1,1
"sm_amealn_7","amealn","sm","7","shrub",4.13,3.3,NA,NA,1
"kl_amealn_10","amealn","kl","10","shrub",2.13,2.259,NA,NA,1
"sm_amealn_10","amealn","sm","10","shrub",2.15,1.66,NA,NA,1
"sm_amealn_8","amealn","sm","8","shrub",3.2,2.48,NA,NA,1
"af_amealn_9","amealn","af","9","shrub",1.82,1.293,NA,NA,1
"af_amealn_10","amealn","af","10","shrub",1.98,1.095,NA,NA,1
"af_amealn_12","amealn","af","12","shrub",3.64,1.002,NA,NA,1
"af_amealn_8","amealn","af","8","shrub",2.05,1.238,1.387,1.034,1
"kl_amealn_3","amealn","kl","3","shrub",5.3,3.835,NA,NA,1
"sm_amealn_9","amealn","sm","9","shrub",3.54,2.39,NA,NA,1
"af_corsto_10","corsto","af","10","shrub",2.32,1.732,1.538,NA,1
"af_corsto_11","corsto","af","11","shrub",2.72,2.348,NA,NA,1
"kl_corsto_9","corsto","kl","9","shrub",2.76,2.39,NA,NA,1
"af_corsto_9","corsto","af","9","shrub",2.74,1.124,NA,NA,1
"mp_corsto_1","corsto","mp","1","shrub",1.86,0.833,NA,NA,1
"af_corsto_1","corsto","af","1","shrub",1.32,14.1,NA,NA,1
"af_corsto_3","corsto","af","3","shrub",3.63,1.534,0.67,NA,1
"af_corsto_4","corsto","af","4","shrub",2.23,1.451,NA,NA,1
"af_corsto_5","corsto","af","5","shrub",3.2,2.971,NA,NA,1
"af_corsto_6","corsto","af","6","shrub",1.6,1.701,NA,NA,1
"af_corsto_7","corsto","af","7","shrub",1.81,1.809,NA,NA,1
"af_corsto_8","corsto","af","8","shrub",1.62,0.954,NA,NA,1
"kl_corsto_6","corsto","kl","6","shrub",4.81,3.2,NA,NA,1
"kl_corsto_7","corsto","kl","7","shrub",4.71,4.85,4.612,3.148,1
"kl_corsto_8","corsto","kl","8","shrub",2.15,1.914,NA,NA,1
"sm_corsto_4","corsto","sm","4","shrub",1.82,1.261,NA,NA,1
"kl_corsto_10","corsto","kl","10","shrub",3.13,3.181,3.748,NA,1
"kl_corsto_11","corsto","kl","11","shrub",2.9,3.79,3.949,1.933,1
"mp_corsto_2","corsto","mp","2","shrub",3.85,1.442,0.91,1.092,1
"mp_corsto_3","corsto","mp","3","shrub",2.97,3.665,NA,NA,1
"mp_corsto_5","corsto","mp","5","shrub",3.71,2.717,NA,NA,1
"mp_corsto_6","corsto","mp","6","shrub",2.74,1.77,NA,NA,1
"mp_corsto_7","corsto","mp","7","shrub",2.31,1.129,NA,NA,1
"mp_corsto_8","corsto","mp","8","shrub",1.12,1.987,NA,NA,1
"kl_corsto_3","corsto","kl","3","shrub",3.52,3.183,2.246,2.11,1
"mp_corsto_9","corsto","mp","9","shrub",2.02,2.021,NA,NA,1
"mp_corsto_10","corsto","mp","10","shrub",3.48,1.574,1.605,1.762,1
"mp_corsto_20","corsto","mp","20","shrub",4.25,3.336,1.879,NA,1
"kl_corsto_13","corsto","kl","13","shrub",3.38,2.869,2.002,1.432,1
"sm_corsto_5","corsto","sm","5","shrub",1.43,0.873,NA,NA,1
"sm_corsto_6","corsto","sm","6","shrub",1.91,1.704,NA,NA,1
"kl_corsto_12","corsto","kl","12","shrub",3.34,2.696,NA,NA,1
"sm_corsto_14","corsto","sm","14","shrub",2.5,1.707,NA,NA,1
"sm_corsto_11","corsto","sm","11","shrub",3,2.26,NA,NA,1
"sm_corsto_12","corsto","sm","12","shrub",2.66,2.005,NA,NA,1
"sm_corsto_13","corsto","sm","13","shrub",2,1.383,NA,NA,1
"sm_corsto_3","corsto","sm","3","shrub",1.5,1.214,NA,NA,1
"sm_corsto_8","corsto","sm","8","shrub",1.92,1.316,NA,NA,1
"kl_corsto_5","corsto","kl","5","shrub",4.62,2.674,NA,NA,1
"sm_corsto_2","corsto","sm","2","shrub",1.07,0.879,NA,NA,1
"sm_corsto_7","corsto","sm","7","shrub",2.66,1.415,NA,NA,1
"sm_corsto_10","corsto","sm","10","shrub",2.27,2,NA,NA,1
"kl_loninv_5","loninv","kl","5","shrub",1.02,0.761,NA,NA,1
"af_loninv_2","loninv","af","2","shrub",1.17,1.164,NA,NA,1
"af_loninv_1","loninv","af","1","shrub",1.23,1.275,NA,NA,1
"kl_loninv_9","loninv","kl","9","shrub",1.68,1.234,1.177,0.975,1
"kl_loninv_10","loninv","kl","10","shrub",2,1.889,2.225,1.602,1
"af_loninv_6","loninv","af","6","shrub",1.41,1.111,NA,NA,1
"af_loninv_8","loninv","af","8","shrub",1.06,1.007,NA,NA,1
"af_loninv_9","loninv","af","9","shrub",1.79,1.555,NA,NA,1
"af_loninv_11","loninv","af","11","shrub",1.59,2.74,1.599,3.474,1
"kl_loninv_6","loninv","kl","6","shrub",1.3,1.494,NA,NA,1
"kl_loninv_7","loninv","kl","7","shrub",1.4,1.879,NA,NA,1
"kl_loninv_8","loninv","kl","8","shrub",1.66,2.07,1.954,2.223,1
"mp_loninv_3","loninv","mp","3","shrub",1.48,1.643,NA,NA,1
"mp_loninv_5","loninv","mp","5","shrub",1.19,1.285,NA,NA,1
"af_loninv_3","loninv","af","3","shrub",1.4,1.201,NA,NA,1
"af_loninv_4","loninv","af","4","shrub",1.22,0.721,NA,NA,1
"af_loninv_5","loninv","af","5","shrub",1.21,1.198,NA,NA,1
"kl_loninv_1","loninv","kl","1","shrub",1.68,0.992,NA,NA,1
"kl_loninv_2","loninv","kl","2","shrub",1.61,1.102,NA,NA,1
"kl_loninv_3","loninv","kl","3","shrub",2.05,1.256,0.968,NA,1
"kl_loninv_4","loninv","kl","4","shrub",1.39,1.225,NA,NA,1
"sm_loninv_1","loninv","sm","1","shrub",1.77,1.464,NA,NA,1
"sm_loninv_2","loninv","sm","2","shrub",1.42,0.902,NA,NA,1
"sm_loninv_3","loninv","sm","3","shrub",1.2,0.978,NA,NA,1
"sm_loninv_4","loninv","sm","4","shrub",1.32,1.612,NA,NA,1
"sm_loninv_5","loninv","sm","5","shrub",2.21,2.573,NA,NA,1
"sm_loninv_6","loninv","sm","6","shrub",2.15,2.01,NA,NA,1
"sm_loninv_7","loninv","sm","7","shrub",1.9,1.245,NA,NA,1
"sm_loninv_8","loninv","sm","8","shrub",1.34,0.902,NA,NA,1
"sm_loninv_9","loninv","sm","9","shrub",1.83,1.398,NA,NA,1
"sm_loninv_11","loninv","sm","11","shrub",1.52,2.317,NA,NA,1
"mp_loninv_8","loninv","mp","8","shrub",1.05,0.918,0.83,1.072,1
"mp_loninv_9","loninv","mp","9","shrub",1.6,2.275,NA,NA,1
"mp_loninv_10","loninv","mp","10","shrub",1.11,0.655,NA,NA,1
"mp_loninv_11","loninv","mp","11","shrub",2.42,1.834,NA,NA,1
"af_loninv_3_02","loninv","af","3_02","shrub",2.46,2.071,NA,NA,1
"mp_loninv_13","loninv","mp","13","shrub",1.71,1.214,NA,NA,1
"mp_loninv_6","loninv","mp","6","shrub",1,1.17,1.262,1.044,1
"mp_loninv_7","loninv","mp","7","shrub",2.28,0.961,NA,NA,1
"mp_loninv_12","loninv","mp","12","shrub",2.88,1.431,NA,NA,1
"mp_menfer_1","menfer","mp","1","shrub",1.59,1.383,NA,NA,1
"mp_menfer_2","menfer","mp","2","shrub",1.67,1.77,1.768,1.593,1
"mp_menfer_6","menfer","mp","6","shrub",1.19,1.367,1.451,1.357,1
"mp_menfer_7","menfer","mp","7","shrub",2.05,2.154,1.363,1.866,1
"mp_menfer_4","menfer","mp","4","shrub",1.1,2.753,1.886,1.882,1
"mp_menfer_10","menfer","mp","10","shrub",1.82,1.399,NA,NA,1
"mp_menfer_10_02","menfer","mp","10_02","shrub",1.96,1.674,NA,NA,1
"mp_menfer_12","menfer","mp","12","shrub",2.8,2.475,1.811,1.853,1
"mp_menfer_5","menfer","mp","5","shrub",0.89,0.888,NA,NA,1
"sm_menfer_8","menfer","sm","8","shrub",2.78,2.532,1.865,2.672,1
"sm_menfer_9","menfer","sm","9","shrub",2.68,3.023,3.151,2.584,1
"sm_menfer_10","menfer","sm","10","shrub",1.1,1.382,1.372,0.939,1
"sm_menfer_11","menfer","sm","11","shrub",2.17,1.529,1.663,1.468,1
"sm_menfer_12","menfer","sm","12","shrub",2.21,1.847,1.72,1.98,1
"sm_menfer_13","menfer","sm","13","shrub",2.04,1.813,1.592,1.434,1
"sm_menfer_14","menfer","sm","14","shrub",1.79,2.498,1.839,1.784,1
"mp_menfer_9","menfer","mp","9","shrub",1.55,1.393,NA,NA,1
"sm_menfer_2","menfer","sm","2","shrub",NA,NA,NA,NA,1
"sm_menfer_4","menfer","sm","4","shrub",1.6,1.935,1.685,1.637,1
"sm_menfer_6","menfer","sm","6","shrub",1.9,1.233,0.997,0.934,1
"sm_menfer_7","menfer","sm","7","shrub",2.01,1.78,1.255,1.323,1
"mp_rhoalb_12","rhoalb","mp","12","shrub",1.9,1.171,2.133,1.531,1
"mp_rhoalb_10","rhoalb","mp","10","shrub",1.49,1.128,NA,NA,1
"mp_rhoalb_9","rhoalb","mp","9","shrub",1.44,1.339,NA,NA,1
"kl_rhoalb_9","rhoalb","kl","9","shrub",1.66,1.901,NA,NA,1
"kl_rhoalb_5","rhoalb","kl","5","shrub",1.91,1.643,0.999,NA,1
"kl_rhoalb_6","rhoalb","kl","6","shrub",2.01,1.744,1.433,0.75,1
"mp_rhoalb_11","rhoalb","mp","11","shrub",1.51,2.873,1.675,2.495,1
"kl_rhoalb_4","rhoalb","kl","4","shrub",1.33,1.288,1.649,1.187,1
"mp_rhoalb_1","rhoalb","mp","1","shrub",1.14,1.291,1.328,1.079,1
"kl_rhoalb_10","rhoalb","kl","10","shrub",1.1,1.392,1.375,NA,1
"kl_rhoalb_7","rhoalb","kl","7","shrub",1.82,1.742,1.296,1.212,1
"kl_rhoalb_8","rhoalb","kl","8","shrub",1.21,0.985,NA,NA,1
"mp_rhoalb_4","rhoalb","mp","4","shrub",1.72,1.53,NA,NA,1
"mp_rhoalb_5","rhoalb","mp","5","shrub",1.69,1.204,NA,NA,1
"mp_rhoalb_8","rhoalb","mp","8","shrub",2.25,2.074,2.23,1.48,1
"kl_rhoalb_2","rhoalb","kl","2","shrub",1.32,1.639,1.279,1.587,1
"kl_rhoalb_3","rhoalb","kl","3","shrub",1.1,1.228,1.447,1.453,1
"mp_rhoalb_2","rhoalb","mp","2","shrub",0.96,0.943,0.977,0.545,1
"mp_rhoalb_3","rhoalb","mp","3","shrub",1.89,1.487,NA,NA,1
"kl_rhoalb_1","rhoalb","kl","1","shrub",1.02,1.76,NA,NA,1
"af_riblac_11","riblac","af","11","shrub",0.92,0.756,NA,NA,1
"sm_riblac_7","riblac","sm","7","shrub",1.48,0.816,NA,NA,1
"af_riblac_1","riblac","af","1","shrub",0.46,0.408,NA,NA,1
"af_riblac_2","riblac","af","2","shrub",0.53,0.687,NA,NA,1
"af_riblac_4","riblac","af","4","shrub",0.9,0.721,NA,NA,1
"mp_riblac_1","riblac","mp","1","shrub",0.92,0.715,NA,NA,1
"mp_riblac_2","riblac","mp","2","shrub",0.74,0.563,NA,NA,1
"mp_riblac_3","riblac","mp","3","shrub",1.18,0.839,NA,NA,1
"mp_riblac_4","riblac","mp","4","shrub",1.28,1.086,NA,NA,1
"mp_riblac_5","riblac","mp","5","shrub",1.83,0.772,NA,NA,1
"mp_riblac_6","riblac","mp","6","shrub",1.79,0.879,NA,NA,1
"sm_riblac_9","riblac","sm","9","shrub",1.48,0.678,NA,NA,1
"sm_riblac_10","riblac","sm","10","shrub",1.13,0.613,NA,NA,1
"sm_riblac_11","riblac","sm","11","shrub",0.95,0.706,NA,NA,1
"kl_riblac_8","riblac","kl","8","shrub",0.86,0.728,NA,NA,1
"kl_riblac_9","riblac","kl","9","shrub",0.55,0.565,2.422,NA,1
"kl_riblac_10","riblac","kl","10","shrub",0.5,0.471,NA,NA,1
"kl_riblac_11","riblac","kl","11","shrub",1.21,0.742,NA,NA,1
"kl_riblac_13","riblac","kl","13","shrub",1.3,0.743,NA,NA,1
"kl_riblac_12","riblac","kl","12","shrub",1.07,0.655,0.69,NA,1
"af_riblac_12","riblac","af","12","shrub",1.13,0.808,NA,NA,1
"af_riblac_20","riblac","af","20","shrub",0.76,0.504,NA,NA,1
"sm_riblac_6","riblac","sm","6","shrub",1.13,0.838,NA,NA,1
"mp_riblac_7","riblac","mp","7","shrub",0.77,0.633,NA,NA,1
"mp_riblac_8","riblac","mp","8","shrub",0.96,0.572,NA,NA,1
"mp_riblac_10","riblac","mp","10","shrub",0.93,0.76,NA,NA,1
"mp_riblac_11","riblac","mp","11","shrub",1.04,0.784,NA,NA,1
"kl_riblac_7","riblac","kl","7","shrub",0.54,0.337,0.377,NA,1
"af_riblac_9","riblac","af","9","shrub",NA,NA,NA,NA,1
"sm_riblac_12","riblac","sm","12","shrub",1.03,0.934,NA,NA,1
"sm_riblac_12_02","riblac","sm","12_02","shrub",0.76,0.597,NA,NA,1
"af_riblac_8","riblac","af","8","shrub",1.43,0.91,NA,NA,1
"sm_riblac_5","riblac","sm","5","shrub",1.45,1.021,NA,NA,1
"af_riblac_10","riblac","af","10","shrub",1.29,0.803,NA,NA,1
"sm_riblac_2","riblac","sm","2","shrub",1.56,1.591,1.392,3.043,1
"sm_riblac_3","riblac","sm","3","shrub",1.91,1.315,1.479,1.553,1
"kl_riblac_1","riblac","kl","1","shrub",1.52,0.648,0.62,NA,1
"kl_riblac_2","riblac","kl","2","shrub",1.4,0.592,NA,NA,1
"kl_riblac_3","riblac","kl","3","shrub",1.22,0.849,NA,NA,1
"af_riblac_6","riblac","af","6","shrub",1.07,0.636,0.6,NA,1
"af_riblac_7","riblac","af","7","shrub",0.92,0.799,NA,NA,1
"kl_rubpar_12","rubpar","kl","12","shrub",0.91,0.616,NA,NA,1
"kl_rubpar_11","rubpar","kl","11","shrub",0.91,0.727,NA,NA,1
"mp_rubpar_1","rubpar","mp","1","shrub",0.87,0.544,NA,NA,1
"af_rubpar_14","rubpar","af","14","shrub",0.89,6.61,NA,NA,1
"af_rubpar_13","rubpar","af","13","shrub",0.88,0.658,NA,NA,1
"af_rubpar_15","rubpar","af","15","shrub",1.4,0.881,NA,NA,1
"sm_rubpar_6","rubpar","sm","6","shrub",0.79,0.65,NA,NA,1
"kl_rubpar_7","rubpar","kl","7","shrub",0.68,0.718,NA,NA,1
"kl_rubpar_8","rubpar","kl","8","shrub",0.84,0.725,NA,NA,1
"kl_rubpar_9","rubpar","kl","9","shrub",0.68,0.655,NA,NA,1
"kl_rubpar_10","rubpar","kl","10","shrub",0.98,0.802,0.856,NA,1
"af_rubpar_5","rubpar","af","5","shrub",0.59,0.463,NA,NA,1
"af_rubpar_6","rubpar","af","6","shrub",0.64,0.484,0.552,0.426,1
"af_rubpar_9","rubpar","af","9","shrub",0.75,0.621,NA,NA,1
"mp_rubpar_2","rubpar","mp","2","shrub",1.02,8.28,NA,NA,1
"af_rubpar_10","rubpar","af","10","shrub",1.28,0.69,NA,NA,1
"af_rubpar_11","rubpar","af","11","shrub",1.04,0.709,NA,NA,1
"sm_rubpar_1","rubpar","sm","1","shrub",0.87,0.87,NA,NA,1
"sm_rubpar_2","rubpar","sm","2","shrub",0.99,0.723,NA,NA,1
"af_rubpar_16","rubpar","af","16","shrub",1.4,1.031,NA,NA,1
"sm_rubpar_5","rubpar","sm","5","shrub",1.02,0.92,NA,NA,1
"kl_rubpar_6","rubpar","kl","6","shrub",0.72,0.761,NA,NA,1
"af_rubpar_3","rubpar","af","3","shrub",1.17,0.846,NA,NA,1
"af_rubpar_4","rubpar","af","4","shrub",0.69,0.636,NA,NA,1
"sm_rubpar_10","rubpar","sm","10","shrub",0.66,NA,NA,NA,1
"mp_rubpar_6","rubpar","mp","6","shrub",1.69,1.374,NA,NA,1
"mp_rubpar_3","rubpar","mp","3","shrub",0.61,0.474,NA,NA,1
"mp_rubpar_4","rubpar","mp","4","shrub",0.71,0.638,NA,NA,1
"mp_rubpar_5","rubpar","mp","5","shrub",0.64,0.697,NA,NA,1
"sm_rubpar_8","rubpar","sm","8","shrub",0.74,0.647,NA,NA,1
"kl_rubpar_1","rubpar","kl","1","shrub",1.09,0.574,0.765,NA,1
"kl_rubpar_3","rubpar","kl","3","shrub",1.29,0.731,NA,NA,1
"sm_rubpar_7","rubpar","sm","7","shrub",0.89,NA,NA,NA,1
"kl_rubpar_4","rubpar","kl","4","shrub",0.96,0.69,NA,NA,1
"sm_rubpar_9","rubpar","sm","9","shrub",0.8,0.602,NA,NA,1
"mp_rubpar_10","rubpar","mp","10","shrub",0.97,0.661,NA,NA,1
"sm_rubpar_3","rubpar","sm","3","shrub",0.9,0.703,NA,NA,1
"af_rubpar_2","rubpar","af","2","shrub",0.91,0.787,NA,NA,1
"mp_rubpar_9","rubpar","mp","9","shrub",1.1,0.687,NA,NA,1
"mp_rubpar_8","rubpar","mp","8","shrub",0.95,0.572,NA,NA,1
"sm_rubpar_4","rubpar","sm","4","shrub",0.94,0.7,NA,NA,1
"mp_rubpar_7","rubpar","mp","7","shrub",0.69,0.572,NA,NA,1
"af_samrac_12","samrac","af","12","shrub",2.51,2.45,NA,NA,1
"af_samrac_10","samrac","af","10","shrub",1.69,2.919,NA,NA,1
"af_samrac_9","samrac","af","9","shrub",1.66,1.383,NA,NA,1
"sm_samrac_7","samrac","sm","7","shrub",2.08,4.739,3.948,2.963,1
"kl_samrac_1","samrac","kl","1","shrub",1.22,1.469,1.219,1.45,1
"af_samrac_13","samrac","af","13","shrub",2.36,2.054,NA,NA,1
"af_samrac_6","samrac","af","6","shrub",2.08,3.365,NA,NA,1
"sm_samrac_8","samrac","sm","8","shrub",2.1,3.018,2.132,2.739,1
"sm_samrac_5","samrac","sm","5","shrub",1.85,1.916,3.356,NA,1
"af_samrac_7","samrac","af","7","shrub",2.21,1.726,1.384,1.791,1
"kl_samrac_2","samrac","kl","2","shrub",2.11,2.409,1.693,2.422,1
"sm_samrac_2","samrac","sm","2","shrub",2.76,2.857,4.518,4.988,1
"sm_samrac_9","samrac","sm","9","shrub",0.45,1.843,1.948,NA,1
"sm_samrac_4","samrac","sm","4","shrub",1.87,3.972,NA,NA,1
"sm_samrac_10","samrac","sm","10","shrub",2.79,3.973,3.728,3.201,1
"kl_samrac_3","samrac","kl","3","shrub",1.95,7.269,NA,NA,1
"sm_samrac_3","samrac","sm","3","shrub",1.86,3.244,NA,NA,1
"kl_samrac_5","samrac","kl","5","shrub",1.6,1.602,2.46,1.759,1
"af_samrac_4","samrac","af","4","shrub",1.8,1.91,NA,NA,1
"af_samrac_5","samrac","af","5","shrub",1.98,1.87,NA,NA,1
"sm_samrac_6","samrac","sm","6","shrub",1.81,2.554,1.941,1.938,1
"mp_samrac_1","samrac","mp","1","shrub",2.21,4.866,NA,NA,1
"mp_samrac_2","samrac","mp","2","shrub",1.78,3.977,1.992,3.29,1
"mp_samrac_6","samrac","mp","6","shrub",1.11,1.027,1.68,1.695,1
"kl_samrac_10","samrac","kl","10","shrub",2.18,2.964,2.145,NA,1
"kl_samrac_4","samrac","kl","4","shrub",1.48,1.575,1.62,1.622,1
"mp_samrac_5","samrac","mp","5","shrub",5.25,8.2,6.3,NA,1
"mp_samrac_10","samrac","mp","10","shrub",3.32,1.625,1.63,2.083,1
"mp_samrac_3","samrac","mp","3","shrub",3.1,2.866,NA,NA,1
"sm_samrac_11","samrac","sm","11","shrub",2.76,2.535,3.319,2.42,1
"af_samrac_3","samrac","af","3","shrub",1.83,1.858,NA,NA,1
"mp_samrac_9","samrac","mp","9","shrub",2.87,2.349,NA,NA,1
"mp_samrac_11","samrac","mp","11","shrub",3.84,1.993,1.6,1.597,1
"kl_samrac_9","samrac","kl","9","shrub",2.11,2.237,2.134,2.128,1
"mp_samrac_4","samrac","mp","4","shrub",4.41,2.597,NA,NA,1
"kl_samrac_6","samrac","kl","6","shrub",1.03,1.144,1.027,0.97,1
"mp_samrac_8","samrac","mp","8","shrub",2.64,1.45,0.942,0.554,1
"mp_samrac_7","samrac","mp","7","shrub",2.85,2.208,NA,NA,1
"af_samrac_1","samrac","af","1","shrub",2.19,3.071,NA,NA,1
"kl_samrac_7","samrac","kl","7","shrub",1.96,2.126,1.138,1.999,1
"kl_samrac_8","samrac","kl","8","shrub",2.24,2.261,2.078,2.694,1
"mp_shecan_8","shecan","mp","8","shrub",0.8,1.923,NA,NA,1
"mp_shecan_7","shecan","mp","7","shrub",1.59,2.479,2,1.823,1
"mp_shecan_6","shecan","mp","6","shrub",1.5,1.374,1.122,1.033,1
"kl_shecan_8","shecan","kl","8","shrub",2.04,4.577,NA,NA,1
"mp_shecan_9","shecan","mp","9","shrub",1.38,1.958,NA,NA,1
"mp_shecan_5","shecan","mp","5","shrub",1.53,3.899,NA,NA,1
"mp_shecan_11","shecan","mp","11","shrub",1.39,0.977,0.944,0.443,1
"af_shecan_7","shecan","af","7","shrub",1.54,1.342,1.484,NA,1
"sm_shecan_9","shecan","sm","9","shrub",1.91,3.968,NA,NA,1
"kl_shecan_4_02","shecan","kl","4_02","shrub",1.68,3.679,NA,NA,1
"sm_shecan_6","shecan","sm","6","shrub",1.36,2.627,NA,NA,1
"af_shecan_10","shecan","af","10","shrub",1.7,2.444,NA,NA,1
"kl_shecan_7","shecan","kl","7","shrub",1.63,2.391,1.753,1.825,1
"kl_shecan_9","shecan","kl","9","shrub",2.37,5.292,NA,NA,1
"kl_shecan_5","shecan","kl","5","shrub",2.19,3.985,NA,NA,1
"mp_shecan_10","shecan","mp","10","shrub",1.23,1.894,NA,NA,1
"af_shecan_5","shecan","af","5","shrub",1.51,2.439,NA,NA,1
"af_shecan_8","shecan","af","8","shrub",1.47,1.841,NA,NA,1
"af_shecan_9","shecan","af","9","shrub",1.04,1.139,NA,NA,1
"mp_shecan_4","shecan","mp","4","shrub",1.1,0.879,0.801,1.029,1
"kl_shecan_1","shecan","kl","1","shrub",1.48,1.45,NA,NA,1
"kl_shecan_2","shecan","kl","2","shrub",2,3.187,NA,NA,1
"sm_shecan_10","shecan","sm","10","shrub",2.25,3.436,NA,NA,1
"sm_shecan_11","shecan","sm","11","shrub",1.64,1.768,NA,NA,1
"sm_shecan_12","shecan","sm","12","shrub",1.22,1.241,NA,NA,1
"sm_shecan_16","shecan","sm","16","shrub",1.74,26.7,NA,NA,1
"af_shecan_2","shecan","af","2","shrub",1.03,1.315,NA,NA,1
"af_shecan_3","shecan","af","3","shrub",0.8,0.789,0.64,0.731,1
"af_shecan_6","shecan","af","6","shrub",1.57,0.986,1.087,0.88,1
"mp_shecan_3","shecan","mp","3","shrub",3.17,2.86,NA,NA,1
"sm_shecan_1","shecan","sm","1","shrub",1.25,2.468,NA,NA,1
"sm_shecan_5","shecan","sm","5","shrub",1.28,1.483,1.26,1.311,1
"mp_shecan_2","shecan","mp","2","shrub",1.36,2.271,1.192,1.427,1
"af_shecan_4","shecan","af","4","shrub",0.88,0.958,NA,NA,1
"sm_shecan_7","shecan","sm","7","shrub",1.81,1.935,NA,NA,1
"kl_shecan_3","shecan","kl","3","shrub",2.24,3.704,2.646,NA,1
"kl_shecan_4","shecan","kl","4","shrub",1.71,1.904,1.25,1.185,1
"kl_shecan_6","shecan","kl","6","shrub",1.59,1.401,2.031,2.819,1
"af_shecan_1","shecan","af","1","shrub",0.74,0.946,NA,NA,1
"sm_shecan_8","shecan","sm","8","shrub",1.38,2.125,NA,NA,1
"af_sorsco_10","sorsco","af","10","shrub",3.91,1.295,NA,NA,1
"mp_sorsco_14","sorsco","mp","14","shrub",1.77,1.892,NA,NA,1
"kl_sorsco_1","sorsco","kl","1","shrub",1.76,1.612,NA,NA,1
"af_sorsco_11","sorsco","af","11","shrub",3.47,2.772,NA,NA,1
"mp_sorsco_1","sorsco","mp","1","shrub",1.95,2.027,1.705,1.72,1
"sm_sorsco_9","sorsco","sm","9","shrub",5.6,6.1,6.9,6.6,1
"sm_sorsco_10","sorsco","sm","10","shrub",2.71,3.7,5.6,4.8,1
"sm_sorsco_11","sorsco","sm","11","shrub",5.09,6.3,NA,NA,1
"af_sorsco_13","sorsco","af","13","shrub",2.09,2.246,NA,NA,1
"mp_sorsco_13","sorsco","mp","13","shrub",3.63,3.3,NA,NA,1
"sm_sorsco_12_02","sorsco","sm","12_02","shrub",5.48,3.7,5.7,3.5,1
"kl_sorsco_9","sorsco","kl","9","shrub",3.37,2.591,NA,NA,1
"kl_sorsco_10","sorsco","kl","10","shrub",5.48,2.624,NA,NA,1
"af_sorsco_7","sorsco","af","7","shrub",2.07,1.538,1.468,NA,1
"mp_sorsco_3","sorsco","mp","3","shrub",1.23,2.04,1.33,1.297,1
"af_sorsco_9","sorsco","af","9","shrub",3.64,1.271,1.407,NA,1
"kl_sorsco_2","sorsco","kl","2","shrub",3.82,2.8,NA,NA,1
"kl_sorsco_3","sorsco","kl","3","shrub",2.12,1.456,1.168,0.798,1
"kl_sorsco_4","sorsco","kl","4","shrub",7.48,3.71,NA,NA,1
"kl_sorsco_5","sorsco","kl","5","shrub",2.51,2.502,NA,NA,1
"mp_sorsco_11_b","sorsco","mp","11_b","shrub",5.48,6.1,NA,NA,1
"mp_sorsco_12","sorsco","mp","12","shrub",2.55,2.635,3.419,2.95,1
"sm_sorsco_12","sorsco","sm","12","shrub",3.34,2.9,4,NA,1
"kl_sorsco_7","sorsco","kl","7","shrub",2.72,2.247,2.322,2.354,1
"kl_sorsco_8","sorsco","kl","8","shrub",4.8,4.465,3.745,1.245,1
"af_sorsco_3_02","sorsco","af","3_02","shrub",1.73,3.2,4,NA,1
"af_sorsco_6","sorsco","af","6","shrub",1.32,1.226,0.984,NA,1
"af_sorsco_8","sorsco","af","8","shrub",4.39,1.799,NA,NA,1
"sm_sorsco_7","sorsco","sm","7","shrub",4.8,2.628,NA,NA,1
"sm_sorsco_4","sorsco","sm","4","shrub",2,1.74,NA,NA,1
"sm_sorsco_5","sorsco","sm","5","shrub",2.3,1.738,NA,NA,1
"sm_sorsco_6","sorsco","sm","6","shrub",4.5,2.1,NA,NA,1
"kl_sorsco_6","sorsco","kl","6","shrub",2.08,2.564,NA,NA,1
"af_sorsco_2","sorsco","af","2","shrub",NA,2.825,NA,NA,1
"af_sorsco_3","sorsco","af","3","shrub",6.38,1.719,NA,NA,1
"mp_sorsco_12_2","sorsco","mp","12_2","shrub",4.01,3,2.1,NA,1
"mp_sorsco_8","sorsco","mp","8","shrub",3.26,2,2.9,NA,1
"mp_sorsco_10","sorsco","mp","10","shrub",2.57,3.132,3.178,2.553,1
"sm_sorsco_1","sorsco","sm","1","shrub",5.56,3.8,NA,NA,1
"mp_sorsco_4","sorsco","mp","4","shrub",1.91,2.062,NA,NA,1
"af_spibet_6_02","spibet","af","6_02","shrub",0.52,0.283,NA,NA,1
"kl_spibet_10","spibet","kl","10","shrub",0.7,0.51,NA,NA,1
"kl_spibet_11","spibet","kl","11","shrub",0.76,4.71,NA,NA,1
"af_spibet_14","spibet","af","14","shrub",0.91,0.565,NA,NA,1
"mp_spibet_3","spibet","mp","3","shrub",0.57,0.343,NA,NA,1
"mp_spibet_4","spibet","mp","4","shrub",0.45,0.341,NA,NA,1
"sm_spibet_10","spibet","sm","10","shrub",0.76,NA,NA,NA,1
"af_spibet_1","spibet","af","1","shrub",0.46,0.315,NA,NA,1
"af_spibet_2","spibet","af","2","shrub",0.55,0.559,NA,NA,1
"af_spibet_4","spibet","af","4","shrub",0.05,0.299,NA,NA,1
"af_spibet_12","spibet","af","12","shrub",0.51,0.448,NA,NA,1
"af_spibet_13","spibet","af","13","shrub",0.97,0.588,NA,NA,1
"sm_spibet_1","spibet","sm","1","shrub",0.49,NA,NA,NA,1
"sm_spibet_2","spibet","sm","2","shrub",0.51,NA,NA,NA,1
"af_spibet_20","spibet","af","20","shrub",0.58,0.361,NA,NA,1
"sm_spibet_4","spibet","sm","4","shrub",0.55,NA,NA,NA,1
"mp_spibet_7","spibet","mp","7","shrub",0.67,0.476,NA,NA,1
"mp_spibet_8","spibet","mp","8","shrub",0.61,0.332,NA,NA,1
"mp_spibet_9","spibet","mp","9","shrub",0.64,0.36,NA,NA,1
"mp_spibet_10","spibet","mp","10","shrub",0.43,0.428,NA,NA,1
"kl_spibet_9","spibet","kl","9","shrub",0.55,0.292,NA,NA,1
"mp_spibet_1","spibet","mp","1","shrub",0.26,0.319,NA,NA,1
"mp_spibet_2","spibet","mp","2","shrub",0.49,0.328,NA,NA,1
"kl_spibet_12","spibet","kl","12","shrub",0.63,0.33,NA,NA,1
"af_spibet_11","spibet","af","11","shrub",0.5,0.354,NA,NA,1
"sm_spibet_6","spibet","sm","6","shrub",0.77,NA,NA,NA,1
"sm_spibet_7","spibet","sm","7","shrub",0.9,NA,NA,NA,1
"kl_spibet_3","spibet","kl","3","shrub",0.58,0.443,NA,NA,1
"kl_spibet_4","spibet","kl","4","shrub",0.4,0.316,NA,NA,1
"af_spibet_5","spibet","af","5","shrub",0.64,0.392,NA,NA,1
"mp_spibet_5","spibet","mp","5","shrub",0.68,0.3,NA,NA,1
"sm_spibet_8","spibet","sm","8","shrub",0.65,NA,NA,NA,1
"sm_spibet_9","spibet","sm","9","shrub",0.62,NA,NA,NA,1
"sm_spibet_3","spibet","sm","3","shrub",0.58,NA,NA,NA,1
"mp_spibet_6","spibet","mp","6","shrub",0.42,0.286,NA,NA,1
"kl_spibet_7","spibet","kl","7","shrub",0.58,0.335,1.229,NA,1
"kl_spibet_8","spibet","kl","8","shrub",0.66,0.398,NA,NA,1
"sm_spibet_5","spibet","sm","5","shrub",0.66,NA,NA,NA,1
"kl_spibet_6","spibet","kl","6","shrub",0.54,0.356,NA,NA,1
"kl_spibet_5","spibet","kl","5","shrub",0.72,0.577,NA,NA,1
"af_spipyr_19","spipyr","af","19","shrub",0.87,0.788,NA,NA,1
"sm_spipyr_1","spipyr","sm","1","shrub",1.01,0.838,NA,NA,1
"af_spipyr_18","spipyr","af","18","shrub",1.45,0.867,NA,NA,1
"sm_spipyr_7","spipyr","sm","7","shrub",0.73,0.625,NA,NA,1
"sm_spipyr_8","spipyr","sm","8","shrub",0.12,0.658,NA,NA,1
"sm_spipyr_4","spipyr","sm","4","shrub",0.68,0.562,NA,NA,1
"af_spipyr_14","spipyr","af","14","shrub",1.08,0.507,NA,NA,1
"mp_spipyr_1","spipyr","mp","1","shrub",1.32,0.735,NA,NA,1
"sm_spipyr_9","spipyr","sm","9","shrub",1.36,0.972,NA,NA,1
"af_spipyr_17","spipyr","af","17","shrub",0.98,0.591,NA,NA,1
"sm_spipyr_6","spipyr","sm","6","shrub",0.96,0.585,NA,NA,1
"sm_spipyr_5","spipyr","sm","5","shrub",0.91,0.647,NA,NA,1
"sm_spipyr_2","spipyr","sm","2","shrub",0.87,0.674,NA,NA,1
"af_spipyr_16","spipyr","af","16","shrub",0.99,0.76,NA,NA,1
"sm_spipyr_10","spipyr","sm","10","shrub",1.04,0.513,NA,NA,1
"mp_spipyr_8","spipyr","mp","8","shrub",1.25,0.848,NA,NA,1
"mp_spipyr_6","spipyr","mp","6","shrub",1.44,1.134,NA,NA,1
"sm_spipyr_3","spipyr","sm","3","shrub",1,0.82,NA,NA,1
"mp_spipyr_10","spipyr","mp","10","shrub",1.2,0.635,NA,NA,1
"af_spipyr_11","spipyr","af","11","shrub",1,0.6,NA,NA,1
"af_spipyr_12","spipyr","af","12","shrub",1.15,0.576,NA,NA,1
"mp_spipyr_7","spipyr","mp","7","shrub",1.31,1.091,NA,NA,1
"mp_spipyr_3","spipyr","mp","3","shrub",0.36,0.774,NA,NA,1
"af_spipyr_1","spipyr","af","1","shrub",1.15,0.771,NA,NA,1
"mp_spipyr_5","spipyr","mp","5","shrub",1,0.616,NA,NA,1
"mp_spipyr_2","spipyr","mp","2","shrub",0.85,0.511,NA,NA,1
"mp_spipyr_9","spipyr","mp","9","shrub",0.85,0.815,NA,NA,1
"af_spipyr_2","spipyr","af","2","shrub",1.32,0.993,NA,NA,1
"mp_spipyr_4","spipyr","mp","4","shrub",1.45,0.938,NA,NA,1
"af_spipyr_13","spipyr","af","13","shrub",1.52,0.859,NA,NA,1
"mp_symalb_8","symalb","mp","8","shrub",1.46,1.114,NA,NA,1
"af_symalb_3","symalb","af","3","shrub",1.26,1.031,NA,NA,1
"af_symalb_4","symalb","af","4","shrub",1.15,0.78,NA,NA,1
"mp_symalb_10","symalb","mp","10","shrub",0.77,0.636,NA,NA,1
"mp_symalb_11","symalb","mp","11","shrub",1,0.687,0.778,0.768,1
"mp_symalb_5","symalb","mp","5","shrub",0.78,0.616,NA,NA,1
"mp_symalb_6","symalb","mp","6","shrub",1.1,0.532,NA,NA,1
"af_symalb_11","symalb","af","11","shrub",0.83,0.872,NA,NA,1
"mp_symalb_9","symalb","mp","9","shrub",0.74,0.804,NA,NA,1
"af_symalb_1","symalb","af","1","shrub",0.73,0.556,NA,NA,1
"af_symalb_2","symalb","af","2","shrub",1.22,0.699,NA,NA,1
"af_symalb_5","symalb","af","5","shrub",1.15,0.604,NA,NA,1
"af_symalb_6","symalb","af","6","shrub",0.95,0.55,0.59,NA,1
"af_symalb_7","symalb","af","7","shrub",0.54,0.278,NA,NA,1
"af_symalb_8","symalb","af","8","shrub",0.6,0.609,NA,NA,1
"sm_symalb_4","symalb","sm","4","shrub",1.39,1.14,NA,NA,1
"sm_symalb_5","symalb","sm","5","shrub",1.05,1.099,NA,NA,1
"af_symalb_12","symalb","af","12","shrub",0.69,0.531,NA,NA,1
"sm_symalb_8","symalb","sm","8","shrub",1.28,1.178,NA,NA,1
"mp_symalb_7","symalb","mp","7","shrub",0.98,0.584,NA,NA,1
"sm_symalb_11","symalb","sm","11","shrub",1.27,1.27,NA,NA,1
"sm_symalb_12","symalb","sm","12","shrub",1.08,0.735,NA,NA,1
"sm_symalb_12_02","symalb","sm","12_02","shrub",0.88,0.748,NA,NA,1
"kl_symalb_3","symalb","kl","3","shrub",0.67,0.6,NA,NA,1
"kl_symalb_8","symalb","kl","8","shrub",1.36,1.033,NA,NA,1
"kl_symalb_9","symalb","kl","9","shrub",0.91,0.842,NA,NA,1
"mp_symalb_4","symalb","mp","4","shrub",1.09,0.582,NA,NA,1
"sm_symalb_2","symalb","sm","2","shrub",1.55,1.607,1.718,1.932,1
"kl_symalb_12","symalb","kl","12","shrub",0.79,0.411,NA,NA,1
"mp_symalb_3","symalb","mp","3","shrub",1,0.701,NA,NA,1
"kl_symalb_2","symalb","kl","2","shrub",1.22,0.837,NA,NA,1
"sm_symalb_6","symalb","sm","6","shrub",1.39,1.217,NA,NA,1
"sm_symalb_9","symalb","sm","9","shrub",1.14,0.915,NA,NA,1
"kl_symalb_1","symalb","kl","1","shrub",1.43,1.003,0.917,0.985,1
"kl_symalb_7","symalb","kl","7","shrub",0.76,0.566,NA,NA,1
"kl_symalb_2_02","symalb","kl","2_02","shrub",1.66,1.036,1.069,NA,1
"kl_symalb_10","symalb","kl","10","shrub",1.28,0.961,0.93,NA,1
"kl_symalb_11","symalb","kl","11","shrub",0.82,0.666,NA,NA,1
"mp_symalb_1","symalb","mp","1","shrub",1.02,0.65,NA,NA,1
"sm_symalb_7","symalb","sm","7","shrub",1.49,1.176,0.956,NA,1
"af_vacmem_20","vacmem","af","20","shrub",0.44,0.493,NA,NA,1
"mp_vacmem_1","vacmem","mp","1","shrub",1.01,0.874,NA,NA,1
"mp_vacmem_5","vacmem","mp","5","shrub",0.82,0.737,NA,NA,1
"sm_vacmem_8","vacmem","sm","8","shrub",0.61,0.748,NA,NA,1
"sm_vacmem_9","vacmem","sm","9","shrub",0.55,0.878,NA,NA,1
"mp_vacmem_3","vacmem","mp","3","shrub",1.03,1.202,1.169,NA,1
"kl_vacmem_5","vacmem","kl","5","shrub",0.79,0.764,NA,NA,1
"mp_vacmem_11","vacmem","mp","11","shrub",0.86,0.869,NA,NA,1
"kl_vacmem_6","vacmem","kl","6","shrub",0.8,1.087,NA,NA,1
"kl_vacmem_7","vacmem","kl","7","shrub",0.75,1.143,NA,NA,1
"kl_vacmem_8","vacmem","kl","8","shrub",0.65,1.336,NA,NA,1
"mp_vacmem_4","vacmem","mp","4","shrub",1.08,1.297,NA,NA,1
"kl_vacmem_10","vacmem","kl","10","shrub",0.61,0.777,NA,NA,1
"sm_vacmem_5","vacmem","sm","5","shrub",0.56,0.665,NA,NA,1
"sm_vacmem_6","vacmem","sm","6","shrub",0.6,0.475,NA,NA,1
"sm_vacmem_7","vacmem","sm","7","shrub",0.47,0.44,NA,NA,1
"mp_vacmem_8","vacmem","mp","8","shrub",0.7,0.662,NA,NA,1
"kl_vacmem_3","vacmem","kl","3","shrub",0.91,1.387,NA,NA,1
"kl_vacmem_4","vacmem","kl","4","shrub",0.8,1.102,NA,NA,1
"mp_vacmem_9","vacmem","mp","9","shrub",0.53,0.417,NA,NA,1
"af_vacmem_1","vacmem","af","1","shrub",0.45,0.508,NA,NA,1
"mp_vacmem_12","vacmem","mp","12","shrub",0.84,0.714,NA,NA,1
"af_vacmem_5","vacmem","af","5","shrub",0.68,0.971,0.876,0.759,1
"af_vacmem_6","vacmem","af","6","shrub",0.36,0.366,NA,NA,1
"kl_vacmem_9","vacmem","kl","9","shrub",0.73,1.148,NA,NA,1
"af_vacmem_9","vacmem","af","9","shrub",0.5,0.864,NA,NA,1
"kl_vacmem_11","vacmem","kl","11","shrub",0.42,0.625,NA,NA,1
"mp_vacmem_5_02","vacmem","mp","5_02","shrub",0.99,0.821,NA,NA,1
"mp_vacmem_7","vacmem","mp","7","shrub",1.13,0.952,NA,NA,1
"kl_vacmem_1","vacmem","kl","1","shrub",0.66,1.187,NA,NA,1
"kl_vacmem_2","vacmem","kl","2","shrub",0.92,1.558,NA,NA,1
"af_vacmem_4","vacmem","af","4","shrub",0.3,0.293,NA,NA,1
"sm_vacmem_10","vacmem","sm","10","shrub",0.57,0.772,NA,NA,1
"af_vacmem_8","vacmem","af","8","shrub",0.51,0.677,NA,NA,1
"af_vacmem_3","vacmem","af","3","shrub",0.48,0.521,NA,NA,1
"af_vacmem_10","vacmem","af","10","shrub",0.28,0.624,NA,NA,1
"sm_vacmem_4","vacmem","sm","4","shrub",0.76,0.846,NA,NA,1
"sm_vacmem_3","vacmem","sm","3","shrub",0.65,0.692,NA,NA,1
"af_vacmem_7","vacmem","af","7","shrub",0.55,0.574,NA,NA,1
"sm_vacmem_1","vacmem","sm","1","shrub",0.69,0.73,NA,NA,1
"mp_vacmem_8","vacmem","mp","8","shrub",1.07,1.771,NA,NA,1
"sm_vacmem_2","vacmem","sm","2","shrub",0.76,0.785,NA,NA,1
"af_vibedu_2","vibedu","af","2","shrub",0.75,0.822,NA,NA,1
"af_vibedu_3","vibedu","af","3","shrub",1.12,0.744,NA,NA,1
"af_vibedu_11","vibedu","af","11","shrub",1.24,0.898,NA,NA,1
"af_vibedu_4","vibedu","af","4","shrub",0.8,1.085,NA,NA,1
"af_vibedu_7","vibedu","af","7","shrub",1.18,0.856,NA,NA,1
"sm_vibedu_11","vibedu","sm","11","shrub",1.97,1.004,NA,NA,1
"af_vibedu_6","vibedu","af","6","shrub",2.17,1.392,NA,NA,1
"mp_vibedu_4","vibedu","mp","4","shrub",1.62,10.5,NA,NA,1
"af_vibedu_12","vibedu","af","12","shrub",1.51,1.345,NA,NA,1
"af_vibedu_8","vibedu","af","8","shrub",0.85,0.571,NA,NA,1
"mp_vibedu_2","vibedu","mp","2","shrub",2.33,1.22,NA,NA,1
"af_vibedu_1","vibedu","af","1","shrub",1.12,0.866,NA,NA,1
"kl_vibedu_2","vibedu","kl","2","shrub",0.66,0.609,0.406,NA,1
"kl_vibedu_3","vibedu","kl","3","shrub",1.61,1.466,1.157,NA,1
"kl_vibedu_4","vibedu","kl","4","shrub",1.82,1.55,1.191,NA,1
"mp_vibedu_14","vibedu","mp","14","shrub",2.61,1.183,2.084,NA,1
"kl_vibedu_5","vibedu","kl","5","shrub",1.36,1.704,1.07,NA,1
"af_vibedu_5","vibedu","af","5","shrub",1.36,1.067,NA,NA,1
"sm_vibedu_1","vibedu","sm","1","shrub",1.08,0.768,NA,NA,1
"sm_vibedu_5","vibedu","sm","5","shrub",1.44,0.659,NA,NA,1
"sm_vibedu_7","vibedu","sm","7","shrub",2.35,1.72,NA,NA,1
"sm_vibedu_8","vibedu","sm","8","shrub",1.32,0.898,NA,NA,1
"mp_vibedu_5","vibedu","mp","5","shrub",4.31,3.931,NA,NA,1
"sm_vibedu_9","vibedu","sm","9","shrub",1.76,1.26,NA,NA,1
"kl_vibedu_1","vibedu","kl","1","shrub",1.9,1.594,NA,NA,1
"mp_vibedu_10","vibedu","mp","10","shrub",2.6,1.248,NA,NA,1
"mp_vibedu_12","vibedu","mp","12","shrub",1.46,1.087,NA,NA,1
"mp_vibedu_13","vibedu","mp","13","shrub",2.56,1.306,NA,NA,1
"kl_vibedu_8","vibedu","kl","8","shrub",1.83,1.484,1.698,1.513,1
"kl_vibedu_9","vibedu","kl","9","shrub",3.1,1.599,1.191,NA,1
"kl_vibedu_6","vibedu","kl","6","shrub",1.4,0.888,1.253,NA,1
"kl_vibedu_7","vibedu","kl","7","shrub",1.68,2.137,NA,NA,1
"mp_vibedu_7","vibedu","mp","7","shrub",2.17,1.75,NA,NA,1
"sm_vibedu_10","vibedu","sm","10","shrub",1.43,8.73,NA,NA,1
"kl_vibedu_10","vibedu","kl","10","shrub",2.23,2.912,NA,NA,1
"sm_vibedu_19","vibedu","sm","19","shrub",1.91,1.669,NA,NA,1
"sm_vibedu_20","vibedu","sm","20","shrub",1.94,1.913,NA,NA,1
"sm_vibedu_12","vibedu","sm","12","shrub",1.6,1.37,NA,NA,1
"mp_vibedu_9","vibedu","mp","9","shrub",1.33,0.879,NA,NA,1
"mp_vibedu_8","vibedu","mp","8","shrub",1.72,1.086,NA,NA,1
