"species","site","no","sample","lma"
"acegla","af","1","af_acegla_1",7.28213830182968
"acegla","af","10","af_acegla_10",2.7936830928501
"acegla","af","11","af_acegla_11",2.16516714229621
"acegla","af","12","af_acegla_12",2.62128706651124
"acegla","af","3","af_acegla_3",3.05069924332026
"acegla","af","5","af_acegla_5",4.65841118904609
"acegla","af","6","af_acegla_6",3.89753041074722
"acegla","af","7","af_acegla_7",4.76331738399533
"acegla","af","8","af_acegla_8",4.74954458636013
"acegla","af","9","af_acegla_9",5.07365211782813
"alninc","af","1","af_alninc_1",5.77769948815965
"alninc","af","10","af_alninc_10",4.65648221267053
"alninc","af","11","af_alninc_11",3.19889379512716
"alninc","af","12","af_alninc_12",5.31622279572511
"alninc","af","13","af_alninc_13",5.53822902367591
"alninc","af","20","af_alninc_20",4.33736155793309
"alninc","af","5","af_alninc_5",5.3397415626569
"alninc","af","6","af_alninc_6",5.7316871515243
"alninc","af","7","af_alninc_7",4.53223908887876
"alninc","af","9","af_alninc_9",9.89093492549346
"alnvir","af","1","af_alnvir_1",6.54236938716517
"alnvir","af","11","af_alnvir_11",7.53595350620644
"alnvir","af","12","af_alnvir_12",7.0859506458779
"alnvir","af","13","af_alnvir_13",6.85758916349888
"alnvir","af","14","af_alnvir_14",8.74986552613154
"alnvir","af","2","af_alnvir_2",7.34663945413812
"alnvir","af","20","af_alnvir_20",4.38748148456511
"alnvir","af","3","af_alnvir_3",8.14007549278301
"alnvir","af","4","af_alnvir_4",5.75137925548021
"alnvir","af","5","af_alnvir_5",6.53237155316528
"amealn","af","1","af_amealn_1",5.78646665262554
"amealn","af","10","af_amealn_10",2.73621135143452
"amealn","af","12","af_amealn_12",2.52042881340252
"amealn","af","2","af_amealn_2",5.95522212458488
"amealn","af","3","af_amealn_3",4.01205994454804
"amealn","af","5","af_amealn_5",7.07303182140177
"amealn","af","6","af_amealn_6",7.85519747950018
"amealn","af","7","af_amealn_7",7.30724095012788
"amealn","af","8","af_amealn_8",5.10026414938727
"amealn","af","9","af_amealn_9",3.53618383907844
"betpap","af","10","af_betpap_10",5.53488144760258
"betpap","af","11","af_betpap_11",4.50163963412704
"betpap","af","2","af_betpap_2",3.77383007159279
"betpap","af","3","af_betpap_3",3.63689163401079
"betpap","af","4","af_betpap_4",3.66062902446546
"betpap","af","5","af_betpap_5",3.81825173319896
"betpap","af","6","af_betpap_6",3.46454951202926
"betpap","af","7","af_betpap_7",5.13521354888521
"betpap","af","8","af_betpap_8",4.0448092913964
"betpap","af","9","af_betpap_9",5.14843722659317
"corsto","af","1","af_corsto_1",4.92840030844367
"corsto","af","10","af_corsto_10",5.09637661307628
"corsto","af","11","af_corsto_11",3.42863604475751
"corsto","af","3","af_corsto_3",3.35110984738287
"corsto","af","4","af_corsto_4",2.71589350299903
"corsto","af","5","af_corsto_5",6.29025756242116
"corsto","af","6","af_corsto_6",5.81715203271023
"corsto","af","7","af_corsto_7",4.36363301695427
"corsto","af","8","af_corsto_8",3.06935306871809
"corsto","af","9","af_corsto_9",3.40219939244122
"loninv","af","1","af_loninv_1",2.46708138333086
"loninv","af","11","af_loninv_11",3.07124021193184
"loninv","af","2","af_loninv_2",5.31642646432108
"loninv","af","3","af_loninv_3",4.1933609702761
"loninv","af","3_02","af_loninv_3_02",3.22669034394715
"loninv","af","4","af_loninv_4",5.86101548042073
"loninv","af","5","af_loninv_5",6.99786251199967
"loninv","af","6","af_loninv_6",5.13941086974714
"loninv","af","8","af_loninv_8",3.67219141180634
"loninv","af","9","af_loninv_9",5.25481283762687
"popbal","af","1","af_popbal_1",6.56594019051118
"popbal","af","2","af_popbal_2",5.52096911116026
"popbal","af","2_2","af_popbal_2_2",4.39150680171006
"popbal","af","3","af_popbal_3",5.84659400255984
"popbal","af","4","af_popbal_4",6.39335955915639
"popbal","af","5","af_popbal_5",6.45601235318648
"popbal","af","6","af_popbal_6",7.05948991037089
"popbal","af","7","af_popbal_7",6.24065368287623
"popbal","af","8","af_popbal_8",7.24212683177783
"popbal","af","9","af_popbal_9",7.00403714075589
"poptre","af","10","af_poptre_10",5.20224672496997
"poptre","af","10_02","af_poptre_10_02",NA
"poptre","af","11","af_poptre_11",NA
"poptre","af","12","af_poptre_12",7.79439228551694
"poptre","af","12_2","af_poptre_12_2",NA
"poptre","af","13","af_poptre_13",5.28799618003625
"poptre","af","15","af_poptre_15",5.30690255822902
"poptre","af","3","af_poptre_3",5.93237385323805
"poptre","af","4","af_poptre_4",7.16595582896956
"poptre","af","5","af_poptre_5",7.15434817804051
"poptre","af","6","af_poptre_6",7.72635951416424
"poptre","af","7","af_poptre_7",3.76152129706569
"poptre","af","8","af_poptre_8",2.97093503713376
"poptre","af","9","af_poptre_9",5.46879373617958
"riblac","af","1","af_riblac_1",3.96931377894589
"riblac","af","10","af_riblac_10",2.71401928743846
"riblac","af","11","af_riblac_11",2.47917363882923
"riblac","af","12","af_riblac_12",2.24516983109813
"riblac","af","2","af_riblac_2",4.17542423651521
"riblac","af","20","af_riblac_20",3.55032568937688
"riblac","af","4","af_riblac_4",3.35902668820046
"riblac","af","6","af_riblac_6",3.23074788571768
"riblac","af","7","af_riblac_7",7.09436172184656
"riblac","af","8","af_riblac_8",4.85395156242148
"rubpar","af","10","af_rubpar_10",2.69157194049144
"rubpar","af","11","af_rubpar_11",2.91393100955505
"rubpar","af","13","af_rubpar_13",2.8594333074372
"rubpar","af","14","af_rubpar_14",4.05352545404813
"rubpar","af","15","af_rubpar_15",2.83400295069852
"rubpar","af","16","af_rubpar_16",2.7087628106732
"rubpar","af","2","af_rubpar_2",3.47476099558203
"rubpar","af","3","af_rubpar_3",3.04804895370933
"rubpar","af","4","af_rubpar_4",3.96402989328944
"rubpar","af","5","af_rubpar_5",2.25170788132344
"rubpar","af","6","af_rubpar_6",2.41606202828869
"rubpar","af","7","af_rubpar_7",2.58462004644479
"samrac","af","1","af_samrac_1",4.8358139387117
"samrac","af","10","af_samrac_10",5.2323648317101
"samrac","af","12","af_samrac_12",3.71729734849236
"samrac","af","13","af_samrac_13",2.12281822111768
"samrac","af","3","af_samrac_3",3.65842890287141
"samrac","af","4","af_samrac_4",3.26483794854673
"samrac","af","5","af_samrac_5",2.86819733353938
"samrac","af","6","af_samrac_6",2.63843522915314
"samrac","af","7","af_samrac_7",2.92741949947183
"samrac","af","9","af_samrac_9",4.29635037573926
"shecan","af","1","af_shecan_1",33.4373177645117
"shecan","af","10","af_shecan_10",3.15265147266641
"shecan","af","2","af_shecan_2",4.23519810576421
"shecan","af","3","af_shecan_3",8.12595982500559
"shecan","af","4","af_shecan_4",7.61249021613318
"shecan","af","5","af_shecan_5",7.15452208256562
"shecan","af","6","af_shecan_6",10.56391686215
"shecan","af","7","af_shecan_7",6.62245929529916
"shecan","af","8","af_shecan_8",10.1953559542188
"shecan","af","9","af_shecan_9",4.61382471841328
"sorsco","af","10","af_sorsco_10",3.2880105064044
"sorsco","af","11","af_sorsco_11",NA
"sorsco","af","12","af_sorsco_12",NA
"sorsco","af","13","af_sorsco_13",NA
"sorsco","af","2","af_sorsco_2",14.5943947289096
"sorsco","af","3","af_sorsco_3",7.59833435603361
"sorsco","af","3_02","af_sorsco_3_02",3.85146638525056
"sorsco","af","6","af_sorsco_6",2.93878659427082
"sorsco","af","7","af_sorsco_7",4.53354340291948
"sorsco","af","8","af_sorsco_8",3.8019709537497
"sorsco","af","9","af_sorsco_9",2.69052236319658
"spibet","af","1","af_spibet_1",3.05923000949393
"spibet","af","11","af_spibet_11",5.39478691433347
"spibet","af","13","af_spibet_13",3.48727551223503
"spibet","af","14","af_spibet_14",3.26716159593381
"spibet","af","2","af_spibet_2",4.2120920593354
"spibet","af","20","af_spibet_20",2.99557246365991
"spibet","af","4","af_spibet_4",4.02803169931571
"spibet","af","5","af_spibet_5",3.854131269811
"spibet","af","6","af_spibet_6",5.09432497499608
"spibet","af","6_02","af_spibet_6_02",5.31544842694684
"spipyr","af","1","af_spipyr_1",2.53458347581264
"spipyr","af","11","af_spipyr_11",4.38246664252263
"spipyr","af","12","af_spipyr_12",3.61335466845589
"spipyr","af","13","af_spipyr_13",3.22985908519721
"spipyr","af","14","af_spipyr_14",4.36993770531493
"spipyr","af","16","af_spipyr_16",3.23378608637721
"spipyr","af","17","af_spipyr_17",2.82364858938261
"spipyr","af","18","af_spipyr_18",2.48838306276995
"spipyr","af","19","af_spipyr_19",2.93375403184929
"spipyr","af","2","af_spipyr_2",2.64478036779159
"symalb","af","1","af_symalb_1",3.69311695757446
"symalb","af","11","af_symalb_11",4.78610480882668
"symalb","af","12","af_symalb_12",5.83403676999153
"symalb","af","2","af_symalb_2",2.67289694021094
"symalb","af","3","af_symalb_3",3.24459147565677
"symalb","af","4","af_symalb_4",5.43011909990122
"symalb","af","5","af_symalb_5",5.72699492510062
"symalb","af","5_02","af_symalb_5_02",NA
"symalb","af","6","af_symalb_6",2.80536720778818
"symalb","af","7","af_symalb_7",4.67484018885952
"symalb","af","8","af_symalb_8",5.48281128385821
"vacmem","af","1","af_vacmem_1",4.17456316810503
"vacmem","af","10","af_vacmem_10",6.84084326135551
"vacmem","af","20","af_vacmem_20",3.45468042551649
"vacmem","af","3","af_vacmem_3",4.57125963425343
"vacmem","af","4","af_vacmem_4",5.72682866077547
"vacmem","af","5","af_vacmem_5",7.15725200990978
"vacmem","af","6","af_vacmem_6",4.45471835871886
"vacmem","af","7","af_vacmem_7",5.02523289779562
"vacmem","af","8","af_vacmem_8",4.35660342259846
"vacmem","af","9","af_vacmem_9",5.93974842609525
"vibedu","af","1","af_vibedu_1",3.25277123459917
"vibedu","af","11","af_vibedu_11",8.95025079146188
"vibedu","af","12","af_vibedu_12",3.66181451504263
"vibedu","af","2","af_vibedu_2",4.49714428428792
"vibedu","af","3","af_vibedu_3",2.97951189048795
"vibedu","af","3_02","af_vibedu_3_02",NA
"vibedu","af","4","af_vibedu_4",6.69188720491716
"vibedu","af","5","af_vibedu_5",4.87123445935096
"vibedu","af","6","af_vibedu_6",4.75798076955036
"vibedu","af","7","af_vibedu_7",3.99991578382423
"vibedu","af","8","af_vibedu_8",2.85684450987733
"acegla","kl","1","kl_acegla_1",2.29494714570796
"acegla","kl","10","kl_acegla_10",5.2427358707562
"acegla","kl","11","kl_acegla_11",3.55344911116302
"acegla","kl","3","kl_acegla_3",2.80981464583135
"acegla","kl","4","kl_acegla_4",2.96220676989977
"acegla","kl","5","kl_acegla_5",2.94644827672977
"acegla","kl","6","kl_acegla_6",4.84091625202861
"acegla","kl","7","kl_acegla_7",3.58718042395407
"acegla","kl","8","kl_acegla_8",2.49794216262136
"acegla","kl","9","kl_acegla_9",4.37638358913817
"alninc","kl","1","kl_alninc_1",5.38624811938277
"alninc","kl","2","kl_alninc_2",4.29301144020582
"alninc","kl","3","kl_alninc_3",2.74811882926372
"alninc","kl","4","kl_alninc_4",4.24478097625907
"alnvir","kl","10","kl_alnvir_10",3.60492233660427
"alnvir","kl","11","kl_alnvir_11",4.43969334345964
"alnvir","kl","12","kl_alnvir_12",6.5294778616712
"alnvir","kl","2","kl_alnvir_2",2.81143746662672
"alnvir","kl","3","kl_alnvir_3",5.12356924183882
"alnvir","kl","5","kl_alnvir_5",5.58583482313471
"alnvir","kl","6","kl_alnvir_6",5.89749809723182
"alnvir","kl","7","kl_alnvir_7",4.8552155869668
"alnvir","kl","8","kl_alnvir_8",5.01943229506642
"alnvir","kl","9","kl_alnvir_9",4.08981434010856
"amealn","kl","1","kl_amealn_1",3.29787455353231
"amealn","kl","10","kl_amealn_10",6.18022331987274
"amealn","kl","2","kl_amealn_2",2.79793344836736
"amealn","kl","3","kl_amealn_3",4.45172204885956
"amealn","kl","4","kl_amealn_4",4.73673846945928
"amealn","kl","5","kl_amealn_5",5.54321210939092
"amealn","kl","6","kl_amealn_6",4.06331300933312
"amealn","kl","7","kl_amealn_7",3.03649560333128
"amealn","kl","8","kl_amealn_8",4.84014028271007
"amealn","kl","9","kl_amealn_9",5.50531246868786
"betpap","kl","10","kl_betpap_10",7.30568880740405
"betpap","kl","11","kl_betpap_11",6.10049122652587
"betpap","kl","12","kl_betpap_12",5.04599868359703
"betpap","kl","13","kl_betpap_13",4.97519335021869
"betpap","kl","14","kl_betpap_14",5.33913394553475
"betpap","kl","5","kl_betpap_5",6.21941637385217
"betpap","kl","6","kl_betpap_6",5.44577621863244
"betpap","kl","7","kl_betpap_7",6.51772004592961
"betpap","kl","8","kl_betpap_8",5.55602958303081
"betpap","kl","9","kl_betpap_9",3.92820824222954
"betpap","kl","9_02","kl_betpap_9_02",7.04734459528172
"corsto","kl","10","kl_corsto_10",4.97391508076341
"corsto","kl","11","kl_corsto_11",3.01294365823473
"corsto","kl","13","kl_corsto_13",5.80956756605035
"corsto","kl","2","kl_corsto_2",4.11751414932695
"corsto","kl","3","kl_corsto_3",3.74176416839184
"corsto","kl","5","kl_corsto_5",3.38476976695374
"corsto","kl","6","kl_corsto_6",5.02516695222653
"corsto","kl","7","kl_corsto_7",4.02250328105597
"corsto","kl","8","kl_corsto_8",5.10144618936576
"corsto","kl","9","kl_corsto_9",4.68195569028407
"loninv","kl","1","kl_loninv_1",8.4792844128233
"loninv","kl","10","kl_loninv_10",3.99736822375293
"loninv","kl","2","kl_loninv_2",2.86755881933728
"loninv","kl","3","kl_loninv_3",6.95263131546926
"loninv","kl","4","kl_loninv_4",3.39004001468809
"loninv","kl","5","kl_loninv_5",6.03054627080674
"loninv","kl","6","kl_loninv_6",5.46124918618646
"loninv","kl","7","kl_loninv_7",4.88361562846127
"loninv","kl","8","kl_loninv_8",4.48021943156323
"loninv","kl","9","kl_loninv_9",4.68521170258506
"popbal","kl","1","kl_popbal_1",4.39428334292068
"popbal","kl","10","kl_popbal_10",8.35723492851699
"popbal","kl","11","kl_popbal_11",7.36715970601584
"popbal","kl","4","kl_popbal_4",5.92997679956274
"popbal","kl","5","kl_popbal_5",5.65417962320506
"popbal","kl","6","kl_popbal_6",6.78720618925112
"popbal","kl","7","kl_popbal_7",4.90410605970922
"popbal","kl","8","kl_popbal_8",5.11656713190751
"popbal","kl","8_02","kl_popbal_8_02",5.55389542688358
"popbal","kl","9","kl_popbal_9",6.83308576394907
"poptre","kl","1","kl_poptre_1",4.6141591540551
"poptre","kl","10","kl_poptre_10",NA
"poptre","kl","2","kl_poptre_2",5.98659223374236
"poptre","kl","3","kl_poptre_3",7.59956231002554
"poptre","kl","4","kl_poptre_4",6.53931551826962
"poptre","kl","5","kl_poptre_5",6.98692456751879
"poptre","kl","6","kl_poptre_6",6.62304734473819
"poptre","kl","7","kl_poptre_7",5.84145246506522
"poptre","kl","8","kl_poptre_8",7.39719726878806
"poptre","kl","9","kl_poptre_9",NA
"rhoalb","kl","1","kl_rhoalb_1",2.57973640524041
"rhoalb","kl","10","kl_rhoalb_10",2.83584890030773
"rhoalb","kl","2","kl_rhoalb_2",3.44299663531955
"rhoalb","kl","3","kl_rhoalb_3",4.81682099442181
"rhoalb","kl","4","kl_rhoalb_4",3.95108241111087
"rhoalb","kl","5","kl_rhoalb_5",1.92497787323949
"rhoalb","kl","6","kl_rhoalb_6",1.97740053437683
"rhoalb","kl","7","kl_rhoalb_7",2.41751288429055
"rhoalb","kl","8","kl_rhoalb_8",2.91941973600613
"rhoalb","kl","9","kl_rhoalb_9",3.21312960336033
"riblac","kl","1","kl_riblac_1",1.66938177592172
"riblac","kl","10","kl_riblac_10",3.67241328099155
"riblac","kl","11","kl_riblac_11",4.46061001478357
"riblac","kl","12","kl_riblac_12",2.02563764389377
"riblac","kl","13","kl_riblac_13",2.55006370869702
"riblac","kl","2","kl_riblac_2",3.75793300331195
"riblac","kl","3","kl_riblac_3",3.01928430075976
"riblac","kl","7","kl_riblac_7",3.04678529948232
"riblac","kl","8","kl_riblac_8",3.52607996623011
"riblac","kl","9","kl_riblac_9",3.7909084442211
"rubpar","kl","1","kl_rubpar_1",2.37967800039408
"rubpar","kl","10","kl_rubpar_10",3.0986251359296
"rubpar","kl","11","kl_rubpar_11",3.23515462249209
"rubpar","kl","12","kl_rubpar_12",3.94465566450087
"rubpar","kl","3","kl_rubpar_3",3.43967618402484
"rubpar","kl","4","kl_rubpar_4",3.13323098518283
"rubpar","kl","6","kl_rubpar_6",3.17005075289286
"rubpar","kl","7","kl_rubpar_7",3.07068954811706
"rubpar","kl","8","kl_rubpar_8",3.74255607462543
"rubpar","kl","9","kl_rubpar_9",3.28786452341067
"samrac","kl","1","kl_samrac_1",3.42837721086993
"samrac","kl","10","kl_samrac_10",2.45834980300693
"samrac","kl","2","kl_samrac_2",2.91640350604654
"samrac","kl","3","kl_samrac_3",3.21618188799517
"samrac","kl","4","kl_samrac_4",3.27832833307974
"samrac","kl","5","kl_samrac_5",NA
"samrac","kl","6","kl_samrac_6",3.50503001381908
"samrac","kl","7","kl_samrac_7",3.57910511038389
"samrac","kl","8","kl_samrac_8",2.90978192528403
"samrac","kl","9","kl_samrac_9",1.96777366800395
"shecan","kl","1","kl_shecan_1",4.59577881615543
"shecan","kl","2","kl_shecan_2",4.03313395506751
"shecan","kl","3","kl_shecan_3",4.06750734589218
"shecan","kl","4","kl_shecan_4",5.27493556787109
"shecan","kl","4_02","kl_shecan_4_02",5.08248248537003
"shecan","kl","5","kl_shecan_5",4.71904577269731
"shecan","kl","6","kl_shecan_6",6.57371797916448
"shecan","kl","7","kl_shecan_7",4.48301343660201
"shecan","kl","8","kl_shecan_8",5.90271371643909
"shecan","kl","9","kl_shecan_9",NA
"sorsco","kl","1","kl_sorsco_1",3.86141449439508
"sorsco","kl","10","kl_sorsco_10",3.04150933546401
"sorsco","kl","2","kl_sorsco_2",4.29264231417681
"sorsco","kl","3","kl_sorsco_3",3.49608447629632
"sorsco","kl","4","kl_sorsco_4",5.60199079012138
"sorsco","kl","5","kl_sorsco_5",4.2912070483142
"sorsco","kl","6","kl_sorsco_6",4.99993089055341
"sorsco","kl","7","kl_sorsco_7",4.52519225580945
"sorsco","kl","8","kl_sorsco_8",2.58184415129384
"sorsco","kl","9","kl_sorsco_9",3.93675336605697
"spibet","kl","10","kl_spibet_10",2.68711204438752
"spibet","kl","11","kl_spibet_11",3.64722688764218
"spibet","kl","12","kl_spibet_12",2.96129833351062
"spibet","kl","3","kl_spibet_3",3.05854879911899
"spibet","kl","4","kl_spibet_4",3.57668728357176
"spibet","kl","5","kl_spibet_5",4.01941432752605
"spibet","kl","6","kl_spibet_6",3.69672410182481
"spibet","kl","7","kl_spibet_7",4.83039751756561
"spibet","kl","8","kl_spibet_8",3.56302174139866
"spibet","kl","9","kl_spibet_9",NA
"symalb","kl","02_02","kl_symalb_02_02",4.67644569277434
"symalb","kl","1","kl_symalb_1",4.02427714362415
"symalb","kl","10","kl_symalb_10",4.14964798121172
"symalb","kl","11","kl_symalb_11",4.57453275048459
"symalb","kl","12","kl_symalb_12",5.35125200231218
"symalb","kl","2","kl_symalb_2",3.37290047760018
"symalb","kl","3","kl_symalb_3",4.47586203884964
"symalb","kl","7","kl_symalb_7",2.54205222946007
"symalb","kl","8","kl_symalb_8",4.27321026107621
"symalb","kl","9","kl_symalb_9",3.58617325103427
"vacmem","kl","1","kl_vacmem_1",5.40340985136067
"vacmem","kl","10","kl_vacmem_10",3.4398397303684
"vacmem","kl","11","kl_vacmem_11",2.36080223826922
"vacmem","kl","2","kl_vacmem_2",4.57108403170649
"vacmem","kl","3","kl_vacmem_3",4.13318057060407
"vacmem","kl","4","kl_vacmem_4",3.29995098960606
"vacmem","kl","5","kl_vacmem_5",2.55709378199779
"vacmem","kl","6","kl_vacmem_6",3.23630022120012
"vacmem","kl","7","kl_vacmem_7",2.91867104984836
"vacmem","kl","8","kl_vacmem_8",3.48848066459446
"vacmem","kl","9","kl_vacmem_9",4.04082946325248
"vibedu","kl","1","kl_vibedu_1",3.66115979134042
"vibedu","kl","10","kl_vibedu_10",4.49825143959632
"vibedu","kl","2","kl_vibedu_2",8.24349203300851
"vibedu","kl","3","kl_vibedu_3",3.05847260035128
"vibedu","kl","4","kl_vibedu_4",4.75076503583535
"vibedu","kl","5","kl_vibedu_5",4.49382957992721
"vibedu","kl","6","kl_vibedu_6",4.36593277017401
"vibedu","kl","7","kl_vibedu_7",4.29462827475267
"vibedu","kl","8","kl_vibedu_8",5.79048555946089
"vibedu","kl","9","kl_vibedu_9",5.73026170313482
"acegla","mp","1","mp_acegla_1",3.09569072143772
"acegla","mp","10","mp_acegla_10",2.11523895502424
"acegla","mp","11","mp_acegla_11",3.99897615814949
"acegla","mp","11_02","mp_acegla_11_02",2.48139464403249
"acegla","mp","2","mp_acegla_2",4.44660480677393
"acegla","mp","3","mp_acegla_3",5.24268596570592
"acegla","mp","4","mp_acegla_4",2.63824209189298
"acegla","mp","5","mp_acegla_5",1.95615718428843
"acegla","mp","7","mp_acegla_7",2.72879986037859
"acegla","mp","8","mp_acegla_8",2.87864575344216
"acegla","mp","9","mp_acegla_9",2.36439529250012
"alninc","mp","1","mp_alninc_1",3.09471796176898
"alninc","mp","10","mp_alninc_10",5.92444387950217
"alninc","mp","2","mp_alninc_2",6.4762045516238
"alninc","mp","3","mp_alninc_3",5.27986796870368
"alninc","mp","4","mp_alninc_4",3.51892676127055
"alninc","mp","5","mp_alninc_5",2.93255362217155
"alninc","mp","6","mp_alninc_6",3.96056054516891
"alninc","mp","7","mp_alninc_7",5.35886190156132
"alninc","mp","8","mp_alninc_8",2.99817398463776
"alninc","mp","9","mp_alninc_9",2.2378964542046
"alnvir","mp","1","mp_alnvir_1",4.78567030812538
"alnvir","mp","10","mp_alnvir_10",6.16180540934054
"alnvir","mp","2","mp_alnvir_2",3.37790408245658
"alnvir","mp","2_02","mp_alnvir_2_02",NA
"alnvir","mp","3","mp_alnvir_3",4.26471260612662
"alnvir","mp","4","mp_alnvir_4",4.9158024561684
"alnvir","mp","5","mp_alnvir_5",5.75032326037051
"alnvir","mp","6","mp_alnvir_6",3.8940985431101
"alnvir","mp","7","mp_alnvir_7",3.96910789951432
"alnvir","mp","8","mp_alnvir_8",2.67878686715555
"alnvir","mp","9","mp_alnvir_9",NA
"amealn","mp","1","mp_amealn_1",7.66047933980275
"amealn","mp","10","mp_amealn_10",4.24105386321178
"amealn","mp","11","mp_amealn_11",4.88039139062487
"amealn","mp","12","mp_amealn_12",3.25231969343517
"amealn","mp","2","mp_amealn_2",4.62197399950856
"amealn","mp","3","mp_amealn_3",5.16520344804344
"amealn","mp","4","mp_amealn_4",19.0613482271024
"amealn","mp","5","mp_amealn_5",4.74028239665322
"amealn","mp","6","mp_amealn_6",3.95774362606513
"amealn","mp","7","mp_amealn_7",4.33652518272933
"amealn","mp","8","mp_amealn_8",4.51179587540053
"amealn","mp","9","mp_amealn_9",5.91067886514032
"corsto","mp","1","mp_corsto_1",4.30804199809766
"corsto","mp","10","mp_corsto_10",4.86889946367375
"corsto","mp","10_2","mp_corsto_10_2",0.546241969925632
"corsto","mp","2","mp_corsto_2",2.40121260512385
"corsto","mp","20","mp_corsto_20",5.39135280982138
"corsto","mp","3","mp_corsto_3",4.06824882966307
"corsto","mp","5","mp_corsto_5",2.83811494026473
"corsto","mp","6","mp_corsto_6",2.78629353781848
"corsto","mp","7","mp_corsto_7",2.4248660897501
"corsto","mp","8","mp_corsto_8",NA
"corsto","mp","9","mp_corsto_9",2.87348308280708
"loninv","mp","10","mp_loninv_10",2.99640192746401
"loninv","mp","11","mp_loninv_11",3.45484782735603
"loninv","mp","12","mp_loninv_12",3.82326747955961
"loninv","mp","13","mp_loninv_13",NA
"loninv","mp","2","mp_loninv_2",NA
"loninv","mp","3","mp_loninv_3",5.21733158088407
"loninv","mp","4","mp_loninv_4",NA
"loninv","mp","5","mp_loninv_5",3.38229954986787
"loninv","mp","6","mp_loninv_6",3.57953098923774
"loninv","mp","7","mp_loninv_7",4.23408212280782
"loninv","mp","7_02","mp_loninv_7_02",NA
"loninv","mp","8","mp_loninv_8",NA
"loninv","mp","9","mp_loninv_9",3.31747056163047
"menfer","mp","1","mp_menfer_1",1.9620900389826
"menfer","mp","10","mp_menfer_10",2.49579876081864
"menfer","mp","10_2","mp_menfer_10_2",2.73549568315128
"menfer","mp","12","mp_menfer_12",2.56571771284245
"menfer","mp","2","mp_menfer_2",1.98089122521934
"menfer","mp","4","mp_menfer_4",2.00821953708139
"menfer","mp","5","mp_menfer_5",2.67694279780502
"menfer","mp","6","mp_menfer_6",1.91943314896015
"menfer","mp","7","mp_menfer_7",1.66511171648047
"menfer","mp","8","mp_menfer_8",NA
"menfer","mp","9","mp_menfer_9",1.95594108535906
"popbal","mp","10","mp_popbal_10",5.12596493194901
"popbal","mp","10_02","mp_popbal_10_02",8.63150852348312
"popbal","mp","11","mp_popbal_11",7.12445802655926
"popbal","mp","12","mp_popbal_12",6.87068587122895
"popbal","mp","13","mp_popbal_13",6.3735818776894
"popbal","mp","14","mp_popbal_14",6.773161828925
"popbal","mp","15","mp_popbal_15",6.32830114092653
"popbal","mp","6","mp_popbal_6",7.19352349777814
"popbal","mp","7","mp_popbal_7",NA
"popbal","mp","8","mp_popbal_8",1.38831039985523
"popbal","mp","9","mp_popbal_9",8.56109261392232
"poptre","mp","10","mp_poptre_10",5.60347487929389
"poptre","mp","11","mp_poptre_11",6.0362002979414
"poptre","mp","12","mp_poptre_12",6.08282321177561
"poptre","mp","13","mp_poptre_13",6.75652036552166
"poptre","mp","5","mp_poptre_5",6.5388295620409
"poptre","mp","6","mp_poptre_6",4.50172698723067
"poptre","mp","7","mp_poptre_7",8.00774834893563
"poptre","mp","7_02","mp_poptre_7_02",4.63331828403813
"poptre","mp","8","mp_poptre_8",6.56322113852436
"poptre","mp","9","mp_poptre_9",5.7389926362805
"rhoalb","mp","1","mp_rhoalb_1",5.04774374611028
"rhoalb","mp","10","mp_rhoalb_10",2.55049578607951
"rhoalb","mp","11","mp_rhoalb_11",4.0932433707253
"rhoalb","mp","12","mp_rhoalb_12",2.51324763229276
"rhoalb","mp","2","mp_rhoalb_2",2.2858707473451
"rhoalb","mp","3","mp_rhoalb_3",3.22912158117541
"rhoalb","mp","4","mp_rhoalb_4",2.49695022771333
"rhoalb","mp","5","mp_rhoalb_5",NA
"rhoalb","mp","8","mp_rhoalb_8",3.70055427216053
"rhoalb","mp","9","mp_rhoalb_9",2.7020601706631
"riblac","mp","1","mp_riblac_1",4.89015286357326
"riblac","mp","10","mp_riblac_10",4.51188242057581
"riblac","mp","11","mp_riblac_11",2.32818644767901
"riblac","mp","2","mp_riblac_2",2.62061601358942
"riblac","mp","3","mp_riblac_3",3.46969756911244
"riblac","mp","4","mp_riblac_4",5.54231882885996
"riblac","mp","5","mp_riblac_5",3.03369403222891
"riblac","mp","6","mp_riblac_6",2.67469069046567
"riblac","mp","7","mp_riblac_7",3.61221418299613
"riblac","mp","8","mp_riblac_8",4.27858574522634
"riblac","mp","9","mp_riblac_9",NA
"rubpar","mp","1","mp_rubpar_1",9.65128024540913
"rubpar","mp","10","mp_rubpar_10",9.78595938977829
"rubpar","mp","2","mp_rubpar_2",2.50131113381736
"rubpar","mp","21","mp_rubpar_21",NA
"rubpar","mp","3","mp_rubpar_3",1.83728246824521
"rubpar","mp","3_02","mp_rubpar_3_02",NA
"rubpar","mp","4","mp_rubpar_4",8.64143588534203
"rubpar","mp","5","mp_rubpar_5",12.7853116426271
"rubpar","mp","6","mp_rubpar_6",2.52312510101722
"rubpar","mp","7","mp_rubpar_7",2.72436226881503
"rubpar","mp","7_2","mp_rubpar_7_2",2.06527553437462
"rubpar","mp","8","mp_rubpar_8",2.47713921691643
"rubpar","mp","9","mp_rubpar_9",8.42457059802658
"samrac","mp","1","mp_samrac_1",2.13029126984423
"samrac","mp","10","mp_samrac_10",1.87040598438375
"samrac","mp","11","mp_samrac_11",2.98494752210342
"samrac","mp","2","mp_samrac_2",3.72541778534997
"samrac","mp","3","mp_samrac_3",2.69247792284839
"samrac","mp","4","mp_samrac_4",2.47164509018151
"samrac","mp","5","mp_samrac_5",2.09872691495781
"samrac","mp","6","mp_samrac_6",3.57696336993049
"samrac","mp","7","mp_samrac_7",5.31414101711185
"samrac","mp","8","mp_samrac_8",2.73161180297559
"samrac","mp","9","mp_samrac_9",3.25662526194022
"shecan","mp","10","mp_shecan_10",3.57540306917385
"shecan","mp","11","mp_shecan_11",4.14558661355961
"shecan","mp","2","mp_shecan_2",6.09399968166001
"shecan","mp","3","mp_shecan_3",NA
"shecan","mp","4","mp_shecan_4",5.87311956440687
"shecan","mp","5","mp_shecan_5",7.07598522128432
"shecan","mp","5_02","mp_shecan_5_02",NA
"shecan","mp","6","mp_shecan_6",4.76295697072683
"shecan","mp","7","mp_shecan_7",7.28296786623043
"shecan","mp","8","mp_shecan_8",6.40531788961081
"shecan","mp","9","mp_shecan_9",6.47947543066176
"sorsco","mp","1","mp_sorsco_1",4.6220604302587
"sorsco","mp","10","mp_sorsco_10",4.54825313423872
"sorsco","mp","11","mp_sorsco_11",3.91599858873847
"sorsco","mp","11_b","mp_sorsco_11_b",5.00503973517612
"sorsco","mp","12","mp_sorsco_12",3.64958462455752
"sorsco","mp","13","mp_sorsco_13",4.14361115746462
"sorsco","mp","14","mp_sorsco_14",4.02654006500474
"sorsco","mp","3","mp_sorsco_3",6.54625721908881
"sorsco","mp","4","mp_sorsco_4",3.89737043584732
"sorsco","mp","8","mp_sorsco_8",5.41761414077393
"spibet","mp","1","mp_spibet_1",4.34070009460834
"spibet","mp","10","mp_spibet_10",2.58018005627497
"spibet","mp","2","mp_spibet_2",4.02926397392952
"spibet","mp","3","mp_spibet_3",5.08175846297128
"spibet","mp","4","mp_spibet_4",3.901380905757
"spibet","mp","5","mp_spibet_5",3.09338866202278
"spibet","mp","6","mp_spibet_6",3.08937022906964
"spibet","mp","7","mp_spibet_7",2.56740343311634
"spibet","mp","8","mp_spibet_8",3.25101902941584
"spibet","mp","9","mp_spibet_9",2.84856535469284
"spipyr","mp","1","mp_spipyr_1",2.26891335475623
"spipyr","mp","1_02","mp_spipyr_1_02",NA
"spipyr","mp","10","mp_spipyr_10",3.17870768901398
"spipyr","mp","2","mp_spipyr_2",3.33876646665565
"spipyr","mp","3","mp_spipyr_3",4.45475205283171
"spipyr","mp","4","mp_spipyr_4",3.50286656793113
"spipyr","mp","5","mp_spipyr_5",4.47320742376436
"spipyr","mp","6","mp_spipyr_6",3.49339290235325
"spipyr","mp","7","mp_spipyr_7",3.6256686149853
"spipyr","mp","8","mp_spipyr_8",2.23352910430653
"spipyr","mp","9","mp_spipyr_9",4.04846097025727
"symalb","mp","1","mp_symalb_1",2.73989614380865
"symalb","mp","10","mp_symalb_10",5.68697345070116
"symalb","mp","11","mp_symalb_11",4.19799993756704
"symalb","mp","3","mp_symalb_3",5.85532555358326
"symalb","mp","4","mp_symalb_4",2.52655173726781
"symalb","mp","5","mp_symalb_5",4.19247791110387
"symalb","mp","6","mp_symalb_6",3.48630685519928
"symalb","mp","7","mp_symalb_7",3.89397820378552
"symalb","mp","8","mp_symalb_8",3.90225942307562
"symalb","mp","9","mp_symalb_9",5.69451375978843
"vacmem","mp","1","mp_vacmem_1",2.23193735295886
"vacmem","mp","11","mp_vacmem_11",2.8607315917767
"vacmem","mp","12","mp_vacmem_12",3.10172649127414
"vacmem","mp","3","mp_vacmem_3",4.33749474567966
"vacmem","mp","4","mp_vacmem_4",3.41696559461393
"vacmem","mp","5","mp_vacmem_5",7.71446470604987
"vacmem","mp","7","mp_vacmem_7",2.32018207915852
"vacmem","mp","8","mp_vacmem_8",2.74568515879192
"vacmem","mp","9","mp_vacmem_9",3.94702618435631
"vibedu","mp","1","mp_vibedu_1",NA
"vibedu","mp","10","mp_vibedu_10",3.11075899516872
"vibedu","mp","12","mp_vibedu_12",3.27023602229048
"vibedu","mp","13","mp_vibedu_13",2.41258331273639
"vibedu","mp","14","mp_vibedu_14",NA
"vibedu","mp","2","mp_vibedu_2",3.099172978491
"vibedu","mp","4","mp_vibedu_4",2.40654936943765
"vibedu","mp","5","mp_vibedu_5",6.78859363146731
"vibedu","mp","7","mp_vibedu_7",2.98238117369196
"vibedu","mp","8","mp_vibedu_8",2.21003942131434
"vibedu","mp","9","mp_vibedu_9",3.24085659621125
"acegla","sm","10","sm_acegla_10",3.89705741542292
"acegla","sm","11","sm_acegla_11",2.10387782829666
"acegla","sm","13","sm_acegla_13",2.61777430221755
"acegla","sm","14","sm_acegla_14",3.20962291602679
"acegla","sm","15","sm_acegla_15",2.64591030336407
"acegla","sm","2","sm_acegla_2",3.28262242724569
"acegla","sm","3","sm_acegla_3",3.35685013662859
"acegla","sm","7","sm_acegla_7",2.32259264929587
"acegla","sm","8","sm_acegla_8",3.55231296440664
"acegla","sm","9","sm_acegla_9",3.36764281702955
"alninc","sm","1","sm_alninc_1",7.07899234416657
"alninc","sm","1_June3","sm_alninc_1_June3",5.55425917808978
"alninc","sm","19","sm_alninc_19",3.23381684011221
"alninc","sm","2","sm_alninc_2",2.91317883955019
"alninc","sm","2_2","sm_alninc_2_2",NA
"alninc","sm","20","sm_alninc_20",2.35567895121788
"alninc","sm","21","sm_alninc_21",2.83688114349655
"alninc","sm","3","sm_alninc_3",3.74084534827243
"alninc","sm","4","sm_alninc_4",4.2852350863837
"alninc","sm","5","sm_alninc_5",2.73402594589807
"alninc","sm","8","sm_alninc_8",2.95814315524327
"alnvir","sm","10","sm_alnvir_10",3.40212832653591
"alnvir","sm","11","sm_alnvir_11",3.85352202555338
"alnvir","sm","16","sm_alnvir_16",NA
"alnvir","sm","17","sm_alnvir_17",3.87416490621307
"alnvir","sm","18","sm_alnvir_18",4.85436496942583
"alnvir","sm","19","sm_alnvir_19",5.17698329615214
"alnvir","sm","2","sm_alnvir_2",3.67930601160705
"alnvir","sm","2_2","sm_alnvir_2_2",3.45488795062025
"alnvir","sm","20","sm_alnvir_20",3.58096265672887
"alnvir","sm","6","sm_alnvir_6",NA
"alnvir","sm","8","sm_alnvir_8",3.09516972297591
"alnvir","sm","9","sm_alnvir_9",22.8819664520356
"amealn","sm","1","sm_amealn_1",5.97487166103897
"amealn","sm","10","sm_amealn_10",4.04995594162199
"amealn","sm","2","sm_amealn_2",3.98694267677149
"amealn","sm","3","sm_amealn_3",4.21324451592224
"amealn","sm","3?","sm_amealn_3?",NA
"amealn","sm","4","sm_amealn_4",NA
"amealn","sm","5","sm_amealn_5",4.9230473049799
"amealn","sm","6","sm_amealn_6",5.45202006715019
"amealn","sm","7","sm_amealn_7",5.7380173814189
"amealn","sm","8","sm_amealn_8",3.79359503265794
"amealn","sm","9","sm_amealn_9",3.59799154023763
"betpap","sm","1","sm_betpap_1",2.93317732181786
"betpap","sm","10","sm_betpap_10",2.87468606167119
"betpap","sm","13","sm_betpap_13",3.46729168016931
"betpap","sm","2","sm_betpap_2",2.5456418289106
"betpap","sm","4","sm_betpap_4",3.07933156680089
"betpap","sm","5","sm_betpap_5",2.98477425974019
"betpap","sm","6","sm_betpap_6",2.34637460313214
"betpap","sm","7","sm_betpap_7",2.45345550862268
"betpap","sm","7_2","sm_betpap_7_2",2.82278716212535
"betpap","sm","8","sm_betpap_8",3.12501469006424
"betpap","sm","9","sm_betpap_9",2.75148324423874
"corsto","sm","1","sm_corsto_1",NA
"corsto","sm","10","sm_corsto_10",2.40310662615723
"corsto","sm","11","sm_corsto_11",2.57916672205091
"corsto","sm","12","sm_corsto_12",2.70117077566089
"corsto","sm","13","sm_corsto_13",3.18985995219191
"corsto","sm","14","sm_corsto_14",3.54592835425142
"corsto","sm","2","sm_corsto_2",3.34226344451618
"corsto","sm","3","sm_corsto_3",2.9523647342932
"corsto","sm","4","sm_corsto_4",2.16659844586796
"corsto","sm","5","sm_corsto_5",2.3600981995975
"corsto","sm","6","sm_corsto_6",3.5030303034414
"corsto","sm","7","sm_corsto_7",2.29930228998006
"corsto","sm","8","sm_corsto_8",2.34937719215015
"corsto","sm","9","sm_corsto_9",NA
"loninv","sm","1","sm_loninv_1",3.75264834103006
"loninv","sm","11","sm_loninv_11",4.38535021300068
"loninv","sm","2","sm_loninv_2",3.39754262460486
"loninv","sm","3","sm_loninv_3",2.69230958051241
"loninv","sm","4","sm_loninv_4",2.41603706053109
"loninv","sm","5","sm_loninv_5",3.236736699773
"loninv","sm","6","sm_loninv_6",3.21721459460558
"loninv","sm","7","sm_loninv_7",3.82710673421279
"loninv","sm","8","sm_loninv_8",2.80291984081063
"loninv","sm","9","sm_loninv_9",2.28717106952648
"menfer","sm","10","sm_menfer_10",1.85598671131858
"menfer","sm","11","sm_menfer_11",1.95006228443094
"menfer","sm","12","sm_menfer_12",2.22091577490964
"menfer","sm","13","sm_menfer_13",2.16930540188555
"menfer","sm","14","sm_menfer_14",2.22094959034229
"menfer","sm","2","sm_menfer_2",NA
"menfer","sm","4","sm_menfer_4",2.00439308141005
"menfer","sm","6","sm_menfer_6",1.96992572051852
"menfer","sm","7","sm_menfer_7",1.70052065550958
"menfer","sm","8","sm_menfer_8",2.8231221333356
"menfer","sm","9","sm_menfer_9",3.45886948794872
"popbal","sm","1","sm_popbal_1",2.4543251150456
"popbal","sm","10","sm_popbal_10",3.64639492830679
"popbal","sm","11","sm_popbal_11",4.0083273417132
"popbal","sm","12","sm_popbal_12",5.18172976725147
"popbal","sm","20","sm_popbal_20",3.17548324600008
"popbal","sm","3","sm_popbal_3",4.40300584741638
"popbal","sm","5","sm_popbal_5",5.09302245835885
"popbal","sm","6","sm_popbal_6",4.18144760331208
"popbal","sm","8","sm_popbal_8",3.43608667083812
"popbal","sm","9","sm_popbal_9",4.05350826903474
"poptre","sm","1","sm_poptre_1",NA
"poptre","sm","10","sm_poptre_10",NA
"poptre","sm","11","sm_poptre_11",8.44408620230275
"poptre","sm","12","sm_poptre_12",8.14677325280352
"poptre","sm","13","sm_poptre_13",7.38648392883638
"poptre","sm","14","sm_poptre_14",NA
"poptre","sm","15","sm_poptre_15",4.2063153581905
"poptre","sm","16","sm_poptre_16",4.15482484891998
"poptre","sm","17","sm_poptre_17",3.26597243354274
"poptre","sm","18","sm_poptre_18",4.51829314776454
"poptre","sm","19","sm_poptre_19",4.48153895340926
"poptre","sm","2","sm_poptre_2",5.32412677256634
"poptre","sm","3","sm_poptre_3",5.4431397559582
"poptre","sm","4","sm_poptre_4",4.91096354174395
"poptre","sm","5","sm_poptre_5",4.84221868069906
"poptre","sm","7","sm_poptre_7",6.67342795283184
"rhoalb","sm","1","sm_rhoalb_1",NA
"rhoalb","sm","10","sm_rhoalb_10",NA
"rhoalb","sm","2","sm_rhoalb_2",NA
"rhoalb","sm","3","sm_rhoalb_3",NA
"rhoalb","sm","4","sm_rhoalb_4",NA
"rhoalb","sm","5","sm_rhoalb_5",NA
"rhoalb","sm","6","sm_rhoalb_6",NA
"rhoalb","sm","7","sm_rhoalb_7",NA
"rhoalb","sm","8","sm_rhoalb_8",NA
"rhoalb","sm","9","sm_rhoalb_9",NA
"riblac","sm","10","sm_riblac_10",NA
"riblac","sm","11","sm_riblac_11",1.88497448319134
"riblac","sm","12","sm_riblac_12",3.63694056784759
"riblac","sm","12_02","sm_riblac_12_02",2.43417763922816
"riblac","sm","2","sm_riblac_2",5.50932024470008
"riblac","sm","3","sm_riblac_3",4.30491692487048
"riblac","sm","5","sm_riblac_5",2.62680546817296
"riblac","sm","6","sm_riblac_6",2.87995585864172
"riblac","sm","7","sm_riblac_7",2.27788876918812
"riblac","sm","8","sm_riblac_8",NA
"riblac","sm","9","sm_riblac_9",3.13595790099922
"rubpar","sm","1","sm_rubpar_1",2.41895875334967
"rubpar","sm","10","sm_rubpar_10",2.88797242193211
"rubpar","sm","2","sm_rubpar_2",2.88066348990105
"rubpar","sm","3","sm_rubpar_3",2.04016474797305
"rubpar","sm","4","sm_rubpar_4",3.15364803436325
"rubpar","sm","5","sm_rubpar_5",2.96816996218632
"rubpar","sm","6","sm_rubpar_6",3.0552850702959
"rubpar","sm","7","sm_rubpar_7",2.90074799298453
"rubpar","sm","8","sm_rubpar_8",2.61820232252018
"rubpar","sm","9","sm_rubpar_9",2.94411489621127
"samrac","sm","10","sm_samrac_10",2.21338857571019
"samrac","sm","11","sm_samrac_11",2.91732708117331
"samrac","sm","2","sm_samrac_2",2.3546335110097
"samrac","sm","3","sm_samrac_3",3.14880015608564
"samrac","sm","4","sm_samrac_4",2.09866905045357
"samrac","sm","5","sm_samrac_5",3.60869276528987
"samrac","sm","6","sm_samrac_6",3.00603234472383
"samrac","sm","7","sm_samrac_7",2.80519904816337
"samrac","sm","8","sm_samrac_8",2.98310635993111
"samrac","sm","9","sm_samrac_9",3.42023513770009
"shecan","sm","1","sm_shecan_1",4.44041857605145
"shecan","sm","10","sm_shecan_10",3.63649163670965
"shecan","sm","11","sm_shecan_11",6.27819376515247
"shecan","sm","12","sm_shecan_12",5.30392151713836
"shecan","sm","16","sm_shecan_16",5.94767351051983
"shecan","sm","5","sm_shecan_5",3.89737795668929
"shecan","sm","6","sm_shecan_6",4.02088682269981
"shecan","sm","7","sm_shecan_7",6.41615684705137
"shecan","sm","8","sm_shecan_8",4.6158494425006
"shecan","sm","9","sm_shecan_9",4.11001538714078
"sorsco","sm","1","sm_sorsco_1",4.06624892431277
"sorsco","sm","10","sm_sorsco_10",6.24613497551043
"sorsco","sm","11","sm_sorsco_11",4.05808960320751
"sorsco","sm","12","sm_sorsco_12",3.59442678397468
"sorsco","sm","12_02","sm_sorsco_12_02",5.54271054131717
"sorsco","sm","4","sm_sorsco_4",3.30075569343407
"sorsco","sm","5","sm_sorsco_5",2.77228727992252
"sorsco","sm","6","sm_sorsco_6",3.77697554950226
"sorsco","sm","7","sm_sorsco_7",3.68676481022497
"sorsco","sm","9","sm_sorsco_9",5.02214180523696
"spibet","sm","1","sm_spibet_1",2.15606842943249
"spibet","sm","10","sm_spibet_10",2.58478718598806
"spibet","sm","2","sm_spibet_2",2.20445106372861
"spibet","sm","3","sm_spibet_3",2.36938365103886
"spibet","sm","4","sm_spibet_4",1.68185467060596
"spibet","sm","5","sm_spibet_5",3.00020132300064
"spibet","sm","6","sm_spibet_6",2.4329771230696
"spibet","sm","7","sm_spibet_7",1.84433602885549
"spibet","sm","8","sm_spibet_8",1.77927522064027
"spibet","sm","9","sm_spibet_9",1.61198992451286
"spipyr","sm","1","sm_spipyr_1",2.47850418786046
"spipyr","sm","10","sm_spipyr_10",2.2684400536152
"spipyr","sm","2","sm_spipyr_2",2.75092514467696
"spipyr","sm","3","sm_spipyr_3",2.16691255956303
"spipyr","sm","4","sm_spipyr_4",2.12378621582161
"spipyr","sm","5","sm_spipyr_5",2.1411359483982
"spipyr","sm","6","sm_spipyr_6",NA
"spipyr","sm","7","sm_spipyr_7",1.79199622125138
"spipyr","sm","8","sm_spipyr_8",1.86200951297215
"spipyr","sm","9","sm_spipyr_9",2.41721673764421
"symalb","sm","11","sm_symalb_11",2.5129428084818
"symalb","sm","12","sm_symalb_12",7.47841029755869
"symalb","sm","12_02","sm_symalb_12_02",3.32010430169875
"symalb","sm","2","sm_symalb_2",3.45222812210016
"symalb","sm","4","sm_symalb_4",3.68881761928097
"symalb","sm","5","sm_symalb_5",5.99650232977755
"symalb","sm","6","sm_symalb_6",3.39778892989821
"symalb","sm","7","sm_symalb_7",5.13384471156982
"symalb","sm","8","sm_symalb_8",4.12813705709999
"symalb","sm","9","sm_symalb_9",4.55457215073711
"symalb","sm","9_02","sm_symalb_9_02",3.53992333620533
"vacmem","sm","1","sm_vacmem_1",1.77475557432802
"vacmem","sm","10","sm_vacmem_10",2.97736229006064
"vacmem","sm","2","sm_vacmem_2",1.38936574683624
"vacmem","sm","3","sm_vacmem_3",0.27638314724233
"vacmem","sm","4","sm_vacmem_4",2.78714178619512
"vacmem","sm","5","sm_vacmem_5",1.67429155294005
"vacmem","sm","6","sm_vacmem_6",1.56312167443563
"vacmem","sm","7","sm_vacmem_7",1.68043551359138
"vacmem","sm","8","sm_vacmem_8",1.73122222822728
"vacmem","sm","9","sm_vacmem_9",3.75485537733682
"vibedu","sm","1","sm_vibedu_1",3.07590982933727
"vibedu","sm","10","sm_vibedu_10",3.17797930288253
"vibedu","sm","11","sm_vibedu_11",2.58731667075159
"vibedu","sm","12","sm_vibedu_12",3.86059569753685
"vibedu","sm","19","sm_vibedu_19",3.64735030937123
"vibedu","sm","20","sm_vibedu_20",4.08111329629213
"vibedu","sm","5","sm_vibedu_5",2.80716024685496
"vibedu","sm","7","sm_vibedu_7",4.72632617989405
"vibedu","sm","8","sm_vibedu_8",4.43335166330325
"vibedu","sm","9","sm_vibedu_9",2.88087989719846
