"sample","species","site","no","vol","stem.weight","ssd"
"af_acegla_1","acegla","af","1",3.32,1337.4,402.831325301205
"kl_acegla_1","acegla","kl","1",2.99,1675.9,560.501672240803
"mp_acegla_1","acegla","mp","1",2.86,1560.8,545.734265734266
"af_acegla_10","acegla","af","10",3.01,1428,474.418604651163
"kl_acegla_10","acegla","kl","10",3.82,1603.5,419.764397905759
"mp_acegla_10","acegla","mp","10",3.13,1416.2,452.460063897764
"sm_acegla_10","acegla","sm","10",4.1,2287.5,557.926829268293
"mp_acegla_10_02","acegla","mp","10_02",2.89,1627.4,563.114186851211
"af_acegla_11","acegla","af","11",3.25,1694.4,521.353846153846
"kl_acegla_11","acegla","kl","11",2.47,1308.1,529.595141700405
"mp_acegla_11","acegla","mp","11",2.71,1378.1,508.523985239852
"sm_acegla_11","acegla","sm","11",4.93,2233.5,453.042596348884
"af_acegla_12","acegla","af","12",3.12,1497,479.807692307692
"sm_acegla_13","acegla","sm","13",3.84,1808.8,471.041666666667
"sm_acegla_14","acegla","sm","14",4.21,2267,538.479809976247
"sm_acegla_15","acegla","sm","15",3.81,1921,504.199475065617
"mp_acegla_2","acegla","mp","2",2.98,1350.7,453.255033557047
"sm_acegla_2","acegla","sm","2",2.56,2745.6,1072.5
"af_acegla_3","acegla","af","3",3.42,1820.6,532.33918128655
"kl_acegla_3","acegla","kl","3",2.34,1319.6,563.931623931624
"mp_acegla_3","acegla","mp","3",3.04,1597.2,525.394736842105
"sm_acegla_3","acegla","sm","3",3,1386.7,462.233333333333
"kl_acegla_4","acegla","kl","4",3.3,1867.4,565.878787878788
"mp_acegla_4","acegla","mp","4",4.11,1717.7,417.931873479319
"af_acegla_5","acegla","af","5",3.08,1613.7,523.928571428571
"kl_acegla_5","acegla","kl","5",3.26,1567.6,480.858895705521
"mp_acegla_5","acegla","mp","5",3.6,1783.8,495.5
"af_acegla_6","acegla","af","6",3.43,1598.5,466.03498542274
"kl_acegla_6","acegla","kl","6",2.7,1489.3,551.592592592592
"af_acegla_7","acegla","af","7",4.11,2018.4,491.094890510949
"kl_acegla_7","acegla","kl","7",3.41,2004.5,587.82991202346
"mp_acegla_7","acegla","mp","7",3.12,1601.4,513.269230769231
"sm_acegla_7","acegla","sm","7",4.34,1650.3,380.253456221198
"af_acegla_8","acegla","af","8",3.31,1558.8,470.936555891239
"kl_acegla_8","acegla","kl","8",3.15,1495.8,474.857142857143
"mp_acegla_8","acegla","mp","8",2.39,1308.2,547.364016736402
"sm_acegla_8","acegla","sm","8",2.37,1158.9,488.987341772152
"af_acegla_9","acegla","af","9",3.61,1741.6,482.437673130194
"kl_acegla_9","acegla","kl","9",3.04,1720.7,566.019736842105
"mp_acegla_9","acegla","mp","9",2.98,1466.7,492.181208053691
"sm_acegla_9","acegla","sm","9",2.83,4538.9,1603.85159010601
"af_alninc_1","alninc","af","1",4.67,1901.8,407.237687366167
"kl_alninc_1","alninc","kl","1",3.54,1663,469.774011299435
"mp_alninc_1","alninc","mp","1",2.75,996,362.181818181818
"sm_alninc_1","alninc","sm","1",5.33,2210.2,414.671669793621
"sm_alninc_1_June3","alninc","sm","1_June3",2.13,920.2,432.018779342723
"af_alninc_10","alninc","af","10",4.53,1851.3,408.675496688742
"mp_alninc_10","alninc","mp","10",3.54,1522.9,430.197740112994
"af_alninc_11","alninc","af","11",2.68,944.2,352.313432835821
"af_alninc_12","alninc","af","12",3.43,1338.1,390.116618075802
"af_alninc_13","alninc","af","13",2.7,117.2,43.4074074074074
"sm_alninc_19","alninc","sm","19",5.82,2529.8,434.6735395189
"kl_alninc_2","alninc","kl","2",3.12,1359.1,435.608974358974
"mp_alninc_2","alninc","mp","2",3.6,1373.3,381.472222222222
"sm_alninc_2","alninc","sm","2",4.94,2328.9,471.437246963563
"af_alninc_20","alninc","af","20",4.05,1690.6,417.432098765432
"sm_alninc_20","alninc","sm","20",5.46,2187,400.549450549451
"sm_alninc_21","alninc","sm","21",3.31,1506.7,455.196374622357
"kl_alninc_3","alninc","kl","3",3.14,1343.9,427.993630573248
"mp_alninc_3","alninc","mp","3",3.58,1452.7,405.782122905028
"sm_alninc_3","alninc","sm","3",5.5,2297.8,417.781818181818
"kl_alninc_4","alninc","kl","4",3.31,1391.1,420.271903323263
"mp_alninc_4","alninc","mp","4",3.72,1556.9,418.521505376344
"sm_alninc_4","alninc","sm","4",5.06,2387.2,471.778656126482
"af_alninc_5","alninc","af","5",2.79,1079.7,386.989247311828
"mp_alninc_5","alninc","mp","5",3.04,1250.4,411.315789473684
"sm_alninc_5","alninc","sm","5",5.68,1964.7,345.897887323944
"af_alninc_6","alninc","af","6",3.57,1831.74,513.09243697479
"mp_alninc_6","alninc","mp","6",3.28,1184.5,361.128048780488
"af_alninc_7","alninc","af","7",3.27,1427.25,436.467889908257
"mp_alninc_7","alninc","mp","7",3.37,1193,354.005934718101
"mp_alninc_8","alninc","mp","8",3.56,1444.2,405.674157303371
"sm_alninc_8","alninc","sm","8",2,771.2,385.6
"af_alninc_9","alninc","af","9",2.61,1326.7,508.314176245211
"mp_alninc_9","alninc","mp","9",3.8,1570.6,413.315789473684
"af_alnvir_1","alnvir","af","1",3.3,1411,427.575757575758
"mp_alnvir_1","alnvir","mp","1",3.71,1741.8,469.487870619946
"kl_alnvir_10","alnvir","kl","10",2.57,1393.4,542.178988326848
"mp_alnvir_10","alnvir","mp","10",3.4,NA,NA
"sm_alnvir_10","alnvir","sm","10",2.63,1245.1,473.422053231939
"af_alnvir_11","alnvir","af","11",2.99,1307.1,437.157190635451
"kl_alnvir_11","alnvir","kl","11",2.58,1369.3,530.736434108527
"af_alnvir_12","alnvir","af","12",3.42,1468.6,429.415204678363
"kl_alnvir_12","alnvir","kl","12",2.7,1308.1,484.481481481481
"af_alnvir_13","alnvir","af","13",2.25,920.9,409.288888888889
"af_alnvir_14","alnvir","af","14",2.98,1334.3,447.751677852349
"sm_alnvir_17","alnvir","sm","17",2.34,1154.5,493.376068376068
"sm_alnvir_18","alnvir","sm","18",2.8,1257.9,449.25
"sm_alnvir_19","alnvir","sm","19",2.35,1164.6,495.574468085106
"af_alnvir_2","alnvir","af","2",3.69,1483,401.89701897019
"kl_alnvir_2","alnvir","kl","2",2.98,1380,463.087248322148
"mp_alnvir_2","alnvir","mp","2",3.61,1704.8,472.243767313019
"sm_alnvir_2","alnvir","sm","2",2.36,1640.9,695.296610169492
"sm_alnvir_2_2","alnvir","sm","2_2",3.25,1216.1,374.184615384615
"af_alnvir_20","alnvir","af","20",3.3,1449.2,439.151515151515
"sm_alnvir_20","alnvir","sm","20",2.83,1339.5,473.321554770318
"af_alnvir_3","alnvir","af","3",2.97,1220.4,410.909090909091
"kl_alnvir_3","alnvir","kl","3",2.73,1409,516.117216117216
"mp_alnvir_3","alnvir","mp","3",3.75,1597.1,425.893333333333
"af_alnvir_4","alnvir","af","4",3.05,1440.8,472.393442622951
"mp_alnvir_4","alnvir","mp","4",3.59,1726.1,480.807799442897
"af_alnvir_5","alnvir","af","5",3.01,1262.5,419.435215946844
"kl_alnvir_5","alnvir","kl","5",3.41,1519,445.454545454545
"mp_alnvir_5","alnvir","mp","5",3.25,1449.6,446.030769230769
"kl_alnvir_6","alnvir","kl","6",3.44,1386.6,403.081395348837
"mp_alnvir_6","alnvir","mp","6",3.41,1478.3,433.519061583578
"sm_alnvir_6","alnvir","sm","6",2.51,1024.4,408.127490039841
"kl_alnvir_7","alnvir","kl","7",2.54,1285.9,506.259842519685
"mp_alnvir_7","alnvir","mp","7",4.56,2355.8,516.622807017544
"kl_alnvir_8","alnvir","kl","8",2.49,1424.6,572.128514056225
"mp_alnvir_8","alnvir","mp","8",3.19,1432.9,449.184952978056
"sm_alnvir_8","alnvir","sm","8",2,NA,NA
"kl_alnvir_9","alnvir","kl","9",3.9,1844.4,472.923076923077
"mp_alnvir_9","alnvir","mp","9",3.36,1586.5,472.172619047619
"sm_alnvir_9","alnvir","sm","9",2.55,1153.4,452.313725490196
"af_amealn_1","amealn","af","1",2.34,1292.3,552.264957264957
"kl_amealn_1","amealn","kl","1",2.49,1458.6,585.78313253012
"mp_amealn_1","amealn","mp","1",2.98,1424.6,478.053691275168
"sm_amealn_1","amealn","sm","1",2.83,1572.8,555.759717314488
"af_amealn_10","amealn","af","10",2.65,1717.1,647.962264150943
"kl_amealn_10","amealn","kl","10",2.56,1658.6,647.890625
"mp_amealn_10","amealn","mp","10",2.85,1551.27,544.305263157895
"sm_amealn_10","amealn","sm","10",3.14,1965,625.796178343949
"mp_amealn_11","amealn","mp","11",3.29,1528.6,464.620060790273
"af_amealn_12","amealn","af","12",3.61,2222.8,615.734072022161
"mp_amealn_12","amealn","mp","12",2.75,1586.1,576.763636363636
"af_amealn_2","amealn","af","2",5.06,2589.1,511.679841897233
"kl_amealn_2","amealn","kl","2",2.51,1578.5,628.884462151394
"mp_amealn_2","amealn","mp","2",3.12,1869.2,599.102564102564
"sm_amealn_2","amealn","sm","2",3,1383.6,461.2
"af_amealn_3","amealn","af","3",2.38,1294.7,543.991596638656
"kl_amealn_3","amealn","kl","3",2.88,1842.8,639.861111111111
"mp_amealn_3","amealn","mp","3",2.72,1685.1,619.522058823529
"sm_amealn_3","amealn","sm","3",1.56,741.6,475.384615384615
"kl_amealn_4","amealn","kl","4",3.68,2392.5,650.135869565217
"mp_amealn_4","amealn","mp","4",2.63,1287.1,489.391634980989
"sm_amealn_4","amealn","sm","4",2.93,1619.2,552.627986348123
"af_amealn_5","amealn","af","5",3.23,1872.7,579.783281733746
"kl_amealn_5","amealn","kl","5",2.31,1422,615.584415584416
"mp_amealn_5","amealn","mp","5",2.8,1500,535.714285714286
"sm_amealn_5","amealn","sm","5",3.45,1857.9,538.521739130435
"af_amealn_6","amealn","af","6",2.73,1403,513.919413919414
"kl_amealn_6","amealn","kl","6",2.64,1771.6,671.060606060606
"mp_amealn_6","amealn","mp","6",3.37,1972.05,585.178041543027
"sm_amealn_6","amealn","sm","6",2.66,1256.3,472.293233082707
"af_amealn_7","amealn","af","7",4.13,2130,515.738498789346
"kl_amealn_7","amealn","kl","7",2.34,1595,681.623931623932
"mp_amealn_7","amealn","mp","7",2.65,1449.8,547.094339622642
"sm_amealn_7","amealn","sm","7",2.73,1429.5,523.626373626374
"af_amealn_8","amealn","af","8",3.39,1819.9,536.843657817109
"kl_amealn_8","amealn","kl","8",3.38,2204,652.07100591716
"mp_amealn_8","amealn","mp","8",2.91,1825.5,627.319587628866
"sm_amealn_8","amealn","sm","8",3.07,1741.3,567.198697068404
"af_amealn_9","amealn","af","9",1.78,1150.3,646.23595505618
"kl_amealn_9","amealn","kl","9",3.81,2359.4,619.265091863517
"mp_amealn_9","amealn","mp","9",2.61,1433.6,549.272030651341
"sm_amealn_9","amealn","sm","9",4.56,2502.8,548.859649122807
"sm_betpap_1","betpap","sm","1",2.57,1421.1,552.95719844358
"af_betpap_10","betpap","af","10",4.01,2230.5,556.234413965087
"kl_betpap_10","betpap","kl","10",3.87,2007.2,518.656330749354
"sm_betpap_10","betpap","sm","10",3.51,1910.1,544.188034188034
"af_betpap_11","betpap","af","11",3.24,1611,497.222222222222
"kl_betpap_11","betpap","kl","11",3.38,1989.5,588.609467455621
"kl_betpap_12","betpap","kl","12",3.25,1819.4,559.815384615385
"kl_betpap_13","betpap","kl","13",3.87,2221.2,573.953488372093
"sm_betpap_13","betpap","sm","13",3.88,2006.9,517.242268041237
"kl_betpap_14","betpap","kl","14",3.81,2288.1,600.551181102362
"af_betpap_2","betpap","af","2",5.24,2764.6,527.595419847328
"sm_betpap_2","betpap","sm","2",3.72,2017.8,542.41935483871
"af_betpap_3","betpap","af","3",3.52,1912.9,543.4375
"af_betpap_4","betpap","af","4",3.4,1917.1,563.852941176471
"sm_betpap_4","betpap","sm","4",2.63,1922.1,730.836501901141
"af_betpap_5","betpap","af","5",3.5,1831.8,523.371428571429
"kl_betpap_5","betpap","kl","5",3.59,2197.2,612.033426183844
"sm_betpap_5","betpap","sm","5",3.09,1541,498.705501618123
"af_betpap_6","betpap","af","6",3.58,1872.5,523.04469273743
"kl_betpap_6","betpap","kl","6",2.27,1220,537.444933920705
"sm_betpap_6","betpap","sm","6",1.91,1045,547.120418848168
"af_betpap_7","betpap","af","7",3.43,1818.7,530.233236151603
"kl_betpap_7","betpap","kl","7",3.78,2087.9,552.354497354497
"sm_betpap_7","betpap","sm","7",3.37,1784.2,529.436201780415
"af_betpap_8","betpap","af","8",2.94,1599,543.877551020408
"kl_betpap_8","betpap","kl","8",4.3,2375,552.325581395349
"sm_betpap_8","betpap","sm","8",4.12,2440.2,592.281553398058
"af_betpap_9","betpap","af","9",4.36,2356.7,540.52752293578
"kl_betpap_9","betpap","kl","9",3.37,1924.7,571.127596439169
"sm_betpap_9","betpap","sm","9",3.09,1454.9,470.84142394822
"af_corsto_1","corsto","af","1",2.43,902.4,371.358024691358
"mp_corsto_1","corsto","mp","1",2.28,766.9,336.359649122807
"af_corsto_10","corsto","af","10",2.86,1129.2,394.825174825175
"kl_corsto_10","corsto","kl","10",2.67,1498.9,561.385767790262
"mp_corsto_10","corsto","mp","10",3.24,1494.8,461.358024691358
"sm_corsto_10","corsto","sm","10",1.57,600.2,382.292993630573
"af_corsto_11","corsto","af","11",2.84,1121.1,394.753521126761
"kl_corsto_11","corsto","kl","11",2.04,1017.3,498.676470588235
"sm_corsto_11","corsto","sm","11",3.08,1642.1,533.149350649351
"kl_corsto_12","corsto","kl","12",2.34,1216.6,519.91452991453
"sm_corsto_12","corsto","sm","12",2.7,1140.1,422.259259259259
"kl_corsto_13","corsto","kl","13",3.22,1749.5,543.32298136646
"sm_corsto_13","corsto","sm","13",4.32,2121.3,491.041666666667
"sm_corsto_14","corsto","sm","14",2.52,918.8,364.603174603175
"mp_corsto_2","corsto","mp","2",3.01,1337,444.186046511628
"sm_corsto_2","corsto","sm","2",2.49,1053.1,422.93172690763
"mp_corsto_20","corsto","mp","20",2.97,1221.5,411.279461279461
"af_corsto_3","corsto","af","3",3.59,1606.9,447.604456824513
"kl_corsto_3","corsto","kl","3",2.79,1367.9,490.286738351254
"mp_corsto_3","corsto","mp","3",3.27,1233.8,377.308868501529
"sm_corsto_3","corsto","sm","3",2.53,984.6,389.169960474308
"af_corsto_4","corsto","af","4",2.22,1011.3,455.54054054054
"sm_corsto_4","corsto","sm","4",2.77,1169.4,422.166064981949
"af_corsto_5","corsto","af","5",2.45,1152,470.204081632653
"kl_corsto_5","corsto","kl","5",3.47,1645.7,474.265129682997
"mp_corsto_5","corsto","mp","5",2.93,1505,513.651877133106
"sm_corsto_5","corsto","sm","5",4.17,1809.1,433.836930455635
"af_corsto_6","corsto","af","6",2.82,1486.5,527.127659574468
"kl_corsto_6","corsto","kl","6",3.43,1773.7,517.113702623907
"mp_corsto_6","corsto","mp","6",3.57,1540.6,431.540616246499
"sm_corsto_6","corsto","sm","6",1.71,763,446.198830409357
"af_corsto_7","corsto","af","7",2.06,918.5,445.873786407767
"kl_corsto_7","corsto","kl","7",3.46,1697.3,490.549132947977
"mp_corsto_7","corsto","mp","7",2.7,877,324.814814814815
"sm_corsto_7","corsto","sm","7",3.99,2016.6,505.413533834586
"af_corsto_8","corsto","af","8",2.37,1093.7,461.476793248945
"kl_corsto_8","corsto","kl","8",2.56,1309,511.328125
"mp_corsto_8","corsto","mp","8",3.12,1332.1,426.955128205128
"sm_corsto_8","corsto","sm","8",1.39,605.6,435.68345323741
"af_corsto_9","corsto","af","9",2.19,1074.8,490.776255707763
"kl_corsto_9","corsto","kl","9",2.09,1095.5,524.162679425837
"mp_corsto_9","corsto","mp","9",2.84,1359,478.521126760563
"af_loninv_1","loninv","af","1",2.79,1222.3,438.100358422939
"kl_loninv_1","loninv","kl","1",3.35,1815.4,541.910447761194
"sm_loninv_1","loninv","sm","1",2.53,1023.5,404.545454545455
"kl_loninv_10","loninv","kl","10",3.67,1825.5,497.411444141689
"mp_loninv_10","loninv","mp","10",2.01,856.4,426.069651741294
"sm_loninv_10","loninv","sm","10",NA,450.2,NA
"af_loninv_11","loninv","af","11",2.94,1144.2,389.183673469388
"mp_loninv_11","loninv","mp","11",3.4,1261.5,371.029411764706
"sm_loninv_11","loninv","sm","11",1.52,528.8,347.894736842105
"mp_loninv_12","loninv","mp","12",2.52,1045.4,414.84126984127
"mp_loninv_13","loninv","mp","13",1.96,789,402.551020408163
"af_loninv_2","loninv","af","2",1.94,928.12,478.412371134021
"kl_loninv_2","loninv","kl","2",3.39,1629.7,480.737463126844
"sm_loninv_2","loninv","sm","2",1.66,602.7,363.072289156627
"af_loninv_3","loninv","af","3",1.59,841.13,529.012578616352
"kl_loninv_3","loninv","kl","3",2.18,1454,666.97247706422
"mp_loninv_3","loninv","mp","3",2.53,1036.53,409.695652173913
"sm_loninv_3","loninv","sm","3",2.4,1130.5,471.041666666667
"af_loninv_3_02","loninv","af","3_02",3.76,1638.75,435.837765957447
"af_loninv_4","loninv","af","4",1.64,763.1,465.304878048781
"kl_loninv_4","loninv","kl","4",3.63,1713.5,472.038567493113
"sm_loninv_4","loninv","sm","4",2.23,1027.4,460.717488789238
"af_loninv_5","loninv","af","5",2.61,1165.2,446.436781609195
"kl_loninv_5","loninv","kl","5",2.92,1441.7,493.732876712329
"mp_loninv_5","loninv","mp","5",2.46,990.6,402.682926829268
"sm_loninv_5","loninv","sm","5",1.17,NA,NA
"af_loninv_6","loninv","af","6",3.47,1607.9,463.371757925072
"kl_loninv_6","loninv","kl","6",2.68,1256.4,468.805970149254
"mp_loninv_6","loninv","mp","6",3.18,1495.1,470.157232704402
"sm_loninv_6","loninv","sm","6",2.41,1008.2,418.340248962656
"kl_loninv_7","loninv","kl","7",2.44,1382.3,566.516393442623
"mp_loninv_7","loninv","mp","7",2.86,1261.3,441.013986013986
"sm_loninv_7","loninv","sm","7",4.59,924.7,201.459694989107
"af_loninv_8","loninv","af","8",2.37,1079.08,455.308016877637
"kl_loninv_8","loninv","kl","8",2.07,1177.3,568.743961352657
"mp_loninv_8","loninv","mp","8",3.05,1258.53,412.632786885246
"sm_loninv_8","loninv","sm","8",2.07,1453.4,702.125603864734
"af_loninv_9","loninv","af","9",2.26,1095.3,484.646017699115
"kl_loninv_9","loninv","kl","9",1.98,698.2,352.626262626263
"mp_loninv_9","loninv","mp","9",2.3,921.4,400.608695652174
"sm_loninv_9","loninv","sm","9",1.39,603.1,433.884892086331
"mp_menfer_1","menfer","mp","1",1.41,575.8,408.368794326241
"mp_menfer_10","menfer","mp","10",1.34,485.1,362.014925373134
"sm_menfer_10","menfer","sm","10",1.24,547.7,441.693548387097
"mp_menfer_10_02","menfer","mp","10_02",2.92,1130.9,387.294520547945
"sm_menfer_11","menfer","sm","11",1.07,482.4,450.841121495327
"mp_menfer_12","menfer","mp","12",3.09,1419.5,459.385113268608
"sm_menfer_12","menfer","sm","12",1.17,555.2,474.529914529915
"sm_menfer_13","menfer","sm","13",1.47,656.7,446.734693877551
"sm_menfer_14","menfer","sm","14",1.24,562.8,453.870967741935
"mp_menfer_2","menfer","mp","2",2.58,1269.6,492.093023255814
"sm_menfer_2","menfer","sm","2",NA,888.5,NA
"mp_menfer_4","menfer","mp","4",2.5,1014.5,405.8
"sm_menfer_4","menfer","sm","4",1.65,676.6,410.060606060606
"mp_menfer_5","menfer","mp","5",3.25,1395.6,429.415384615385
"mp_menfer_6","menfer","mp","6",2.57,1171,455.642023346304
"sm_menfer_6","menfer","sm","6",1.92,825.7,430.052083333333
"mp_menfer_7","menfer","mp","7",3.61,1469.6,407.091412742382
"sm_menfer_7","menfer","sm","7",1.51,NA,NA
"sm_menfer_8","menfer","sm","8",2.4,1072.9,447.041666666667
"mp_menfer_9","menfer","mp","9",1.62,699.9,432.037037037037
"sm_menfer_9","menfer","sm","9",2.1,NA,NA
"af_popbal_1","popbal","af","1",3.84,1618.5,421.484375
"kl_popbal_1","popbal","kl","1",3.77,1975.2,523.925729442971
"sm_popbal_1","popbal","sm","1",3.59,1634.6,455.320334261838
"kl_popbal_10","popbal","kl","10",3.1,1719,554.516129032258
"mp_popbal_10","popbal","mp","10",3.79,1743.4,460
"sm_popbal_10","popbal","sm","10",2.76,1276.1,462.355072463768
"kl_popbal_11","popbal","kl","11",4.45,2374.2,533.52808988764
"mp_popbal_11","popbal","mp","11",3.75,1809.3,482.48
"sm_popbal_11","popbal","sm","11",3.29,1649.7,501.428571428571
"mp_popbal_12","popbal","mp","12",3.08,1290,418.831168831169
"sm_popbal_12","popbal","sm","12",3.22,1545.5,479.968944099379
"mp_popbal_13","popbal","mp","13",4.7,2345.5,499.042553191489
"mp_popbal_14","popbal","mp","14",4.4,2199.9,499.977272727273
"mp_popbal_15","popbal","mp","15",4.24,1987.6,468.77358490566
"af_popbal_2","popbal","af","2",3.82,1861.9,487.408376963351
"af_popbal_2_2","popbal","af","2_2",3,1340.8,446.933333333333
"sm_popbal_20","popbal","sm","20",3.48,1471.9,422.959770114943
"af_popbal_3","popbal","af","3",4.38,1890.7,431.666666666667
"kl_popbal_3","popbal","kl","3",3.37,2126.8,631.097922848665
"sm_popbal_3","popbal","sm","3",4.26,1949.3,457.582159624413
"af_popbal_4","popbal","af","4",2.8,1331.5,475.535714285714
"kl_popbal_4","popbal","kl","4",4.48,2329,519.866071428571
"af_popbal_5","popbal","af","5",2.18,1037.7,476.009174311927
"kl_popbal_5","popbal","kl","5",3.88,1986.1,511.881443298969
"sm_popbal_5","popbal","sm","5",2.73,1372,502.564102564103
"af_popbal_6","popbal","af","6",2.83,1368.3,483.498233215548
"kl_popbal_6","popbal","kl","6",3.76,1897.2,504.574468085106
"mp_popbal_6","popbal","mp","6",3.31,1464.1,442.326283987915
"sm_popbal_6","popbal","sm","6",3.25,1263.1,388.646153846154
"af_popbal_7","popbal","af","7",3.18,1481,465.723270440252
"kl_popbal_7","popbal","kl","7",2.59,1763.7,680.965250965251
"mp_popbal_7","popbal","mp","7",3.52,NA,NA
"af_popbal_8","popbal","af","8",3.04,1496.4,492.236842105263
"kl_popbal_8","popbal","kl","8",4.19,2329.8,556.038186157518
"mp_popbal_8","popbal","mp","8",3.73,1894.1,507.801608579088
"sm_popbal_8","popbal","sm","8",3.94,2067.1,524.644670050761
"af_popbal_9","popbal","af","9",3.4,1760.7,517.852941176471
"kl_popbal_9","popbal","kl","9",3.08,1785.3,579.642857142857
"mp_popbal_9","popbal","mp","9",4.11,2052.3,499.343065693431
"sm_popbal_9","popbal","sm","9",2.78,1281.4,460.935251798561
"kl_poptre_1","poptre","kl","1",4.07,2089.6,513.415233415233
"af_poptre_10","poptre","af","10",2.9,1317.7,454.379310344828
"kl_poptre_10","poptre","kl","10",3.59,2111.1,588.050139275766
"mp_poptre_10","poptre","mp","10",4.43,1960.5,442.55079006772
"mp_poptre_11","poptre","mp","11",3.85,1933.8,502.285714285714
"sm_poptre_11","poptre","sm","11",5.28,2393.3,453.276515151515
"af_poptre_12","poptre","af","12",3.46,1668.4,482.196531791908
"mp_poptre_12","poptre","mp","12",3.55,1702.7,479.633802816901
"sm_poptre_12","poptre","sm","12",5.83,2452,420.583190394511
"af_poptre_12_02","poptre","af","12_02",3.89,1831.2,470.745501285347
"af_poptre_13","poptre","af","13",4.03,1780,441.687344913151
"mp_poptre_13","poptre","mp","13",4.15,1914.4,461.301204819277
"sm_poptre_13","poptre","sm","13",5.73,2815.2,491.30890052356
"af_poptre_15","poptre","af","15",3.46,1873.6,541.50289017341
"sm_poptre_15","poptre","sm","15",4.3,2162.9,503
"sm_poptre_16","poptre","sm","16",3.7,1924.1,520.027027027027
"sm_poptre_17","poptre","sm","17",2.83,1389.9,491.13074204947
"sm_poptre_18","poptre","sm","18",2.69,1298.3,482.639405204461
"sm_poptre_19","poptre","sm","19",2.85,1455.1,510.561403508772
"kl_poptre_2","poptre","kl","2",3.66,1849.3,505.273224043716
"sm_poptre_2","poptre","sm","2",3.33,1623.6,487.567567567568
"af_poptre_3","poptre","af","3",3.44,1209.4,351.569767441861
"kl_poptre_3","poptre","kl","3",4.92,2619.2,532.357723577236
"sm_poptre_3","poptre","sm","3",3.65,1844,505.205479452055
"af_poptre_4","poptre","af","4",3.52,1695.8,481.761363636364
"kl_poptre_4","poptre","kl","4",4,2128.2,532.05
"sm_poptre_4","poptre","sm","4",3.57,1804.7,505.518207282913
"af_poptre_5","poptre","af","5",3.34,1743.7,522.065868263473
"kl_poptre_5","poptre","kl","5",4.21,2462,584.79809976247
"mp_poptre_5","poptre","mp","5",4.05,2050.24,506.232098765432
"sm_poptre_5","poptre","sm","5",2.74,1337.7,488.211678832117
"af_poptre_6","poptre","af","6",3.68,1938.6,526.79347826087
"kl_poptre_6","poptre","kl","6",3.87,2071.9,535.374677002584
"mp_poptre_6","poptre","mp","6",3.76,1568.52,417.159574468085
"kl_poptre_7","poptre","kl","7",3.68,1894.7,514.864130434783
"mp_poptre_7","poptre","mp","7",3.73,1883.81,505.042895442359
"sm_poptre_7","poptre","sm","7",4.02,1987,494.278606965174
"mp_poptre_7_02","poptre","mp","7_02",3.59,1713.61,477.328690807799
"af_poptre_8","poptre","af","8",3.89,1623.7,417.403598971722
"kl_poptre_8","poptre","kl","8",3.51,2152.6,613.276353276353
"mp_poptre_8","poptre","mp","8",3.63,1986.39,547.214876033058
"af_poptre_9","poptre","af","9",3.67,1616.7,440.517711171662
"kl_poptre_9","poptre","kl","9",3.97,2398.2,604.080604534005
"mp_poptre_9","poptre","mp","9",3.74,1813.82,484.978609625668
"kl_rhoalb_1","rhoalb","kl","1",2.52,975.3,387.02380952381
"mp_rhoalb_1","rhoalb","mp","1",3.55,1346.5,379.295774647887
"kl_rhoalb_10","rhoalb","kl","10",4.02,1637.7,407.388059701493
"mp_rhoalb_10","rhoalb","mp","10",3.08,994,322.727272727273
"mp_rhoalb_11","rhoalb","mp","11",3.8,1271.7,334.657894736842
"mp_rhoalb_12","rhoalb","mp","12",3.27,1040.4,318.165137614679
"kl_rhoalb_2","rhoalb","kl","2",2.71,950.1,350.590405904059
"mp_rhoalb_2","rhoalb","mp","2",3.12,1120,358.974358974359
"kl_rhoalb_3","rhoalb","kl","3",3.22,1130.4,351.055900621118
"mp_rhoalb_3","rhoalb","mp","3",2.54,773.3,304.448818897638
"kl_rhoalb_4","rhoalb","kl","4",3.48,1411.1,405.488505747126
"mp_rhoalb_4","rhoalb","mp","4",3.93,1473.8,375.01272264631
"kl_rhoalb_5","rhoalb","kl","5",2.76,1048.4,379.855072463768
"mp_rhoalb_5","rhoalb","mp","5",2.34,781.6,334.017094017094
"kl_rhoalb_6","rhoalb","kl","6",2.54,953.5,375.393700787402
"kl_rhoalb_7","rhoalb","kl","7",3.05,1125.3,368.950819672131
"kl_rhoalb_8","rhoalb","kl","8",3.15,1302.5,413.492063492063
"mp_rhoalb_8","rhoalb","mp","8",3.13,949.7,303.418530351438
"kl_rhoalb_9","rhoalb","kl","9",2.61,984.9,377.35632183908
"mp_rhoalb_9","rhoalb","mp","9",3.62,1179.7,325.883977900553
"af_riblac_1","riblac","af","1",1.29,770.8,597.519379844961
"kl_riblac_1","riblac","kl","1",1.23,643.2,522.926829268293
"mp_riblac_1","riblac","mp","1",2.73,1463,535.897435897436
"af_riblac_10","riblac","af","10",1.85,962.2,520.108108108108
"kl_riblac_10","riblac","kl","10",1.99,1072.8,539.095477386935
"mp_riblac_10","riblac","mp","10",3.9,19736,5060.51282051282
"sm_riblac_10","riblac","sm","10",2.15,1145.3,532.697674418605
"af_riblac_11","riblac","af","11",1.73,1005.4,581.156069364162
"kl_riblac_11","riblac","kl","11",1.57,1094.5,697.133757961783
"mp_riblac_11","riblac","mp","11",1.66,895.6,539.518072289157
"sm_riblac_11","riblac","sm","11",2.32,1547.8,667.155172413793
"af_riblac_12","riblac","af","12",1.59,846.6,532.452830188679
"kl_riblac_12","riblac","kl","12",2.1,1170.7,557.47619047619
"sm_riblac_12","riblac","sm","12",1.39,811.6,583.884892086331
"sm_riblac_12_02","riblac","sm","12_02",1.25,757.9,606.32
"kl_riblac_13","riblac","kl","13",2.49,1382.6,555.261044176707
"af_riblac_2","riblac","af","2",2.7,1226.6,454.296296296296
"kl_riblac_2","riblac","kl","2",1.74,948.3,545
"mp_riblac_2","riblac","mp","2",3.04,1512.9,497.664473684211
"sm_riblac_2","riblac","sm","2",1.91,1029.2,538.848167539267
"af_riblac_20","riblac","af","20",2.04,1163.8,570.490196078431
"kl_riblac_3","riblac","kl","3",1.59,905.1,569.245283018868
"mp_riblac_3","riblac","mp","3",2.44,1445.4,592.377049180328
"sm_riblac_3","riblac","sm","3",2.53,1312.3,518.695652173913
"af_riblac_4","riblac","af","4",2.17,1141.7,526.129032258065
"af_riblac_4","riblac","af","4",2.17,471.9,217.465437788018
"mp_riblac_4","riblac","mp","4",2.17,1367,629.953917050691
"mp_riblac_5","riblac","mp","5",2.14,1156.4,540.373831775701
"sm_riblac_5","riblac","sm","5",1.66,766.8,461.927710843373
"af_riblac_6","riblac","af","6",2.47,1508.5,610.728744939271
"mp_riblac_6","riblac","mp","6",1.78,997.1,560.168539325843
"sm_riblac_6","riblac","sm","6",1.72,1061,616.860465116279
"af_riblac_7","riblac","af","7",2.68,1693.4,631.865671641791
"kl_riblac_7","riblac","kl","7",1.14,565.2,495.789473684211
"mp_riblac_7","riblac","mp","7",1.85,1107.5,598.648648648649
"sm_riblac_7","riblac","sm","7",1.21,546.4,451.570247933884
"af_riblac_8","riblac","af","8",1.64,832.4,507.560975609756
"kl_riblac_8","riblac","kl","8",1.77,1130.7,638.813559322034
"mp_riblac_8","riblac","mp","8",2.12,1140.7,538.066037735849
"kl_riblac_9","riblac","kl","9",2.24,1314.7,586.919642857143
"sm_riblac_9","riblac","sm","9",NA,1012.7,NA
"kl_rubpar_1","rubpar","kl","1",2.47,819.7,331.862348178138
"mp_rubpar_1","rubpar","mp","1",2.03,549.5,270.689655172414
"sm_rubpar_1","rubpar","sm","1",1.98,521.8,263.535353535354
"af_rubpar_10","rubpar","af","10",2.7,706.3,261.592592592593
"kl_rubpar_10","rubpar","kl","10",3.7,1459,394.324324324324
"mp_rubpar_10","rubpar","mp","10",2.46,664.2,270
"sm_rubpar_10","rubpar","sm","10",2.2,843.2,383.272727272727
"af_rubpar_11","rubpar","af","11",2.81,1349.8,480.355871886121
"kl_rubpar_11","rubpar","kl","11",3.2,1156.3,361.34375
"kl_rubpar_12","rubpar","kl","12",2.96,1256.2,424.391891891892
"af_rubpar_13","rubpar","af","13",2.37,1131.8,477.552742616034
"af_rubpar_14","rubpar","af","14",3,886.2,295.4
"af_rubpar_15","rubpar","af","15",2.9,792,273.103448275862
"af_rubpar_16","rubpar","af","16",3.75,814.3,217.146666666667
"af_rubpar_2","rubpar","af","2",2.68,843.7,314.813432835821
"mp_rubpar_2","rubpar","mp","2",2.91,774.1,266.013745704467
"sm_rubpar_2","rubpar","sm","2",1.54,306.9,199.285714285714
"af_rubpar_3","rubpar","af","3",3.81,1067.7,280.236220472441
"kl_rubpar_3","rubpar","kl","3",3.89,1303.3,335.038560411311
"mp_rubpar_3","rubpar","mp","3",2.08,396.1,190.432692307692
"sm_rubpar_3","rubpar","sm","3",2.31,599.9,259.69696969697
"af_rubpar_4","rubpar","af","4",2.67,730.3,273.520599250936
"kl_rubpar_4","rubpar","kl","4",2.96,1147.1,387.533783783784
"mp_rubpar_4","rubpar","mp","4",1.83,499.5,272.950819672131
"sm_rubpar_4","rubpar","sm","4",2.04,554.7,271.911764705882
"af_rubpar_5","rubpar","af","5",1.76,515.2,292.727272727273
"mp_rubpar_5","rubpar","mp","5",2.45,874.1,356.775510204082
"sm_rubpar_5","rubpar","sm","5",3.43,1014.9,295.889212827988
"af_rubpar_6","rubpar","af","6",2.16,615.2,284.814814814815
"kl_rubpar_6","rubpar","kl","6",2.8,924.7,330.25
"mp_rubpar_6","rubpar","mp","6",3.32,1031.7,310.753012048193
"sm_rubpar_6","rubpar","sm","6",2.55,831.3,326
"kl_rubpar_7","rubpar","kl","7",3.55,1275.7,359.352112676056
"mp_rubpar_7","rubpar","mp","7",2.37,735.4,310.295358649789
"sm_rubpar_7","rubpar","sm","7",4.09,1194.9,292.151589242054
"kl_rubpar_8","rubpar","kl","8",3.03,820,270.627062706271
"mp_rubpar_8","rubpar","mp","8",2.89,920.6,318.546712802768
"sm_rubpar_8","rubpar","sm","8",1.72,447.8,260.348837209302
"af_rubpar_9","rubpar","af","9",1.42,609.1,428.943661971831
"kl_rubpar_9","rubpar","kl","9",2.36,884.3,374.703389830508
"mp_rubpar_9","rubpar","mp","9",2.8,697.2,249
"sm_rubpar_9","rubpar","sm","9",2.67,689.1,258.089887640449
"af_samrac_1","samrac","af","1",5.29,1764,333.459357277883
"kl_samrac_1","samrac","kl","1",3.84,1059,275.78125
"mp_samrac_1","samrac","mp","1",4.13,1440.6,348.813559322034
"af_samrac_10","samrac","af","10",4.43,1451,327.539503386005
"kl_samrac_10","samrac","kl","10",4.61,NA,NA
"mp_samrac_10","samrac","mp","10",3.62,453.7,125.331491712707
"sm_samrac_10","samrac","sm","10",3.64,696.9,191.456043956044
"mp_samrac_11","samrac","mp","11",2.72,473.1,173.933823529412
"sm_samrac_11","samrac","sm","11",3.42,852.8,249.356725146199
"af_samrac_12","samrac","af","12",4.67,1108.8,237.430406852248
"af_samrac_13","samrac","af","13",3.45,891.2,258.31884057971
"kl_samrac_2","samrac","kl","2",3.1,714.8,230.58064516129
"kl_samrac_2","samrac","kl","2",3.1,1701.8,548.967741935484
"mp_samrac_2","samrac","mp","2",3.54,623.1,176.016949152542
"sm_samrac_2","samrac","sm","2",2.74,714.3,260.693430656934
"af_samrac_3","samrac","af","3",5.86,1698.3,289.81228668942
"kl_samrac_3","samrac","kl","3",3.8,1416.4,372.736842105263
"kl_samrac_3","samrac","kl","3",3.8,718.8,189.157894736842
"mp_samrac_3","samrac","mp","3",3.6,811.8,225.5
"sm_samrac_3","samrac","sm","3",1.73,351.5,203.179190751445
"af_samrac_4","samrac","af","4",3.86,1087.9,281.839378238342
"kl_samrac_4","samrac","kl","4",4.33,1351.7,312.170900692841
"mp_samrac_4","samrac","mp","4",2.41,533.1,221.203319502075
"sm_samrac_4","samrac","sm","4",3.34,886,265.269461077844
"af_samrac_5","samrac","af","5",2.99,759,253.846153846154
"kl_samrac_5","samrac","kl","5",4.4,786.6,178.772727272727
"mp_samrac_5","samrac","mp","5",2.8,574.3,205.107142857143
"sm_samrac_5","samrac","sm","5",2.51,545.1,217.171314741036
"af_samrac_6","samrac","af","6",3.16,888,281.012658227848
"kl_samrac_6","samrac","kl","6",4.01,1287.4,321.047381546135
"kl_samrac_6","samrac","kl","6",4.01,1259.4,314.064837905237
"mp_samrac_6","samrac","mp","6",4.47,851.9,190.581655480984
"sm_samrac_6","samrac","sm","6",2.29,627.8,274.14847161572
"af_samrac_7","samrac","af","7",4.06,813.2,200.295566502463
"kl_samrac_7","samrac","kl","7",3.77,1031,273.474801061008
"mp_samrac_7","samrac","mp","7",3.5,809.4,231.257142857143
"sm_samrac_7","samrac","sm","7",2.28,513,225
"kl_samrac_8","samrac","kl","8",4.75,NA,NA
"mp_samrac_8","samrac","mp","8",3.09,826.1,267.346278317152
"sm_samrac_8","samrac","sm","8",2.4,791.2,329.666666666667
"af_samrac_9","samrac","af","9",5.4,1349.5,249.907407407407
"kl_samrac_9","samrac","kl","9",4.09,NA,NA
"mp_samrac_9","samrac","mp","9",3.06,665.3,217.418300653595
"sm_samrac_9","samrac","sm","9",2.9,710.5,245
"af_shecan_1","shecan","af","1",2.71,1524.2,562.435424354244
"kl_shecan_1","shecan","kl","1",1.91,1007.9,527.696335078534
"sm_shecan_1","shecan","sm","1",1.65,900.2,545.575757575758
"af_shecan_10","shecan","af","10",2.95,1459.8,494.847457627119
"mp_shecan_10","shecan","mp","10",3.62,1897.4,524.14364640884
"sm_shecan_10","shecan","sm","10",2.56,1152.6,450.234375
"mp_shecan_11","shecan","mp","11",4.1,1952.7,476.268292682927
"sm_shecan_11","shecan","sm","11",1.61,850.9,528.509316770186
"sm_shecan_12","shecan","sm","12",2.54,1432.1,563.818897637795
"sm_shecan_16","shecan","sm","16",1.65,753.4,456.606060606061
"af_shecan_2","shecan","af","2",2.19,1101.5,502.96803652968
"kl_shecan_2","shecan","kl","2",2.67,1445.9,541.535580524345
"mp_shecan_2","shecan","mp","2",2.6,1221.3,469.730769230769
"af_shecan_3","shecan","af","3",2.58,1204,466.666666666667
"kl_shecan_3","shecan","kl","3",3.07,1626.7,529.869706840391
"mp_shecan_3","shecan","mp","3",3.87,2080.4,537.571059431525
"af_shecan_4","shecan","af","4",3.34,1533,458.982035928144
"kl_shecan_4","shecan","kl","4",2.53,1476.6,583.636363636364
"mp_shecan_4","shecan","mp","4",3.33,1494.5,448.798798798799
"kl_shecan_4_02","shecan","kl","4_02",2.43,1366,562.139917695473
"af_shecan_5","shecan","af","5",4.07,2225.7,546.855036855037
"kl_shecan_5","shecan","kl","5",2.44,1318.1,540.204918032787
"mp_shecan_5","shecan","mp","5",3.44,1721.3,500.377906976744
"sm_shecan_5","shecan","sm","5",2.15,1109.5,516.046511627907
"af_shecan_6","shecan","af","6",3.3,1832.8,555.393939393939
"kl_shecan_6","shecan","kl","6",3.07,1490.7,485.57003257329
"mp_shecan_6","shecan","mp","6",2.61,1192.5,456.896551724138
"sm_shecan_6","shecan","sm","6",3.04,1685.6,554.473684210526
"af_shecan_7","shecan","af","7",3.33,1635.9,491.261261261261
"kl_shecan_7","shecan","kl","7",2.71,1291.3,476.494464944649
"mp_shecan_7","shecan","mp","7",3.44,1720,500
"sm_shecan_7","shecan","sm","7",2.6,1191.4,458.230769230769
"af_shecan_8","shecan","af","8",3.71,1777.7,479.164420485175
"kl_shecan_8","shecan","kl","8",3.7,1733.7,468.567567567568
"mp_shecan_8","shecan","mp","8",4.27,2408.9,564.145199063232
"sm_shecan_8","shecan","sm","8",2.53,1363.9,539.090909090909
"af_shecan_9","shecan","af","9",2.8,1407.9,502.821428571429
"kl_shecan_9","shecan","kl","9",1.67,927.4,555.329341317365
"mp_shecan_9","shecan","mp","9",3.77,1774.7,470.742705570292
"sm_shecan_9","shecan","sm","9",2.64,1288.5,488.068181818182
"kl_sorsco_","sorsco","kl","",NA,1607,NA
"kl_sorsco_1","sorsco","kl","1",2.43,1358.6,559.094650205761
"kl_sorsco_1","sorsco","kl","1",2.43,1403.2,577.448559670782
"mp_sorsco_1","sorsco","mp","1",2.86,1249.4,436.853146853147
"sm_sorsco_1","sorsco","sm","1",4.62,2382,515.584415584416
"af_sorsco_10","sorsco","af","10",2.92,1415,484.58904109589
"kl_sorsco_10","sorsco","kl","10",3.23,1854.9,574.272445820434
"mp_sorsco_10","sorsco","mp","10",3.19,1591.3,498.84012539185
"sm_sorsco_10","sorsco","sm","10",3.52,1275.2,362.272727272727
"af_sorsco_11","sorsco","af","11",4.23,1938.9,458.368794326241
"mp_sorsco_11","sorsco","mp","11",3.76,1527.6,406.276595744681
"sm_sorsco_11","sorsco","sm","11",2.6,927.2,356.615384615385
"mp_sorsco_11_b","sorsco","mp","11_b",4.51,1929.6,427.849223946785
"mp_sorsco_12","sorsco","mp","12",4.02,1924.7,478.781094527363
"sm_sorsco_12","sorsco","sm","12",3.22,1287.9,399.968944099379
"sm_sorsco_12_02","sorsco","sm","12_02",3.25,1234,379.692307692308
"af_sorsco_13","sorsco","af","13",3.24,1438.8,444.074074074074
"mp_sorsco_13","sorsco","mp","13",2.8,1238.4,442.285714285714
"mp_sorsco_14","sorsco","mp","14",2.92,1300.4,445.342465753425
"af_sorsco_2","sorsco","af","2",4.94,2005,405.87044534413
"kl_sorsco_2","sorsco","kl","2",2.98,1597.8,536.174496644295
"af_sorsco_3","sorsco","af","3",2.68,1171.1,436.977611940298
"kl_sorsco_3","sorsco","kl","3",3.17,1644.2,518.675078864353
"mp_sorsco_3","sorsco","mp","3",2.22,1095,493.243243243243
"af_sorsco_3_02","sorsco","af","3_02",2.76,1189.4,430.942028985507
"kl_sorsco_4","sorsco","kl","4",2.8,1416.4,505.857142857143
"mp_sorsco_4","sorsco","mp","4",4.01,1632.6,407.13216957606
"sm_sorsco_4","sorsco","sm","4",4.79,2080.5,434.342379958246
"kl_sorsco_5","sorsco","kl","5",2.47,1242,502.834008097166
"sm_sorsco_5","sorsco","sm","5",2.57,1097.9,427.198443579767
"af_sorsco_6","sorsco","af","6",2.65,1005.3,379.358490566038
"kl_sorsco_6","sorsco","kl","6",2.99,NA,NA
"sm_sorsco_6","sorsco","sm","6",2.61,1284.9,492.298850574713
"af_sorsco_7","sorsco","af","7",4.13,2025.3,490.387409200969
"kl_sorsco_7","sorsco","kl","7",3.47,NA,NA
"sm_sorsco_7","sorsco","sm","7",2.65,998.9,376.943396226415
"af_sorsco_8","sorsco","af","8",2.94,1398.2,475.578231292517
"kl_sorsco_8","sorsco","kl","8",3.33,1546.3,464.354354354354
"mp_sorsco_8","sorsco","mp","8",4,1470.4,367.6
"af_sorsco_9","sorsco","af","9",3.17,1422,448.580441640379
"kl_sorsco_9","sorsco","kl","9",3.11,1552.5,499.1961414791
"sm_sorsco_9","sorsco","sm","9",3.06,1171.5,382.843137254902
"af_spibet_1","spibet","af","1",0.93,493.4,530.537634408602
"mp_spibet_1","spibet","mp","1",0.78,344.6,441.794871794872
"sm_spibet_1","spibet","sm","1",0.81,349.9,431.975308641975
"kl_spibet_10","spibet","kl","10",1.11,633.5,570.720720720721
"mp_spibet_10","spibet","mp","10",0.84,352.7,419.880952380952
"sm_spibet_10","spibet","sm","10",0.83,280.8,338.313253012048
"af_spibet_11","spibet","af","11",1.59,918.1,577.421383647799
"kl_spibet_11","spibet","kl","11",1.21,633.8,523.801652892562
"af_spibet_12","spibet","af","12",1.52,853.5,561.513157894737
"kl_spibet_12","spibet","kl","12",0.97,536.2,552.783505154639
"af_spibet_13","spibet","af","13",1.28,661.6,516.875
"af_spibet_14","spibet","af","14",2.29,1171.9,511.74672489083
"af_spibet_2","spibet","af","2",2.04,109.6,53.7254901960784
"mp_spibet_2","spibet","mp","2",0.66,288,436.363636363636
"sm_spibet_2","spibet","sm","2",0.86,384.2,446.744186046512
"af_spibet_20","spibet","af","20",1.06,482.8,455.471698113208
"kl_spibet_3","spibet","kl","3",1.5,742.2,494.8
"mp_spibet_3","spibet","mp","3",0.88,338.9,385.113636363636
"sm_spibet_3","spibet","sm","3",1.46,730.2,500.13698630137
"af_spibet_4","spibet","af","4",0.82,438.8,535.121951219512
"kl_spibet_4","spibet","kl","4",0.72,352.4,489.444444444444
"mp_spibet_4","spibet","mp","4",0.95,445.9,469.368421052632
"sm_spibet_4","spibet","sm","4",1.15,509.5,443.04347826087
"af_spibet_5","spibet","af","5",1.59,828.9,521.320754716981
"kl_spibet_5","spibet","kl","5",2.01,1012.5,503.731343283582
"mp_spibet_5","spibet","mp","5",0.76,252.3,331.973684210526
"sm_spibet_5","spibet","sm","5",1.56,714.1,457.75641025641
"kl_spibet_6","spibet","kl","6",1.11,486,437.837837837838
"mp_spibet_6","spibet","mp","6",0.63,279.9,444.285714285714
"sm_spibet_6","spibet","sm","6",1.26,508.6,403.650793650794
"af_spibet_6_02","spibet","af","6_02",0.91,487.3,535.494505494505
"kl_spibet_7","spibet","kl","7",0.99,450.9,455.454545454545
"mp_spibet_7","spibet","mp","7",0.81,289.2,357.037037037037
"sm_spibet_7","spibet","sm","7",1.06,318.4,300.377358490566
"kl_spibet_8","spibet","kl","8",1.05,559,532.380952380952
"mp_spibet_8","spibet","mp","8",1.21,424.2,350.578512396694
"sm_spibet_8","spibet","sm","8",2.07,1071.3,517.536231884058
"kl_spibet_9","spibet","kl","9",0.72,309.2,429.444444444444
"mp_spibet_9","spibet","mp","9",1.21,463.2,382.809917355372
"sm_spibet_9","spibet","sm","9",1.12,552.3,493.125
"af_spipyr_1","spipyr","af","1",0.99,425.4,429.69696969697
"mp_spipyr_1","spipyr","mp","1",1.98,538.5,271.969696969697
"sm_spipyr_1","spipyr","sm","1",1.36,601.9,442.573529411765
"mp_spipyr_10","spipyr","mp","10",3.09,1537.5,497.572815533981
"sm_spipyr_10","spipyr","sm","10",1.96,676.6,345.204081632653
"af_spipyr_11","spipyr","af","11",2.33,897.7,385.278969957082
"af_spipyr_12","spipyr","af","12",2.45,1018.3,415.632653061224
"af_spipyr_13","spipyr","af","13",NA,NA,NA
"af_spipyr_14","spipyr","af","14",1.92,1077.9,561.40625
"af_spipyr_16","spipyr","af","16",2.35,947.4,403.148936170213
"af_spipyr_17","spipyr","af","17",1.94,895,461.340206185567
"af_spipyr_18","spipyr","af","18",2.05,808.1,394.19512195122
"af_spipyr_19","spipyr","af","19",1.96,1021.2,521.020408163265
"af_spipyr_2","spipyr","af","2",2.91,1414.9,486.219931271478
"mp_spipyr_2","spipyr","mp","2",1.36,606.8,446.176470588235
"sm_spipyr_2","spipyr","sm","2",2.33,978.7,420.042918454936
"mp_spipyr_3","spipyr","mp","3",2.78,1384.4,497.985611510791
"sm_spipyr_3","spipyr","sm","3",2.15,800.6,372.372093023256
"mp_spipyr_4","spipyr","mp","4",1.39,532.8,383.309352517986
"sm_spipyr_4","spipyr","sm","4",1.67,878.9,526.287425149701
"mp_spipyr_5","spipyr","mp","5",1.31,657.9,502.213740458015
"sm_spipyr_5","spipyr","sm","5",1.24,610.1,492.016129032258
"mp_spipyr_6","spipyr","mp","6",2.12,865.3,408.160377358491
"sm_spipyr_6","spipyr","sm","6",1.36,638,469.117647058823
"mp_spipyr_7","spipyr","mp","7",1.3,556.9,428.384615384615
"sm_spipyr_7","spipyr","sm","7",1.13,462.3,409.115044247788
"mp_spipyr_8","spipyr","mp","8",2.2,805.5,366.136363636364
"sm_spipyr_8","spipyr","sm","8",0.97,352.1,362.98969072165
"mp_spipyr_9","spipyr","mp","9",2.61,1404.5,538.122605363985
"sm_spipyr_9","spipyr","sm","9",1.17,522,446.153846153846
"af_symalb_1","symalb","af","1",2.48,1363.5,549.798387096774
"kl_symalb_1","symalb","kl","1",1.28,828.9,647.578125
"mp_symalb_1","symalb","mp","1",3,1550.1,516.7
"kl_symalb_10","symalb","kl","10",1.05,723.5,689.047619047619
"mp_symalb_10","symalb","mp","10",2.41,1269.8,526.887966804979
"af_symalb_11","symalb","af","11",3.48,1949.6,560.229885057471
"kl_symalb_11","symalb","kl","11",1.21,816.7,674.95867768595
"mp_symalb_11","symalb","mp","11",1.87,1040.3,556.310160427807
"sm_symalb_11","symalb","sm","11",2.03,1008.5,496.79802955665
"af_symalb_12","symalb","af","12",1.5,852.6,568.4
"kl_symalb_12","symalb","kl","12",1.59,985.6,619.874213836478
"sm_symalb_12","symalb","sm","12",2.57,1449.5,564.007782101167
"sm_symalb_12_02","symalb","sm","12_02",1.46,720.7,493.630136986301
"af_symalb_2","symalb","af","2",2.89,1455.7,503.702422145329
"kl_symalb_2","symalb","kl","2",1.48,778.3,525.878378378378
"sm_symalb_2","symalb","sm","2",1.81,100.8,55.6906077348066
"kl_symalb_2_02","symalb","kl","2_02",1.82,1130,620.879120879121
"af_symalb_3","symalb","af","3",3.16,1700.5,538.132911392405
"kl_symalb_3","symalb","kl","3",2.61,1520.7,582.64367816092
"mp_symalb_3","symalb","mp","3",2.66,1355.5,509.586466165414
"af_symalb_4","symalb","af","4",3.8,2134.4,561.684210526316
"mp_symalb_4","symalb","mp","4",2.31,1331.7,576.493506493507
"sm_symalb_4","symalb","sm","4",0.83,433.2,521.927710843373
"af_symalb_5","symalb","af","5",2.37,1360.3,573.966244725738
"mp_symalb_5","symalb","mp","5",2.3,1128.8,490.782608695652
"sm_symalb_5","symalb","sm","5",1.54,778.2,505.324675324675
"af_symalb_6","symalb","af","6",1.7,990.5,582.647058823529
"mp_symalb_6","symalb","mp","6",2.21,820.6,371.31221719457
"sm_symalb_6","symalb","sm","6",2.42,1347.2,556.694214876033
"af_symalb_7","symalb","af","7",1.18,739.8,626.949152542373
"kl_symalb_7","symalb","kl","7",2.26,1345.8,595.486725663717
"mp_symalb_7","symalb","mp","7",2.76,1562.3,566.050724637681
"sm_symalb_7","symalb","sm","7",2.65,1485.9,560.716981132075
"af_symalb_8","symalb","af","8",2.48,1292.9,521.33064516129
"kl_symalb_8","symalb","kl","8",2.1,1070.8,509.904761904762
"mp_symalb_8","symalb","mp","8",2.5,1418.8,567.52
"sm_symalb_8","symalb","sm","8",1.68,926.8,551.666666666667
"kl_symalb_9","symalb","kl","9",2.75,1539.7,559.890909090909
"mp_symalb_9","symalb","mp","9",2.37,1414.5,596.835443037975
"sm_symalb_9","symalb","sm","9",0.96,477.5,497.395833333333
"af_vacmem_1","vacmem","af","1",1.99,985.9,495.427135678392
"kl_vacmem_1","vacmem","kl","1",1.44,829.23,575.854166666667
"mp_vacmem_1","vacmem","mp","1",2.97,1485.1,500.03367003367
"sm_vacmem_1","vacmem","sm","1",2.2,1239.3,563.318181818182
"af_vacmem_10","vacmem","af","10",2.05,1090.9,532.146341463415
"kl_vacmem_10","vacmem","kl","10",2.56,1467.1,573.0859375
"sm_vacmem_10","vacmem","sm","10",2.65,1494.9,564.11320754717
"kl_vacmem_11","vacmem","kl","11",2.22,1297.9,584.63963963964
"mp_vacmem_11","vacmem","mp","11",2.61,1188.2,455.249042145594
"mp_vacmem_12","vacmem","mp","12",3.71,2093.7,564.339622641509
"kl_vacmem_2","vacmem","kl","2",1.82,996.5,547.527472527472
"sm_vacmem_2","vacmem","sm","2",2.3,1195,519.565217391304
"af_vacmem_20","vacmem","af","20",2.54,1225.3,482.40157480315
"af_vacmem_3","vacmem","af","3",2.25,1106.7,491.866666666667
"kl_vacmem_3","vacmem","kl","3",2.67,1427.8,534.756554307116
"mp_vacmem_3","vacmem","mp","3",2.2,1133.6,515.272727272727
"sm_vacmem_3","vacmem","sm","3",2.35,1234.4,525.276595744681
"af_vacmem_4","vacmem","af","4",1.45,724,499.310344827586
"kl_vacmem_4","vacmem","kl","4",2.77,1609.4,581.01083032491
"mp_vacmem_4","vacmem","mp","4",2.44,1218.3,499.303278688525
"sm_vacmem_4","vacmem","sm","4",1.8,869.8,483.222222222222
"af_vacmem_5","vacmem","af","5",2.71,1456,537.269372693727
"kl_vacmem_5","vacmem","kl","5",1.76,977.6,555.454545454545
"mp_vacmem_5","vacmem","mp","5",3.35,1913.8,571.283582089552
"sm_vacmem_5","vacmem","sm","5",1.8,956.8,531.555555555556
"mp_vacmem_5_02","vacmem","mp","5_02",3.62,1731.6,478.342541436464
"af_vacmem_6","vacmem","af","6",1.28,676.4,528.4375
"kl_vacmem_6","vacmem","kl","6",1.82,1068.4,587.032967032967
"mp_vacmem_6","vacmem","mp","6",NA,852.2,NA
"sm_vacmem_6","vacmem","sm","6",1.2,672.4,560.333333333333
"af_vacmem_7","vacmem","af","7",2.61,1314.2,503.524904214559
"kl_vacmem_7","vacmem","kl","7",1.65,954.9,578.727272727273
"mp_vacmem_7","vacmem","mp","7",2.73,1385.9,507.655677655678
"sm_vacmem_7","vacmem","sm","7",1.91,1002,524.607329842932
"af_vacmem_8","vacmem","af","8",1.59,826.2,519.622641509434
"kl_vacmem_8","vacmem","kl","8",2.03,1196.5,589.408866995074
"mp_vacmem_8","vacmem","mp","8",3.46,1853.5,535.693641618497
"mp_vacmem_8","vacmem","mp","8",3.46,1853.5,535.693641618497
"sm_vacmem_8","vacmem","sm","8",3.02,879.3,291.158940397351
"af_vacmem_9","vacmem","af","9",1.84,1024.6,556.847826086957
"mp_vacmem_9","vacmem","mp","9",1.38,654.5,474.275362318841
"sm_vacmem_9","vacmem","sm","9",2.7,1358.9,503.296296296296
"af_vibedu_1","vibedu","af","1",3.99,1777.9,445.588972431078
"kl_vibedu_1","vibedu","kl","1",2.82,1405.2,498.297872340426
"sm_vibedu_1","vibedu","sm","1",4.81,1992.4,414.220374220374
"kl_vibedu_10","vibedu","kl","10",2.09,940.5,450
"mp_vibedu_10","vibedu","mp","10",3,1260.5,420.166666666667
"sm_vibedu_10","vibedu","sm","10",5.14,2321.1,451.575875486381
"af_vibedu_11","vibedu","af","11",2.84,1288,453.521126760563
"sm_vibedu_11","vibedu","sm","11",2.83,925.2,326.925795053004
"af_vibedu_12","vibedu","af","12",2.4,1003.3,418.041666666667
"mp_vibedu_12","vibedu","mp","12",1.8,598.2,332.333333333333
"sm_vibedu_12","vibedu","sm","12",6.43,2937.8,456.889580093313
"mp_vibedu_13","vibedu","mp","13",3.07,10872,3541.3680781759
"mp_vibedu_14","vibedu","mp","14",2.19,999.1,456.2100456621
"sm_vibedu_19","vibedu","sm","19",2.55,1197,469.411764705882
"af_vibedu_2","vibedu","af","2",3.15,1590.3,504.857142857143
"kl_vibedu_2","vibedu","kl","2",1.58,710.3,449.556962025316
"mp_vibedu_2","vibedu","mp","2",2.52,1004.6,398.650793650794
"sm_vibedu_20","vibedu","sm","20",3.05,1235.7,405.147540983607
"af_vibedu_3","vibedu","af","3",2.83,1039.4,367.279151943463
"kl_vibedu_3","vibedu","kl","3",2.67,931.1,348.7265917603
"af_vibedu_4","vibedu","af","4",1.91,883,462.303664921466
"kl_vibedu_4","vibedu","kl","4",2.18,896.9,411.422018348624
"mp_vibedu_4","vibedu","mp","4",3.02,1302.9,431.423841059603
"af_vibedu_5","vibedu","af","5",3.61,1773.8,491.357340720222
"kl_vibedu_5","vibedu","kl","5",2.11,822.5,389.810426540284
"mp_vibedu_5","vibedu","mp","5",2.99,1353,452.508361204013
"sm_vibedu_5","vibedu","sm","5",2.43,1064.3,437.98353909465
"af_vibedu_6","vibedu","af","6",2.57,1206.6,469.494163424125
"kl_vibedu_6","vibedu","kl","6",1.83,987,539.344262295082
"af_vibedu_7","vibedu","af","7",1.8,726,403.333333333333
"kl_vibedu_7","vibedu","kl","7",2.7,1331.4,493.111111111111
"mp_vibedu_7","vibedu","mp","7",3.79,1539.2,406.121372031662
"sm_vibedu_7","vibedu","sm","7",5.18,2420.6,467.297297297297
"af_vibedu_8","vibedu","af","8",2.73,1109.9,406.556776556777
"kl_vibedu_8","vibedu","kl","8",0.76,1051.9,1384.07894736842
"mp_vibedu_8","vibedu","mp","8",3.56,1515.8,425.786516853933
"sm_vibedu_8","vibedu","sm","8",2.61,1097.7,420.574712643678
"kl_vibedu_9","vibedu","kl","9",2.09,1019.1,487.607655502392
"mp_vibedu_9","vibedu","mp","9",4.34,1823.3,420.115207373272
"sm_vibedu_9","vibedu","sm","9",6.78,3241.2,478.053097345133
