date,site,species,no,vol
29-May,sm,acegla,9,
29-May,sm,acegla,10,
29-May,sm,alnvir,8,
29-May,sm,amealn,2,
29-May,sm,amealn,9,
29-May,sm,amealn,10,
29-May,sm,amelan,8,
29-May,sm,betpap,8,
29-May,sm,betpap,9,
29-May,sm,betpap,10,
29-May,sm,betpap,13,
29-May,sm,corsto,11,
29-May,sm,loninv,6,
29-May,sm,roasaci,4,
29-May,sm,roasaci,7,
29-May,sm,rosaci,8,
29-May,sm,rosaci,9,
29-May,sm,rosaci,10,
29-May,sm,rubpar,4,
29-May,sm,rubpar,5,
29-May,sm,rubpar,7,
29-May,sm,rubpar,10,
29-May,sm,spibet,1,
29-May,sm,spibet,2,
29-May,sm,spibet,3,
29-May,sm,spibet,4,
29-May,sm,spibet,5,
29-May,sm,spibet,6,
29-May,sm,spibet,7,
29-May,sm,spibet,8,
29-May,sm,spibet,9,
29-May,sm,spibet,10,
29-May,sm,symalb,4,
29-May,sm,symalb,11,
29-May,sm,vibedu,7,
29-May,sm,vibedu,12,
30-May,sm,acegla,2,
30-May,sm,acegla,11,
30-May,sm,alninc,8,
30-May,sm,alnvir,1,
30-May,sm,alnvir,7,
30-May,sm,betpap,2,
30-May,sm,betpap,4,
30-May,sm,betpap,7,
30-May,sm,corsto,2,
30-May,sm,corsto,3,
30-May,sm,corsto,4,
30-May,sm,corsto,5,
30-May,sm,loninv,7,
30-May,sm,loninv,8,
30-May,sm,loninv,9,
30-May,sm,popbal,1,
30-May,sm,popbal,8,
30-May,sm,rhoalb,2,
30-May,sm,rhoalb,3,
30-May,sm,rhoalb,4,
30-May,sm,rubpar,6,
30-May,sm,shecan,1,
30-May,sm,sorsco,1,
30-May,sm,sorsco,4,
30-May,sm,symalb,7,
30-May,sm,vibedu,1,
30-May,sm,vibedu,9,
30-May,sm,vibedu,10,
31-May,sm,amealn,1,
31-May,sm,amealn,3,
31-May,sm,amealn,4,
31-May,sm,amealn,5,
31-May,sm,amealn,6,
31-May,sm,amealn,7,
31-May,sm,betpap,1,
31-May,sm,loninv,1,
31-May,sm,loninv,2,
31-May,sm,poptre,7,
31-May,sm,poptre,10,
31-May,sm,poptre,11,
31-May,sm,poptre,12,
31-May,sm,poptre,13,
31-May,sm,poptre,14,
31-May,sm,rhoalb,1,
31-May,sm,rhoalb,5,
31-May,sm,rhoalb,6,
31-May,sm,rhoalb,7,
31-May,sm,rhoalb,8,
31-May,sm,rhoalb,9,
31-May,sm,rhoalb,10,
31-May,sm,riblac,2,
31-May,sm,riblac,3,
31-May,sm,riblac,9,
31-May,sm,rosaci,1,
31-May,sm,rosaci,2,
31-May,sm,rosaci,5,
31-May,sm,rubida,1,
31-May,sm,rubida,2,
31-May,sm,rubida,6,
31-May,sm,rubida,7,
31-May,sm,rubida,8,
31-May,sm,rubida,9,
31-May,sm,rubida,10,
31-May,sm,spidou,1,
31-May,sm,spidou,2,
31-May,sm,spidou,3,
31-May,sm,spidou,4,
31-May,sm,spidou,5,
31-May,sm,spidou,6,
31-May,sm,spidou,7,
31-May,sm,spidou,8,
31-May,sm,spidou,9,
31-May,sm,spidou,10,
31-May,sm,symalb,5,
31-May,sm,symalb,6,
31-May,sm,symalb,9,
31-May,sm,vibedu,8,
01-Jun,sm,acegla,7,
01-Jun,sm,acegla,8,
01-Jun,sm,acegla,13,
01-Jun,sm,acegla,14,
01-Jun,sm,acegla,15,
01-Jun,sm,alninc,1,
01-Jun,sm,alninc,2,
01-Jun,sm,alninc,3,
01-Jun,sm,alninc,4,
01-Jun,sm,alninc,5,
01-Jun,sm,betpap,5,
01-Jun,sm,betpap,6,
01-Jun,sm,betpap,7_2,
01-Jun,sm,corsto,6,
01-Jun,sm,corsto,7,
01-Jun,sm,corsto,8,
01-Jun,sm,corsto,10,
01-Jun,sm,corsto,12,
01-Jun,sm,corsto,13,
01-Jun,sm,corsto,14,
01-Jun,sm,loninv,3,
01-Jun,sm,popbal,10,
01-Jun,sm,rosaci,3,
01-Jun,sm,rosaci,6,
01-Jun,sm,rubpar,8,
01-Jun,sm,rubpar,9,
01-Jun,sm,shecan,6,
01-Jun,sm,shecan,7,
01-Jun,sm,shecan,8,
01-Jun,sm,shecan,9,
01-Jun,sm,shecan,10,
01-Jun,sm,shecan,11,
01-Jun,sm,shecan,12,
01-Jun,sm,sorsco,5,
01-Jun,sm,sorsco,7,
01-Jun,sm,sorsco,11,
01-Jun,sm,spipyr,1,
01-Jun,sm,spipyr,2,
01-Jun,sm,spipyr,3,
01-Jun,sm,spipyr,4,
01-Jun,sm,spipyr,5,
01-Jun,sm,spipyr,6,
01-Jun,sm,spipyr,7,
01-Jun,sm,spipyr,8,
01-Jun,sm,spipyr,9,
01-Jun,sm,spipyr,10,
01-Jun,sm,symalb,8,
01-Jun,sm,symalb,12,
03-Jun,sm,alninc,1,2.13
03-Jun,sm,alnvir,1,2.55
03-Jun,sm,alnvir,2,2.36
03-Jun,sm,alnvir,2,3.25
03-Jun,sm,alnvir,9,2.55
03-Jun,sm,alnvir,10,2.63
03-Jun,sm,loninv,4,2.23
03-Jun,sm,menfer,4,1.65
03-Jun,sm,menfer,6,1.92
03-Jun,sm,menfer,7,1.51
03-Jun,sm,menfer,8,2.4
03-Jun,sm,menfer,9,2.1
03-Jun,sm,poptre,15,4.3
03-Jun,sm,poptre,16,3.7
03-Jun,sm,poptre,17,2.83
03-Jun,sm,riblac,5,1.66
03-Jun,sm,riblac,6,1.72
03-Jun,sm,riblac,7,1.21
03-Jun,sm,riblac,11,2.32
03-Jun,sm,riblac,12,1.39
03-Jun,sm,rubida,11,2.11
03-Jun,sm,rubida,12,4.69
03-Jun,sm,rubpar,1,1.98
03-Jun,sm,rubpar,2,1.54
03-Jun,sm,rubpar,3,2.31
03-Jun,sm,samrac,2,2.74
03-Jun,sm,samrac,4,3.34
03-Jun,sm,samrac,5,2.51
03-Jun,sm,samrac,6,2.29
03-Jun,sm,samrac,7,2.28
03-Jun,sm,sorsco,6,2.61
03-Jun,sm,sorsco,12,3.22
03-Jun,sm,vacmem,1,2.2
03-Jun,sm,vacmem,2,2.3
03-Jun,sm,vacmem,3,2.35
03-Jun,sm,vacmem,4,1.8
03-Jun,sm,vacmem,5,1.8
03-Jun,sm,vacmem,6,1.2
03-Jun,sm,vacmem,7,1.91
03-Jun,sm,vibedu,5,2.43
04-Jun,sm,acegla,3,3
04-Jun,sm,alnvir,6,2.51
04-Jun,sm,alnvir,19,2.35
04-Jun,sm,alnvir,20,2.83
04-Jun,sm,loninv,5,1.17
04-Jun,sm,loninv,11,1.52
04-Jun,sm,menfer,10,1.24
04-Jun,sm,menfer,11,1.07
04-Jun,sm,menfer,12,1.17
04-Jun,sm,menfer,13,1.47
04-Jun,sm,menfer,14,1.24
04-Jun,sm,popbal,3,4.26
04-Jun,sm,popbal,5,2.73
04-Jun,sm,popbal,6,3.25
04-Jun,sm,popbal,9,2.78
04-Jun,sm,popbal,11,3.29
04-Jun,sm,popbal,12,3.22
04-Jun,sm,popbal,20,3.48
04-Jun,sm,poptre,2,3.33
04-Jun,sm,poptre,3,3.65
04-Jun,sm,poptre,4,3.57
04-Jun,sm,poptre,5,2.74
04-Jun,sm,poptre,18,2.69
04-Jun,sm,poptre,19,2.85
04-Jun,sm,riblac,8,1.51
04-Jun,sm,riblac,10,2.15
04-Jun,sm,riblac,12_2,1.25
04-Jun,sm,rubida,5,2.52
04-Jun,sm,samrac,3,1.73
04-Jun,sm,samrac,8,2.4
04-Jun,sm,samrac,9,2.9
04-Jun,sm,samrac,10,3.64
04-Jun,sm,samrac,11,3.42
04-Jun,sm,sorsco,9,3.06
04-Jun,sm,sorsco,10,3.52
04-Jun,sm,sorsco,12_02,3.25
04-Jun,sm,symalb,2,1.81
04-Jun,sm,symalb,12_02,1.46
04-Jun,sm,symalb,9_02,2.54
04-Jun,sm,vacmem,8,3.02
04-Jun,sm,vacmem,9,2.7
04-Jun,sm,vacmem,10,2.65
04-Jun,sm,vibedu,11_02,2.83
05-Jun,sm,alninc,19,5.82
05-Jun,sm,alninc,20,5.46
05-Jun,sm,alnvir,16,
05-Jun,sm,alnvir,17,2.34
05-Jun,sm,alnvir,18,2.8
05-Jun,sm,rosaci,20,1.33
05-Jun,sm,shecan,5,2.15
05-Jun,sm,shecan,16,1.65
05-Jun,sm,vibedu,19,2.55
05-Jun,sm,vibedu,20,3.05
11-Jun,afrf,acegla,3,3.42
11-Jun,afrf,alninc,1,4.67
11-Jun,afrf,alninc,9,2.61
11-Jun,afrf,alninc,10,4.53
11-Jun,afrf,amealn,1,2.34
11-Jun,afrf,amealn,2,5.06
11-Jun,afrf,amealn,3,2.38
11-Jun,afrf,amealn,5,3.23
11-Jun,afrf,betpap,1,3.86
11-Jun,afrf,betpap,7,3.43
11-Jun,afrf,betpap,8,2.94
11-Jun,afrf,betpap,9,4.36
11-Jun,afrf,betpap,10,4.01
11-Jun,afrf,betpap,11,3.24
11-Jun,afrf,corsto,1,2.43
11-Jun,afrf,corsto,4,2.22
11-Jun,afrf,corsto,5,2.45
11-Jun,afrf,loninv,2,1.94
11-Jun,afrf,loninv,3,1.59
11-Jun,afrf,popbal,1,3.84
11-Jun,afrf,popbal,2,3.82
11-Jun,afrf,popbal,3,4.38
11-Jun,afrf,poptre,10,2.9
11-Jun,afrf,rosaci,2,3.03
11-Jun,afrf,rosaci,3,3.57
11-Jun,afrf,rosaci,5,4.42
11-Jun,afrf,rubida ,1,3.27
11-Jun,afrf,rubpar,4,2.67
11-Jun,afrf,rubspe,1,2.55
11-Jun,afrf,rubspe,7,3.08
11-Jun,afrf,samrac,1,5.29
11-Jun,afrf,samrac,3,5.86
11-Jun,afrf,samrac,9,5.4
11-Jun,afrf,shecan,1,2.71
11-Jun,afrf,shecan,4,3.34
11-Jun,afrf,shecan,5,4.07
11-Jun,afrf,sorsco,2,4.94
11-Jun,afrf,spibet,2,2.04
11-Jun,afrf,spibet,5,1.59
11-Jun,afrf,spibet,11,1.59
11-Jun,afrf,spibet,12,1.52
11-Jun,afrf,spibet ,06_02,0.91
11-Jun,afrf,symalb,4,3.8
11-Jun,afrf,symalb,11,3.48
12-Jun,afrf,alninc,20,4.05
12-Jun,afrf,alnvir,20,3.3
12-Jun,afrf,betpap,2_june12,5.24
12-Jun,afrf,betpap,3,3.52
12-Jun,afrf,betpap,4,3.4
12-Jun,afrf,betpap,5,3.5
12-Jun,afrf,betpap ,6,3.58
12-Jun,afrf,loninv,1,2.79
12-Jun,afrf,loninv,3_jun12,3.76
12-Jun,afrf,popbal,2,3
12-Jun,afrf,riblac,1,1.29
12-Jun,afrf,riblac,2,2.7
12-Jun,afrf,riblac,20,2.04
12-Jun,afrf,rosaci,1,2.68
12-Jun,afrf,rubspe,10,1.12
12-Jun,afrf,sorsco,3,2.68
12-Jun,afrf,spibet,1,0.93
12-Jun,afrf,spibet,20,1.06
12-Jun,afrf,spidou,1,1.7
12-Jun,afrf,spidou,20,1.72
12-Jun,afrf,spipyr,1,0.99
12-Jun,afrf,spipyr,19,1.96
12-Jun,afrf,symalb,1,2.48
12-Jun,afrf,symalb,2,2.89
12-Jun,afrf,vacmem,1,1.99
12-Jun,afrf,vacmem,20,2.54
12-Jun,afrf,vibedu,1,3.99
12-Jun,afrf,vibedu,3,2.83
13-Jun,afrf,acegla,5,3.08
13-Jun,afrf,acegla,6,3.43
13-Jun,afrf,acegla,7,4.11
13-Jun,afrf,acegla,8,3.31
13-Jun,afrf,acegla,9,3.61
13-Jun,afrf,acegla,10,3.01
13-Jun,afrf,corsto,3,3.59
13-Jun,afrf,loninv,8,2.37
13-Jun,afrf,poptre,6,
13-Jun,afrf,poptre,7,4.03
13-Jun,afrf,poptre,8,3.89
13-Jun,afrf,poptre,9,3.67
13-Jun,afrf,poptre,11,3.31
13-Jun,afrf,rosaci,4,2.37
13-Jun,afrf,rubpar,2,2.68
13-Jun,afrf,rubpar,3,3.81
13-Jun,afrf,shecan,2,2.19
13-Jun,afrf,shecan,3,2.58
13-Jun,afrf,sorsco,3,2.76
13-Jun,afrf,spibet,4,0.82
13-Jun,afrf,spibet,13,1.28
13-Jun,afrf,spibet,14,2.29
13-Jun,afrf,spidou,2,1.9
13-Jun,afrf,spidou,4,1.7
13-Jun,afrf,spidou,19,1.69
13-Jun,afrf,spidou,19_02,2.34
13-Jun,afrf,spipyr,2,2.91
13-Jun,afrf,spipyr,16,2.35
13-Jun,afrf,spipyr,17,1.94
13-Jun,afrf,spipyr,18,2.05
13-Jun,afrf,symalb,3,3.16
13-Jun,afrf,vibedu,3,2.64
22-Jun,mp,alninc,5,3.04
22-Jun,mp,alninc,9,3.8
22-Jun,mp,alninc,10,3.54
22-Jun,mp,alnrub,5,3.62
22-Jun,mp,alnrub,6,4.21
22-Jun,mp,alnrub,7,3.5
22-Jun,mp,alnvir,6,3.41
22-Jun,mp,alnvir,7,4.56
22-Jun,mp,alnvir,8,3.19
22-Jun,mp,amealn,12,2.75
22-Jun,mp,corsto,6,3.57
22-Jun,mp,corsto,7,2.7
22-Jun,mp,corsto,8,3.12
22-Jun,mp,corsto,9,2.84
22-Jun,mp,corsto,10,3.24
22-Jun,mp,menfer,1,1.41
22-Jun,mp,menfer,8,1.89
22-Jun,mp,menfer,9,1.62
22-Jun,mp,menfer,10,1.34
22-Jun,mp,popbal,11,3.75
22-Jun,mp,rhoalb,8,3.13
22-Jun,mp,rhoalb,9,3.62
22-Jun,mp,rhoalb,10,3.08
22-Jun,mp,riblac,2,3.04
22-Jun,mp,riblac,11,1.66
22-Jun,mp,rosaci,2,3.51
22-Jun,mp,rosaci,4,1.87
22-Jun,mp,rosaci,5,1.39
22-Jun,mp,rosaci,6,1.75
22-Jun,mp,rosgym,1,1.2
22-Jun,mp,rosgym,2,1.1
22-Jun,mp,rosgym,10,3.03
22-Jun,mp,rubpar,7,2.37
22-Jun,mp,rubpar,9,2.8
22-Jun,mp,rubpar,10,2.46
22-Jun,mp,shecan,3,3.87
22-Jun,mp,shecan,4,3.33
22-Jun,mp,shecan,10,3.62
22-Jun,mp,spibet,8,1.21
22-Jun,mp,spibet,9,1.21
22-Jun,mp,spidou,1,3.09
22-Jun,mp,spidou,2,1.63
22-Jun,mp,spidou,3,2.74
22-Jun,mp,spipyr,1,1.98
22-Jun,mp,spipyr,2,1.36
22-Jun,mp,spipyr,3,2.78
22-Jun,mp,spipyr,4,1.39
22-Jun,mp,spipyr,5,1.31
22-Jun,mp,spipyr,6,2.12
22-Jun,mp,spipyr,7,1.3
22-Jun,mp,spipyr,8,2.2
22-Jun,mp,symalb,9,2.37
22-Jun,mp,symalb,10,2.41
22-Jun,mp,vacmem,11,2.61
22-Jun,mp,vibedu,7,3.79
22-Jun,mp,vibedu,9,4.34
22-Jun,mp,vibedu,10,3
23-Jun,mp,acegla,7,
23-Jun,mp,acegla,7,3.12
23-Jun,mp,acegla,8,
23-Jun,mp,acegla,8,2.39
23-Jun,mp,acegla,9,
23-Jun,mp,acegla,9,2.98
23-Jun,mp,acegla,10,
23-Jun,mp,acegla,10,3.13
23-Jun,mp,alninc,1,
23-Jun,mp,alninc,1,2.75
23-Jun,mp,alninc,3,
23-Jun,mp,alninc,3,3.58
23-Jun,mp,alninc,6,3.28
23-Jun,mp,alninc,7,
23-Jun,mp,alninc,7,3.37
23-Jun,mp,alninc,8,3.56
23-Jun,mp,amealn,1,
23-Jun,mp,amealn,1,2.98
23-Jun,mp,amealn,3,
23-Jun,mp,amealn,3,2.72
23-Jun,mp,amealn,4,
23-Jun,mp,amealn,4,2.63
23-Jun,mp,amealn,8,2.91
23-Jun,mp,amealn,9,2.61
23-Jun,mp,amealn,10,
23-Jun,mp,amealn,10,2.85
23-Jun,mp,corsto,1,2.28
23-Jun,mp,corsto,5,2.93
23-Jun,mp,loninv,3,2.53
23-Jun,mp,loninv,9,2.3
23-Jun,mp,loninv,10,2.01
23-Jun,mp,menfer,4,2.5
23-Jun,mp,menfer,10,2.92
23-Jun,mp,popbal,6,
23-Jun,mp,popbal,6,3.31
23-Jun,mp,popbal,7,
23-Jun,mp,popbal,7,
23-Jun,mp,poptre,5,
23-Jun,mp,poptre,5,4.05
23-Jun,mp,poptre,6,
23-Jun,mp,poptre,6,
23-Jun,mp,poptre,7,
23-Jun,mp,poptre,7,
23-Jun,mp,poptre,11,
23-Jun,mp,poptre,11,3.85
23-Jun,mp,rhoalb,2,3.12
23-Jun,mp,rhoalb,3,2.54
23-Jun,mp,rhoalb,4,3.93
23-Jun,mp,rhoalb,5,
23-Jun,mp,rhoalb,5,2.34
23-Jun,mp,riblac,7,
23-Jun,mp,riblac,7,1.85
23-Jun,mp,riblac,10,3.9
23-Jun,mp,rosaci,7,
23-Jun,mp,rosaci,7,2.49
23-Jun,mp,rosaci,8,
23-Jun,mp,rosaci,8,3.61
23-Jun,mp,rosaci,9,
23-Jun,mp,rosaci,9,4.06
23-Jun,mp,rubpar,1,
23-Jun,mp,rubpar,1,2.03
23-Jun,mp,rubpar,3,2.08
23-Jun,mp,rubpar,4,1.83
23-Jun,mp,rubpar,5,2.45
23-Jun,mp,samrac,7,3.5
23-Jun,mp,samrac,8,
23-Jun,mp,shecan,2,
23-Jun,mp,shecan,2,
23-Jun,mp,shecan,5,
23-Jun,mp,shecan,5,3.44
23-Jun,mp,shecan,6,
23-Jun,mp,shecan,6,2.61
23-Jun,mp,shecan,7,
23-Jun,mp,shecan,7,3.44
23-Jun,mp,sorsco,1,
23-Jun,mp,sorsco,1,2.86
23-Jun,mp,spibet,2,
23-Jun,mp,spibet,2,0.66
23-Jun,mp,spibet,4,
23-Jun,mp,spibet,4,0.95
23-Jun,mp,spibet,5,
23-Jun,mp,spibet,5,0.76
23-Jun,mp,spibet,6,0.63
23-Jun,mp,spibet,7,
23-Jun,mp,spibet,7,0.81
23-Jun,mp,spibet,10,0.84
23-Jun,mp,symalb,1,3
23-Jun,mp,symalb,6,2.21
23-Jun,mp,vacmem,3,
23-Jun,mp,vacmem,3,2.2
23-Jun,mp,vacmem,4,
23-Jun,mp,vacmem,4,2.44
23-Jun,mp,vacmem,5,
23-Jun,mp,vacmem,5,3.35
23-Jun,mp,vacmem,9,1.38
23-Jun,mp,vacmem,12,
23-Jun,mp,vacmem,12,3.71
23-Jun,mp,vibedu,2,2.52
23-Jun,mp,vibedu,4,
23-Jun,mp,vibedu,4,3.02
23-Jun,mp,vibedu,12,1.8
25-Jun,mp,acegla,1,2.86
25-Jun,mp,acegla,2,2.98
25-Jun,mp,acegla,11,2.71
25-Jun,mp,alnvir,1,3.71
25-Jun,mp,alnvir,2,3.61
25-Jun,mp,alnvir,3,3.75
25-Jun,mp,alnvir,9,3.36
25-Jun,mp,amealn,2,3.12
25-Jun,mp,amealn,5,2.8
25-Jun,mp,amealn,6,3.37
25-Jun,mp,amealn,7,2.65
25-Jun,mp,amealn,11,3.29
25-Jun,mp,corsto,20,2.97
25-Jun,mp,loninv,4,2.91
25-Jun,mp,loninv,5,2.46
25-Jun,mp,loninv,6,3.18
25-Jun,mp,loninv,7,2.86
25-Jun,mp,loninv,8,3.05
25-Jun,mp,menfer,12,3.09
25-Jun,mp,popbal,12,3.08
25-Jun,mp,poptre,7,3.73
25-Jun,mp,poptre,8,3.63
25-Jun,mp,poptre,9,3.74
25-Jun,mp,poptre,10,4.43
25-Jun,mp,poptre,12,3.55
25-Jun,mp,poptre,13,4.15
25-Jun,mp,riblac,1,2.73
25-Jun,mp,riblac,3,2.44
25-Jun,mp,riblac,4,2.17
25-Jun,mp,riblac,6,1.78
25-Jun,mp,riblac,8,2.12
25-Jun,mp,rosaci,1,3.62
25-Jun,mp,rosaci,3,2.72
25-Jun,mp,rosaci,10,3.09
25-Jun,mp,rosgym,3,1.75
25-Jun,mp,rubpar,2,2.91
25-Jun,mp,rubspe,3,2.36
25-Jun,mp,rubspe,4,2.59
25-Jun,mp,rubspe,5,2.9
25-Jun,mp,rubspe,6,2.78
25-Jun,mp,rubspe,8,2.29
25-Jun,mp,samrac,1,4.13
25-Jun,mp,samrac,2,3.54
25-Jun,mp,samrac,6,4.47
25-Jun,mp,shecan,8,4.27
25-Jun,mp,shecan,9,3.77
25-Jun,mp,sorsco,3,2.22
25-Jun,mp,sorsco,4,4.01
25-Jun,mp,sorsco,11,
25-Jun,mp,sorsco,12,
25-Jun,mp,spibet,1,0.78
25-Jun,mp,spibet,3,0.88
25-Jun,mp,symalb,3,2.66
25-Jun,mp,symalb,5,2.3
25-Jun,mp,symalb,7,2.76
25-Jun,mp,symalb,8,2.5
25-Jun,mp,vacmem,5,3.62
25-Jun,mp,vacmem,7,2.73
26-Jun,mp,acegla,3,3.04
26-Jun,mp,acegla,4,4.11
26-Jun,mp,acegla,5,3.6
26-Jun,mp,acegla,10,
26-Jun,mp,alninc,2,3.6
26-Jun,mp,alninc,4,3.72
26-Jun,mp,alnvir,4,3.59
26-Jun,mp,alnvir,5,3.25
26-Jun,mp,alnvir,10,3.4
26-Jun,mp,corsto,2,3.01
26-Jun,mp,corsto,3,3.27
26-Jun,mp,loninv,11,3.4
26-Jun,mp,loninv,12,2.52
26-Jun,mp,loninv,13,1.96
26-Jun,mp,menfer,2,2.58
26-Jun,mp,menfer,5,3.25
26-Jun,mp,menfer,6,2.57
26-Jun,mp,menfer,7,3.61
26-Jun,mp,popbal,8,3.73
26-Jun,mp,popbal,9,4.11
26-Jun,mp,popbal,10,3.79
26-Jun,mp,popbal,13,4.7
26-Jun,mp,popbal,14,4.4
26-Jun,mp,popbal,15,4.24
26-Jun,mp,rhoalb,1,3.55
26-Jun,mp,rhoalb,11,3.8
26-Jun,mp,rhoalb,12,3.27
26-Jun,mp,riblac,5,2.14
26-Jun,mp,rosgym,4,1.83
26-Jun,mp,rosgym,5,2.11
26-Jun,mp,rosgym,6,1.56
26-Jun,mp,rosgym,7,1.11
26-Jun,mp,rosgym,8,2.52
26-Jun,mp,rosgym,9,1.86
26-Jun,mp,rubpar,6,3.32
26-Jun,mp,rubpar,7,2.13
26-Jun,mp,rubpar,8,2.89
26-Jun,mp,rubspe,1,2.42
26-Jun,mp,rubspe,9,2.77
26-Jun,mp,rubspe,10,2.59
26-Jun,mp,rubspe,11,2.6
26-Jun,mp,rubspe,12,3.16
26-Jun,mp,rubspe,13,2.75
26-Jun,mp,rubspe,14,1.84
26-Jun,mp,samrac,3,3.6
26-Jun,mp,samrac,4,2.41
26-Jun,mp,samrac,5,2.8
26-Jun,mp,samrac,8,3.09
26-Jun,mp,samrac,9,3.06
26-Jun,mp,samrac,10,3.62
26-Jun,mp,samrac,11,2.72
26-Jun,mp,shecan,11,4.1
26-Jun,mp,sorsco,8,4
26-Jun,mp,sorsco,10,3.19
26-Jun,mp,sorsco,12,4.02
26-Jun,mp,sorsco,13,2.8
26-Jun,mp,sorsco,14,2.92
26-Jun,mp,spipyr,9,2.61
26-Jun,mp,spipyr,10,3.09
26-Jun,mp,symalb,4,2.31
26-Jun,mp,symalb,11,1.87
26-Jun,mp,vacmem,1,2.97
26-Jun,mp,vacmem,8,3.46
26-Jun,mp,vacmem,8,3.46
26-Jun,mp,vibedu,5,2.99
26-Jun,mp,vibedu,8,3.56
26-Jun,mp,vibedu,13,3.07
26-Jun,mp,vibedu,14,2.19
02-Jul,afrf,acegla,11,3.25
02-Jul,afrf,acegla,12,3.12
02-Jul,afrf,alninc,1,
02-Jul,afrf,alninc,5,
02-Jul,afrf,alninc,5,2.79
02-Jul,afrf,alnvir,1,3.3
02-Jul,afrf,alnvir,2,
02-Jul,afrf,alnvir,2,3.69
02-Jul,afrf,alnvir,3,
02-Jul,afrf,alnvir,3,2.97
02-Jul,afrf,alnvir,4,
02-Jul,afrf,alnvir,4,3.05
02-Jul,afrf,alnvir,5,
02-Jul,afrf,alnvir,5,3.01
02-Jul,afrf,alnvir,11,
02-Jul,afrf,alnvir,11,2.99
02-Jul,afrf,alnvir,12,
02-Jul,afrf,alnvir,12,3.42
02-Jul,afrf,amealn,6,2.73
02-Jul,afrf,amealn,7,4.13
02-Jul,afrf,amealn,8,
02-Jul,afrf,amealn,8,3.39
02-Jul,afrf,amealn,9,1.78
02-Jul,afrf,amealn,10,2.65
02-Jul,afrf,amealn,12,3.61
02-Jul,afrf,corsto,6,2.82
02-Jul,afrf,corsto,7,
02-Jul,afrf,corsto,7,2.06
02-Jul,afrf,corsto,8,
02-Jul,afrf,corsto,8,2.37
02-Jul,afrf,corsto,9,2.19
02-Jul,afrf,corsto,10,
02-Jul,afrf,corsto,10,2.86
02-Jul,afrf,loninv,4,1.64
02-Jul,afrf,loninv,5,2.61
02-Jul,afrf,popbal,4,
02-Jul,afrf,popbal,4,2.8
02-Jul,afrf,popbal,5,
02-Jul,afrf,popbal,5,2.18
02-Jul,afrf,popbal,6,
02-Jul,afrf,popbal,6,2.83
02-Jul,afrf,popbal,7,3.18
02-Jul,afrf,popbal,8,3.04
02-Jul,afrf,poptre,3,
02-Jul,afrf,poptre,3,
02-Jul,afrf,poptre,3,3.44
02-Jul,afrf,poptre,3,3.44
02-Jul,afrf,poptre,4,
02-Jul,afrf,poptre,4,3.52
02-Jul,afrf,poptre,5,
02-Jul,afrf,poptre,5,3.34
02-Jul,afrf,poptre,6,
02-Jul,afrf,poptre,6,3.68
02-Jul,afrf,poptre,12,
02-Jul,afrf,poptre,12,3.46
02-Jul,afrf,riblac,4,2.17
02-Jul,afrf,riblac,6,2.47
02-Jul,afrf,riblac,7,
02-Jul,afrf,riblac,7,2.68
02-Jul,afrf,rosaci,8,2.3
02-Jul,afrf,rosgym,1,3.05
02-Jul,afrf,rosgym,2,1.7
02-Jul,afrf,rosgym,3,
02-Jul,afrf,rosgym,3,1.7
02-Jul,afrf,rosgym,6,2.53
02-Jul,afrf,rosgym,7,
02-Jul,afrf,rosgym,7,2.23
02-Jul,afrf,rosgym,10,
02-Jul,afrf,rosgym,10,1.91
02-Jul,afrf,rubida,4,1.6
02-Jul,afrf,rubida,10,3.07
02-Jul,afrf,rubida,11,
02-Jul,afrf,rubida,11,2.59
02-Jul,afrf,rubpar,5,1.76
02-Jul,afrf,rubpar,6,2.16
02-Jul,afrf,rubpar,9,
02-Jul,afrf,shecan,6,3.3
02-Jul,afrf,shecan,7,3.33
02-Jul,afrf,shecan,8,3.71
02-Jul,afrf,shecan,9,2.8
02-Jul,afrf,shecan,10,2.95
02-Jul,afrf,sorsco,6,2.65
02-Jul,afrf,sorsco,7,4.13
02-Jul,afrf,sorsco,8,2.94
02-Jul,afrf,sorsco,9,3.17
02-Jul,afrf,sorsco,10,2.92
02-Jul,afrf,sorsco,11,4.23
02-Jul,afrf,symalb,5,2.37
02-Jul,afrf,symalb,6,1.7
02-Jul,afrf,symalb,7,
02-Jul,afrf,symalb,7,1.18
02-Jul,afrf,symalb,8,
02-Jul,afrf,symalb,8,2.48
02-Jul,afrf,vacmem,3,
02-Jul,afrf,vacmem,3,2.25
02-Jul,afrf,vacmem,4,
02-Jul,afrf,vacmem,4,1.45
02-Jul,afrf,vacmem,5,
02-Jul,afrf,vacmem,5,2.71
02-Jul,afrf,vibedu,5,
02-Jul,afrf,vibedu,5,3.61
02-Jul,afrf,vibedu,6,
02-Jul,afrf,vibedu,6,2.57
02-Jul,afrf,vibedu,7,
02-Jul,afrf,vibedu,7,1.8
02-Jul,afrf,vibedu,8,2.73
02-Jul,afrf,vibedu,11,2.84
02-Jul,afrf,vibedu,,
03-Jul,afrf,acegla,1,
03-Jul,afrf,alninc,6,
03-Jul,afrf,alninc,7,
03-Jul,afrf,corsto,11,
03-Jul,afrf,loninv,6,
03-Jul,afrf,loninv,11,
03-Jul,afrf,popbal,9,
03-Jul,afrf,riblac,9,
03-Jul,afrf,riblac,10,
03-Jul,afrf,riblac,11,
03-Jul,afrf,rosgym,4,
03-Jul,afrf,rosgym,5,
03-Jul,afrf,rosgym,8,
03-Jul,afrf,rubida,12,
03-Jul,afrf,rubida,13,
03-Jul,afrf,rubpar,10,
03-Jul,afrf,rubpar,11,
03-Jul,afrf,rubpar,13,
03-Jul,afrf,rubpar,15,
03-Jul,afrf,rubpar,16,
03-Jul,afrf,rubpar,19,
03-Jul,afrf,samrac,6,
03-Jul,afrf,samrac,7,
03-Jul,afrf,samrac,10,
03-Jul,afrf,sorsco,13,
03-Jul,afrf,spidou,3,
03-Jul,afrf,spidou,11,
03-Jul,afrf,spidou,12,
03-Jul,afrf,spipyr,11,
03-Jul,afrf,vibedu,2,
03-Jul,afrf,vibedu,12,
04-Jul,afrf,alninc,12,
04-Jul,afrf,alninc,13,
04-Jul,afrf,alninc,14,
04-Jul,afrf,alnvir,13,
04-Jul,afrf,alnvir,14,
04-Jul,afrf,loninv,9,
04-Jul,afrf,riblac,12,
04-Jul,afrf,riblac,8,
04-Jul,afrf,rosgym,11,
04-Jul,afrf,rubida,6,
04-Jul,afrf,rubida,14,
04-Jul,afrf,rubida,15,
04-Jul,afrf,rubida,16,
04-Jul,afrf,rubida,17,
04-Jul,afrf,samrac,4,
04-Jul,afrf,samrac,5,
04-Jul,afrf,samrac,12,
04-Jul,afrf,samrac,13,
04-Jul,afrf,spidou,13,
04-Jul,afrf,spipyr,12,
04-Jul,afrf,spipyr,13,
04-Jul,afrf,spipyr,14,
04-Jul,afrf,symalb,12,
04-Jul,afrf,vacmem,6,
04-Jul,afrf,vacmem,7,
04-Jul,afrf,vacmem,8,
04-Jul,afrf,vacmem,9,
04-Jul,afrf,vacmem,10,