date,site,species,no,stem.wt,dist.top,dist.btm,ht,dbh,dbh2,dbh3
03-Jul,afrf,acegla,1,,,,289.4,1.881,,
11-Jun,afrf,acegla,3,,7,5,,9.3,2,
13-Jun,afrf,acegla,5,,8,6,,3,3.4,3.2
13-Jun,afrf,acegla,6,,9,6,,4.2,8.2,3.2
13-Jun,afrf,acegla,7,,9,7,,5.1,6.9,9
13-Jun,afrf,acegla,8,,8,6,,6.5,7.5,5.9
13-Jun,afrf,acegla,9,,7,4,,4.5,6.5,7
13-Jun,afrf,acegla,10,,,,489.6,2.7,4.2,4.3
02-Jul,afrf,acegla,11,,,,466.6,2.411,,
02-Jul,afrf,acegla,12,,,,335.9,1.632,,
11-Jun,afrf,alninc,1,,,,284.5,2.1,,
02-Jul,afrf,alninc,1,,,,233.4,0.816,1.525,
02-Jul,afrf,alninc,5,,5,3,,2.655,4.354,
03-Jul,afrf,alninc,6,,8,6,,7.8,8.9,7.2
03-Jul,afrf,alninc,7,,8,7,,4.2,5.5,4.3
11-Jun,afrf,alninc,9,,6,5,,4.7,,
11-Jun,afrf,alninc,10,,10,9,,3.4,3.5,4.2
04-Jul,afrf,alninc,12,,6,3,,4.644,3.848,3.295
04-Jul,afrf,alninc,13,,7,5,,3.385,5.925,3.35
04-Jul,afrf,alninc,14,,,,319.2,1.947,1.721,
12-Jun,afrf,alninc,20,,,,465.3,4.1,3.3,2.8
02-Jul,afrf,alnvir,1,,,,233.4,0.816,1.525,
02-Jul,afrf,alnvir,2,,,,311,1.509,1.382,1.231
02-Jul,afrf,alnvir,3,,,,338.5,1.692,2.055,1.509
02-Jul,afrf,alnvir,4,,,,333.4,1.317,1.24,1.42
02-Jul,afrf,alnvir,5,,,,217.6,1.294,0.915,0.888
02-Jul,afrf,alnvir,11,,,,348.6,1.924,1.328,0.865
02-Jul,afrf,alnvir,12,,,,339.6,1.409,1.232,1.17
04-Jul,afrf,alnvir,13,,,,276.5,1.928,1.953,3.163
04-Jul,afrf,alnvir,14,,,,396.4,2.588,1.821,1.764
12-Jun,afrf,alnvir,20,,,,439.2,4,5.2,4.5
11-Jun,afrf,amealn,1,,,,180.7,1.588,1.312,1.13
11-Jun,afrf,amealn,2,,,,157.7,1.183,,
11-Jun,afrf,amealn,3,,,,234.2,1.986,,
11-Jun,afrf,amealn,5,,,,210.4,2.357,,
02-Jul,afrf,amealn,6,,,,274.7,1.536,,
02-Jul,afrf,amealn,7,,,,243.4,1.432,1.036,
02-Jul,afrf,amealn,8,,,,204.6,1.238,1.387,1.034
02-Jul,afrf,amealn,9,,,,182.1,1.293,,
02-Jul,afrf,amealn,10,,,,198,1.095,,
02-Jul,afrf,amealn,12,,,,364.2,1.002,,
11-Jun,afrf,betpap,1,,19,14,,36.9,,
12-Jun,afrf,betpap,3,,13,8,,10.5,,
12-Jun,afrf,betpap,4,,12,8,,18,,
12-Jun,afrf,betpap,5,,14,7,,18.5,,
11-Jun,afrf,betpap,7,,12,10,,10,,
11-Jun,afrf,betpap,8,,13,8,,12.6,,
11-Jun,afrf,betpap,9,,14,11,,12.9,,
11-Jun,afrf,betpap,10,,10,8,,9.9,,
11-Jun,afrf,betpap,11,,20,14,,33.1,,
12-Jun,afrf,betpap,2_02,,12,9,,9.9,,
12-Jun,afrf,betpap ,6,,13,8,,10.6,,
11-Jun,afrf,corsto,1,,,,131.8,14.1,,
13-Jun,afrf,corsto,3,,,,363.2,1.534,0.67,
11-Jun,afrf,corsto,4,,,,223.1,1.451,,
11-Jun,afrf,corsto,5,,,,319.8,2.971,,
02-Jul,afrf,corsto,6,,,,160,1.701,,
02-Jul,afrf,corsto,7,,,,181,1.809,,
02-Jul,afrf,corsto,8,,,,161.6,0.954,,
02-Jul,afrf,corsto,9,,,,273.8,1.124,,
02-Jul,afrf,corsto,10,,,,232.4,1.732,1.538,
03-Jul,afrf,corsto,11,,,,272.4,2.348,,
12-Jun,afrf,loninv,1,,,,123.4,1.275,,
11-Jun,afrf,loninv,2,,,,117.3,1.164,,
11-Jun,afrf,loninv,3,,,,139.6,1.201,,
02-Jul,afrf,loninv,4,,,,122.1,0.721,,
02-Jul,afrf,loninv,5,,,,120.8,1.198,,
03-Jul,afrf,loninv,6,,,,140.6,1.111,,
13-Jun,afrf,loninv,8,,,,106.2,1.007,,
04-Jul,afrf,loninv,9,,,,179,1.555,,
03-Jul,afrf,loninv,11,,,,159.2,2.74,1.599,3.474
12-Jun,afrf,loninv,3_02,,,,246.3,2.071,,
11-Jun,afrf,popbal,1,,7,6,,6.3,6.5,6.2
11-Jun,afrf,popbal,2,,28,21,,34.6,,
12-Jun,afrf,popbal,2,,18,12,,14.2,,
11-Jun,afrf,popbal,3,,9,7,,10.8,,
02-Jul,afrf,popbal,4,,11,8,,5.742,,
02-Jul,afrf,popbal,5,,10,8,,5.96,,
02-Jul,afrf,popbal,6,,7,4,,4.672,,
02-Jul,afrf,popbal,7,,6,5,,4.175,1.496,
02-Jul,afrf,popbal,8,,6,5,,2.499,,
03-Jul,afrf,popbal,9,,11,8,,9.906,,
02-Jul,afrf,poptre,3,,6,8,,5.4,,
02-Jul,afrf,poptre,4,,7,5,,4.4,,
02-Jul,afrf,poptre,5,,6,5,,6,,
02-Jul,afrf,poptre,6,,15,8,,12.7,,
13-Jun,afrf,poptre,8,,6,4,,8.1,,
13-Jun,afrf,poptre,9,,9,4,,8,,
11-Jun,afrf,poptre,10,,,,420.9,3.6,,
13-Jun,afrf,poptre,11,,11,8,,11.7,,
13-Jun,afrf,poptre,12,,21,11,,17.5,,
02-Jul,afrf,poptre,12,,10,5,,7.844,,
13-Jun,afrf,poptre,13,,17,14,,6,,
02-Jul,afrf,poptre,15,,,,291,2.744,,
12-Jun,afrf,riblac,1,,,,46,0.408,,
12-Jun,afrf,riblac,2,,,,53.1,0.687,,
02-Jul,afrf,riblac,4,,,,90,0.721,,
02-Jul,afrf,riblac,6,,,,107.3,0.636,0.6,
02-Jul,afrf,riblac,7,,,,92.1,0.799,,
04-Jul,afrf,riblac,8,,,,143.1,0.91,,
03-Jul,afrf,riblac,9,,,,,,,
03-Jul,afrf,riblac,10,,,,129.4,0.803,,
03-Jul,afrf,riblac,11,,,,91.5,0.756,,
04-Jul,afrf,riblac,12,,,,112.9,0.808,,
12-Jun,afrf,riblac,20,,,,75.5,0.504,,
12-Jun,afrf,rosaci,1,,,,154.6,0.842,,
11-Jun,afrf,rosaci,2,,,,184.6,1.452,,
11-Jun,afrf,rosaci,3,,,,144.3,1.051,,
13-Jun,afrf,rosaci,4,,,,151.3,1.063,,
11-Jun,afrf,rosaci,5,,,,176.4,1.508,,
02-Jul,afrf,rosaci,8,,,,98.6,0.722,,
02-Jul,afrf,rosgym,1,,,,101.7,0.639,,
02-Jul,afrf,rosgym,2,,,,83.6,0.438,,
02-Jul,afrf,rosgym,3,,,,109.7,0.649,,
03-Jul,afrf,rosgym,4,,,,96,0.543,,
03-Jul,afrf,rosgym,5,,,,157.2,0.808,,
02-Jul,afrf,rosgym,6,,,,91.4,0.749,,
02-Jul,afrf,rosgym,7,,,,150,1.077,,
03-Jul,afrf,rosgym,8,,,,120.3,0.808,,
02-Jul,afrf,rosgym,10,,,,148.6,0.911,0.886,0.657
04-Jul,afrf,rosgym,11,,,,97.4,0.569,,
02-Jul,afrf,rubida,4,,,,71.5,0.477,,
04-Jul,afrf,rubida,6,,,,88.5,0.656,,
02-Jul,afrf,rubida,10,,,,87.6,0.607,,
02-Jul,afrf,rubida,11,,,,146.1,0.767,,
03-Jul,afrf,rubida,12,,,,106.1,0.649,,
03-Jul,afrf,rubida,13,,,,91.3,0.54,,
04-Jul,afrf,rubida,14,,,,131.4,1.082,,
04-Jul,afrf,rubida,15,,,,130.1,0.781,,
04-Jul,afrf,rubida,16,,,,124.7,0.793,,
04-Jul,afrf,rubida,17,,,,104.2,0.592,,
11-Jun,afrf,rubida ,1,,,,81.2,0.645,0.571,0.521
13-Jun,afrf,rubpar,2,,,,91,0.787,,
13-Jun,afrf,rubpar,3,,,,116.9,0.846,,
11-Jun,afrf,rubpar,4,,,,69.1,0.636,,
02-Jul,afrf,rubpar,5,,,,59.1,0.463,,
02-Jul,afrf,rubpar,6,,,,64.4,0.484,0.552,0.426
02-Jul,afrf,rubpar,9,,,,75.2,0.621,,
03-Jul,afrf,rubpar,10,,,,127.6,0.69,,
03-Jul,afrf,rubpar,11,,,,104.3,0.709,,
03-Jul,afrf,rubpar,13,,,,88.4,0.658,,
03-Jul,afrf,rubpar,15,,,,140,0.881,,
03-Jul,afrf,rubpar,16,,,,140,1.031,,
03-Jul,afrf,rubpar,19,,,,89.1,0.616,,
11-Jun,afrf,rubspe,1,,,,121.8,0.628,0.636,0.784
11-Jun,afrf,rubspe,7,,,,167.2,0.581,,
12-Jun,afrf,rubspe,10,,,,76.6,0.409,,
11-Jun,afrf,samrac,1,,,,219.4,3.071,,
11-Jun,afrf,samrac,3,,,,183.4,1.858,,
04-Jul,afrf,samrac,4,,,,180.5,1.91,,
04-Jul,afrf,samrac,5,,,,197.5,1.87,,
03-Jul,afrf,samrac,6,,,,208.4,3.365,,
03-Jul,afrf,samrac,7,,,,221,1.726,1.384,1.791
11-Jun,afrf,samrac,9,,,,166.2,1.383,,
03-Jul,afrf,samrac,10,,,,169.1,2.919,,
04-Jul,afrf,samrac,12,,,,251.2,2.45,,
04-Jul,afrf,samrac,13,,,,235.6,2.054,,
11-Jun,afrf,shecan,1,,,,74.2,0.946,,
13-Jun,afrf,shecan,2,,,,103,1.315,,
13-Jun,afrf,shecan,3,,,,79.6,0.789,0.64,0.731
11-Jun,afrf,shecan,4,,,,87.7,0.958,,
11-Jun,afrf,shecan,5,,,,150.6,2.439,,
02-Jul,afrf,shecan,6,,,,157,0.986,1.087,0.88
02-Jul,afrf,shecan,7,,,,153.5,1.342,1.484,
02-Jul,afrf,shecan,8,,,,147.1,1.841,,
02-Jul,afrf,shecan,9,,,,104.4,1.139,,
02-Jul,afrf,shecan,10,,,,169.5,2.444,,
11-Jun,afrf,sorsco,2,,,,,2.825,,
12-Jun,afrf,sorsco,3,,7,5,,1.719,,
13-Jun,afrf,sorsco,3,,,,173.3,3.2,4,
02-Jul,afrf,sorsco,6,,,,132,1.226,0.984,
02-Jul,afrf,sorsco,7,,,,207.2,1.538,1.468,
02-Jul,afrf,sorsco,8,,,,438.8,1.799,,
02-Jul,afrf,sorsco,9,,,,364.2,1.271,1.407,
02-Jul,afrf,sorsco,10,,,,391.4,1.295,,
02-Jul,afrf,sorsco,11,,,,346.6,2.772,,
03-Jul,afrf,sorsco,13,,,,209.4,2.246,,
12-Jun,afrf,spibet,1,,,,46.5,0.315,,
11-Jun,afrf,spibet,2,,,,55,0.559,,
13-Jun,afrf,spibet,4,,,,5.05,0.299,,
11-Jun,afrf,spibet,5,,,,63.6,0.392,,
11-Jun,afrf,spibet,11,,,,50.2,0.354,,
11-Jun,afrf,spibet,12,,,,51.2,0.448,,
13-Jun,afrf,spibet,13,,,,97.1,0.588,,
13-Jun,afrf,spibet,14,,,,91.2,0.565,,
12-Jun,afrf,spibet,20,,,,57.7,0.361,,
11-Jun,afrf,spibet ,06_02,,,,51.6,0.283,,
12-Jun,afrf,spidou,1,,,,83.2,0.509,,
13-Jun,afrf,spidou,2,,,,107.5,0.725,,
03-Jul,afrf,spidou,3,,,,103.2,0.495,,
13-Jun,afrf,spidou,4,,,,160.6,1.182,,
03-Jul,afrf,spidou,11,,,,129.9,0.548,,
03-Jul,afrf,spidou,12,,,,121.5,0.81,,
04-Jul,afrf,spidou,13,,,,159.2,0.685,,
13-Jun,afrf,spidou,19,,,,139.9,1.078,,
12-Jun,afrf,spidou,20,,,,98.1,0.65,,
13-Jun,afrf,spidou,19_02,,,,141.4,0.682,,
12-Jun,afrf,spipyr,1,,,,114.6,0.771,,
13-Jun,afrf,spipyr,2,,,,132.3,0.993,,
03-Jul,afrf,spipyr,11,,,,100.3,0.6,,
04-Jul,afrf,spipyr,12,,,,115.2,0.576,,
04-Jul,afrf,spipyr,13,,,,152,0.859,,
04-Jul,afrf,spipyr,14,,,,108,0.507,,
13-Jun,afrf,spipyr,16,,,,99.3,0.76,,
13-Jun,afrf,spipyr,17,,,,97.6,0.591,,
13-Jun,afrf,spipyr,18,,,,145.1,0.867,,
12-Jun,afrf,spipyr,19,,,,87.4,0.788,,
12-Jun,afrf,symalb,1,,,,73.2,0.556,,
12-Jun,afrf,symalb,2,,,,122.2,0.699,,
13-Jun,afrf,symalb,3,,,,126.4,1.031,,
11-Jun,afrf,symalb,4,,,,115.2,0.78,,
02-Jul,afrf,symalb,5,,,,114.6,0.604,,
02-Jul,afrf,symalb,6,,,,95.2,0.55,0.59,
02-Jul,afrf,symalb,7,,,,53.5,0.278,,
02-Jul,afrf,symalb,8,,,,60,0.609,,
11-Jun,afrf,symalb,11,,,,83.4,0.872,,
04-Jul,afrf,symalb,12,,,,68.9,0.531,,
12-Jun,afrf,vacmem,1,,,,44.9,0.508,,
02-Jul,afrf,vacmem,3,,,,48.2,0.521,,
02-Jul,afrf,vacmem,4,,,,30.4,0.293,,
02-Jul,afrf,vacmem,5,,,,68.1,0.971,0.876,0.759
04-Jul,afrf,vacmem,6,,,,35.6,0.366,,
04-Jul,afrf,vacmem,7,,,,55,0.574,,
04-Jul,afrf,vacmem,8,,,,51.2,0.677,,
04-Jul,afrf,vacmem,9,,,,50.1,0.864,,
04-Jul,afrf,vacmem,10,,,,28.2,0.624,,
12-Jun,afrf,vacmem,20,,,,43.8,0.493,,
12-Jun,afrf,vibedu,1,,,,111.6,0.866,,
03-Jul,afrf,vibedu,2,,,,74.8,0.822,,
12-Jun,afrf,vibedu,3,,,,111.8,0.744,,
13-Jun,afrf,vibedu,3,,,,111.8,0.93,,
02-Jul,afrf,vibedu,4,,,,80.4,1.085,,
02-Jul,afrf,vibedu,5,,,,136,1.067,,
02-Jul,afrf,vibedu,6,,,,216.9,1.392,,
02-Jul,afrf,vibedu,7,,,,118.5,0.856,,
02-Jul,afrf,vibedu,8,,,,84.7,0.571,,
02-Jul,afrf,vibedu,11,,,,123.5,0.898,,
03-Jul,afrf,vibedu,12,,,,150.9,1.345,,
29-Jul,kl,acegla,1,,6,5,,40.8,5.136,4.69
26-Jul,kl,acegla,3,,,,470.3,2.546,2.037,
24-Jul,kl,acegla,4,,7,6,,13.1,,
24-Jul,kl,acegla,5,,11,6,,9.6,6.9,
24-Jul,kl,acegla,6,,7,6,,6.1,,
24-Jul,kl,acegla,7,,12,6,,6.5,8.4,8.1
25-Jul,kl,acegla,8,,11,9,,6.143,8.48,7.224
28-Jul,kl,acegla,9,,7,6,,4.034,,
28-Jul,kl,acegla,10,,,,,10.6,,
30-Jul,kl,acegla,11,,10,7,,5.3,3.4,2.2
25-Jul,kl,alninc,1,,,,451.8,3.557,2.765,2.058
25-Jul,kl,alninc,2,,6,5,,3.575,4.041,3.482
25-Jul,kl,alninc,3,,9,7,,8.644,2.392,
25-Jul,kl,alninc,4,,7,6,,2.948,3.424,1.496
28-Jul,kl,alnrub,1,,9,7,,6.5,,
28-Jul,kl,alnrub,2,,7,5,,6.5,,
28-Jul,kl,alnrub,3,,12,10,,11.1,,
28-Jul,kl,alnrub,4,,16,12,,17.7,,
28-Jul,kl,alnrub,5,,11,10,,10.4,,
28-Jul,kl,alnrub,6,,9,3,,6.7,,
28-Jul,kl,alnrub,7,,9,8,,9.9,,
28-Jul,kl,alnrub,8,,10,8,,7.5,6,
28-Jul,kl,alnrub,9,,8,3.5,,10.1,,
28-Jul,kl,alnrub,10,,9,4,,9.8,,
26-Jul,kl,alnvir,2,,,,350.4,2.833,3.633,3.268
26-Jul,kl,alnvir,3,,,,360.1,1.582,1.764,1.861
24-Jul,kl,alnvir,5,,,,170.6,1.756,2,1.953
24-Jul,kl,alnvir,6,,,,174.9,2.288,1.396,1.929
25-Jul,kl,alnvir,7,,,,314.8,1.758,2.252,1.074
26-Jul,kl,alnvir,8,,,,307.4,1.828,1.296,1.464
28-Jul,kl,alnvir,9,,5,4,,3.809,2.552,2.27
28-Jul,kl,alnvir,10,,,,481.1,4.339,4.582,3.381
28-Jul,kl,alnvir,11,,,,452.6,3.174,2.26,2.133
28-Jul,kl,alnvir,12,,,,870.4,2.825,2.24,2.688
29-Jul,kl,amealn,1,,,,357.3,3.137,1.981,0.922
29-Jul,kl,amealn,2,,,,521,3.368,,
29-Jul,kl,amealn,3,,,,529.6,3.835,,
24-Jul,kl,amealn,4,,,,381.2,1.66,1.511,1.539
26-Jul,kl,amealn,5,,,,233.9,1.48,,
26-Jul,kl,amealn,6,,,,350.2,2.612,,
26-Jul,kl,amealn,7,,,,286.3,1.931,,
26-Jul,kl,amealn,8,,7,5,,3.464,2.252,1.985
28-Jul,kl,amealn,9,,,,217.5,2.062,,
28-Jul,kl,amealn,10,,,,213.4,2.259,,
29-Jul,kl,betpap,5,,19,16,,12.7,7.9,
24-Jul,kl,betpap,6,,15,12,,9.8,,
24-Jul,kl,betpap,7,,15,9,,11.9,,
24-Jul,kl,betpap,8,,14,10,,15.5,,
26-Jul,kl,betpap,9,,17,12,,17.1,14.9,9.9
28-Jul,kl,betpap,9,,23,16,,29.7,8.4,
28-Jul,kl,betpap,10,,16,12,,13.3,,
28-Jul,kl,betpap,11,,11,5,,8.2,,
28-Jul,kl,betpap,12,,11,9,,10.4,,
29-Jul,kl,betpap,13,,25,18,,30.3,,
29-Jul,kl,betpap,14,,19,14,,23.3,18.6,
26-Jul,kl,corsto,3,,,,351.9,3.183,2.246,2.11
24-Jul,kl,corsto,5,,,,461.8,2.674,,
24-Jul,kl,corsto,6,,,,480.8,3.2,,
24-Jul,kl,corsto,7,,,,470.8,4.85,4.612,3.148
25-Jul,kl,corsto,8,,,,215,1.914,,
25-Jul,kl,corsto,9,,,,276.4,2.39,,
25-Jul,kl,corsto,10,,,,312.7,3.181,3.748,
28-Jul,kl,corsto,11,,,,290.3,3.79,3.949,1.933
28-Jul,kl,corsto,12,,,,334.2,2.696,,
30-Jul,kl,corsto,13,,,,338.2,2.869,2.002,1.432
29-Jul,kl,loninv,1,,,,168.2,0.992,,
29-Jul,kl,loninv,2,,,,161,1.102,,
26-Jul,kl,loninv,3,,,,205.3,1.256,0.968,
26-Jul,kl,loninv,4,,,,139,1.225,,
24-Jul,kl,loninv,5,,,,102.2,0.761,,
25-Jul,kl,loninv,6,,,,130.4,1.494,,
25-Jul,kl,loninv,7,,,,140,1.879,,
25-Jul,kl,loninv,8,,,,165.7,2.07,1.954,2.223
26-Jul,kl,loninv,9,,,,167.8,1.234,1.177,0.975
26-Jul,kl,loninv,10,,,,200.5,1.889,2.225,1.602
29-Jul,kl,popbal,1,,15,12,,14.7,,
29-Jul,kl,popbal,3,,22,15,,19.5,,
24-Jul,kl,popbal,4,,29,23,,32.6,,
24-Jul,kl,popbal,5,,24,18,,23.2,,
24-Jul,kl,popbal,6,,21,14,,18.5,17.5,21.5
24-Jul,kl,popbal,7,,21,14,,25.8,,
24-Jul,kl,popbal,8,,21,16,,20.5,,
28-Jul,kl,popbal,9,,7,5,,7.2,,
28-Jul,kl,popbal,10,,27,23,,24,23.5,12.5
28-Jul,kl,popbal,11,,16,8,,20.1,,
26-Jul,kl,poptre,1,,,,577.5,2.85,,
26-Jul,kl,poptre,2,,,,461.6,2.682,,
24-Jul,kl,poptre,3,,9,7,,7.2,,
24-Jul,kl,poptre,4,,7,6,,6.1,,
28-Jul,kl,poptre,5,,16,7,,21.7,,
28-Jul,kl,poptre,6,,10,7,,9.9,,
28-Jul,kl,poptre,7,,14,11,,11.8,,
29-Jul,kl,poptre,8,,15,10,,13.3,,
29-Jul,kl,poptre,9,,12,8,,8.8,,
29-Jul,kl,poptre,10,,20,15,,20,,
25-Jul,kl,rhoalb,1,,,,102.3,1.76,,
25-Jul,kl,rhoalb,2,,,,131.6,1.639,1.279,1.587
30-Jul,kl,rhoalb,3,,,,110.4,1.228,1.447,1.453
30-Jul,kl,rhoalb,4,,,,133.1,1.288,1.649,1.187
30-Jul,kl,rhoalb,5,,,,191.4,1.643,0.999,
30-Jul,kl,rhoalb,6,,,,201.2,1.744,1.433,0.75
30-Jul,kl,rhoalb,7,,,,181.6,1.742,1.296,1.212
30-Jul,kl,rhoalb,8,,,,120.6,0.985,,
30-Jul,kl,rhoalb,9,,,,166,1.901,,
30-Jul,kl,rhoalb,10,,,,110.3,1.392,1.375,
29-Jul,kl,riblac,1,,,,151.9,0.648,0.62,
29-Jul,kl,riblac,2,,,,140.4,0.592,,
29-Jul,kl,riblac,3,,,,122.2,0.849,,
26-Jul,kl,riblac,7,,,,53.8,0.337,0.377,
26-Jul,kl,riblac,8,,,,86.1,0.728,,
24-Jul,kl,riblac,9,,,,55.3,0.565,2.422,
28-Jul,kl,riblac,10,,,,50.1,0.471,,
28-Jul,kl,riblac,11,,,,121.4,0.742,,
29-Jul,kl,riblac,13,,,,130.4,0.743,,
29-Jul,kl,riblac,12_02,,,,106.8,0.655,0.69,
29-Jul,kl,rosgym,1,,,,147.2,0.676,,
29-Jul,kl,rosgym,2,,,,146.1,0.885,,
26-Jul,kl,rosgym,4,,,,127.5,0.972,,
24-Jul,kl,rosgym,6,,,,165.9,1.008,,
24-Jul,kl,rosgym,7,,,,112.7,1.054,,
26-Jul,kl,rosgym,8,,,,186.7,1.26,1.148,0.768
26-Jul,kl,rosgym,9,,,,121,8.2,,
28-Jul,kl,rosgym,10,,,,119.2,0.278,,
28-Jul,kl,rosgym,11,,,,74.6,0.518,,
28-Jul,kl,rosgym,12,,,,101.4,0.672,,
29-Jul,kl,rubida,1,,,,136.2,0.654,,
28-Jul,kl,rubida,2,,,,62,0.426,,
28-Jul,kl,rubida,3,,,,131,0.747,,
28-Jul,kl,rubida,4,,,,78.7,0.499,,
29-Jul,kl,rubida,5,,,,68.4,0.473,,
29-Jul,kl,rubida,6,,,,92.9,0.599,,
29-Jul,kl,rubida,7,,,,97.8,0.59,,
30-Jul,kl,rubida,8,,,,126.1,0.689,,
29-Jul,kl,rubpar,1,,,,108.6,0.574,0.765,
26-Jul,kl,rubpar,3,,,,128.6,0.731,,
26-Jul,kl,rubpar,4,,,,96.2,0.69,,
24-Jul,kl,rubpar,6,,,,72.2,0.761,,
24-Jul,kl,rubpar,7,,,,67.5,0.718,,
24-Jul,kl,rubpar,8,,,,83.6,0.725,,
25-Jul,kl,rubpar,9,,,,67.6,0.655,,
26-Jul,kl,rubpar,10,,,,98.5,0.802,0.856,
26-Jul,kl,rubpar,11,,,,90.6,0.727,,
28-Jul,kl,rubpar,12,,,,91,0.616,,
24-Jul,kl,samrac,1,,,,122,1.469,1.219,1.45
24-Jul,kl,samrac,2,,,,210.8,2.409,1.693,2.422
24-Jul,kl,samrac,3,,,,195.1,7.269,,
24-Jul,kl,samrac,4,,,,148.4,1.575,1.62,1.622
25-Jul,kl,samrac,5,,,,160.4,1.602,2.46,1.759
25-Jul,kl,samrac,6,,,,102.7,1.144,1.027,0.97
25-Jul,kl,samrac,7,,,,196.1,2.126,1.138,1.999
25-Jul,kl,samrac,8,,,,223.7,2.261,2.078,2.694
25-Jul,kl,samrac,9,,,,211,2.237,2.134,2.128
25-Jul,kl,samrac,10,,,,218,2.964,2.145,
29-Jul,kl,shecan,1,,,,148.5,1.45,,
29-Jul,kl,shecan,2,,,,200.4,3.187,,
29-Jul,kl,shecan,3,,,,224.5,3.704,2.646,
26-Jul,kl,shecan,4,,,,171.2,1.904,1.25,1.185
29-Jul,kl,shecan,4,,,,168.5,3.679,,
26-Jul,kl,shecan,5,,,,218.9,3.985,,
24-Jul,kl,shecan,6,,,,159.3,1.401,2.031,2.819
24-Jul,kl,shecan,7,,,,163.2,2.391,1.753,1.825
24-Jul,kl,shecan,8,,,,204.2,4.577,,
26-Jul,kl,shecan,9,,,,237.2,5.292,,
26-Jul,kl,sorsco,1,,,,175.6,1.612,,
26-Jul,kl,sorsco,2,,,,382.2,2.8,,
26-Jul,kl,sorsco,3,,,,212.5,1.456,1.168,0.798
26-Jul,kl,sorsco,4,,10,8,,3.71,,
26-Jul,kl,sorsco,5,,,,250.7,2.502,,
25-Jul,kl,sorsco,6,,,,207.8,2.564,,
25-Jul,kl,sorsco,7,,,,272.2,2.247,2.322,2.354
25-Jul,kl,sorsco,8,,,,479.5,4.465,3.745,1.245
25-Jul,kl,sorsco,9,,,,337.4,2.591,,
26-Jul,kl,sorsco,10,,,,547.9,2.624,,
24-Jul,kl,spibet,3,,,,57.6,0.443,,
24-Jul,kl,spibet,4,,,,40.4,0.316,,
25-Jul,kl,spibet,5,,,,71.7,0.577,,
25-Jul,kl,spibet,6,,,,54.3,0.356,,
25-Jul,kl,spibet,7,,,,57.7,0.335,1.229,
26-Jul,kl,spibet,8,,,,65.5,0.398,,
26-Jul,kl,spibet,9,,,,55.3,0.292,,
26-Jul,kl,spibet,10,,,,70.2,0.51,,
26-Jul,kl,spibet,11,,,,75.6,4.71,,
28-Jul,kl,spibet,12,,,,62.8,0.33,,
29-Jul,kl,symalb,1,,,,143.1,1.003,0.917,0.985
26-Jul,kl,symalb,2,,,,121.5,0.837,,
29-Jul,kl,symalb,2,,,,166.5,1.036,1.069,
26-Jul,kl,symalb,3,,,,66.6,0.6,,
24-Jul,kl,symalb,7,,,,75.6,0.566,,
24-Jul,kl,symalb,8,,,,136,1.033,,
24-Jul,kl,symalb,9,,,,91.1,0.842,,
26-Jul,kl,symalb,10,,,,128.3,0.961,0.93,
26-Jul,kl,symalb,11,,,,82.4,0.666,,
28-Jul,kl,symalb,12,,,,79.2,0.411,,
25-Jul,kl,vacmem,1,,,,65.7,1.187,,
25-Jul,kl,vacmem,2,,,,91.5,1.558,,
25-Jul,kl,vacmem,3,,,,91.1,1.387,,
25-Jul,kl,vacmem,4,,,,80.1,1.102,,
25-Jul,kl,vacmem,5,,,,78.6,0.764,,
25-Jul,kl,vacmem,6,,,,80.4,1.087,,
25-Jul,kl,vacmem,7,,,,75,1.143,,
25-Jul,kl,vacmem,8,,,,65.2,1.336,,
25-Jul,kl,vacmem,9,,,,73.4,1.148,,
25-Jul,kl,vacmem,10,,,,61,0.777,,
30-Jul,kl,vacmem,11,,,,42,0.625,,
26-Jul,kl,vibedu,1,,,,190.5,1.594,,
26-Jul,kl,vibedu,2,,,,66.2,0.609,0.406,
26-Jul,kl,vibedu,3,,,,161,1.466,1.157,
25-Jul,kl,vibedu,4,,,,181.6,1.55,1.191,
25-Jul,kl,vibedu,5,,,,136.4,1.704,1.07,
25-Jul,kl,vibedu,6,,,,139.9,0.888,1.253,
25-Jul,kl,vibedu,7,,,,168,2.137,,
25-Jul,kl,vibedu,8,,,,183.1,1.484,1.698,1.513
25-Jul,kl,vibedu,9,,,,310,1.599,1.191,
25-Jul,kl,vibedu,10,,,,223.3,2.912,,
25-Jun,mp,acegla,1,,,,554.4,2.778,5.005,1.585
25-Jun,mp,acegla,2,,,,267.6,1.126,,
26-Jun,mp,acegla,3,,,,638.8,3.3,3.4,2.1
26-Jun,mp,acegla,4,,,,336.1,1.959,1.595,1.44
26-Jun,mp,acegla,5,,6,5,,6.2,3.5,3
23-Jun,mp,acegla,7,,7,5,,4.482,7.672,7.287
23-Jun,mp,acegla,8,,7,5,,3.5,,
23-Jun,mp,acegla,9,,6,5,,3.3,,
23-Jun,mp,acegla,10,,7,5,,4.7,3.7,
26-Jun,mp,acegla,10,,7,6,,8.2,8.5,11.5
25-Jun,mp,acegla,11,,,,354.3,2.016,,
23-Jun,mp,alninc,1,,4,2,,3,4,3.5
26-Jun,mp,alninc,2,,,,314.5,2.6,3,
23-Jun,mp,alninc,3,,6,3,,5,5.4,6.1
26-Jun,mp,alninc,4,,6,5,,8.1,6.4,
22-Jun,mp,alninc,5,,,,447.4,4,,
23-Jun,mp,alninc,6,,5,4,,5.9,4.8,2.4
23-Jun,mp,alninc,7,,7,5,,5.3,5.8,4
23-Jun,mp,alninc,8,,6,,,7.4,5.1,3.4
22-Jun,mp,alninc,9,,,,464.8,2.7,,
22-Jun,mp,alninc,10,,9,7,,6.8,5.9,8.5
22-Jun,mp,alnrub,5,,12,9,,25.7,,
22-Jun,mp,alnrub,6,,5,4,,5.3,,
22-Jun,mp,alnrub,7,,8,5,,8,,
25-Jun,mp,alnvir,1,,,,338.6,1.7,1.7,2
25-Jun,mp,alnvir,2,,,,491.1,3.7,3.1,3.3
25-Jun,mp,alnvir,3,,,,252.4,2.4,2.5,2
26-Jun,mp,alnvir,4,,,,474,9.1,,
26-Jun,mp,alnvir,5,,,,377.6,3,2.1,1.7
22-Jun,mp,alnvir,6,,8,7,,6.5,,
22-Jun,mp,alnvir,7,,,,513.8,6,5.2,5.1
22-Jun,mp,alnvir,8,,,,285.1,1.321,,
25-Jun,mp,alnvir,9,,,,336.4,2.743,7.978,
26-Jun,mp,alnvir,10,,,,663.8,7.2,10.6,9.6
23-Jun,mp,amealn,1,,,,142.6,1.308,1.324,1.721
25-Jun,mp,amealn,2,,,,45.8,1.374,1.529,1.738
23-Jun,mp,amealn,3,,,,282.6,1.917,2.21,
23-Jun,mp,amealn,4,,,,192.1,1.416,1.342,0.965
25-Jun,mp,amealn,5,,,,198.2,1.776,,
25-Jun,mp,amealn,6,,,,280.3,2.205,3.361,2.652
25-Jun,mp,amealn,7,,,,228.9,2.524,3.555,2.519
23-Jun,mp,amealn,8,,,,246.4,1.915,1.953,1.72
23-Jun,mp,amealn,9,,,,224.8,3.767,2.676,3.091
23-Jun,mp,amealn,10,,,,297.4,3.107,,
25-Jun,mp,amealn,11,,,,441.4,2.4,2.6,2.7
22-Jun,mp,amealn,12,,,,406.8,3.4,,
23-Jun,mp,corsto,1,,,,186.4,0.833,,
26-Jun,mp,corsto,2,,,,384.6,1.442,0.91,1.092
26-Jun,mp,corsto,3,,,,297.1,3.665,,
23-Jun,mp,corsto,5,,,,371.3,2.717,,
22-Jun,mp,corsto,6,,,,273.6,1.77,,
22-Jun,mp,corsto,7,,,,231.1,1.129,,
22-Jun,mp,corsto,8,,,,111.7,1.987,,
22-Jun,mp,corsto,9,,,,202.3,2.021,,
22-Jun,mp,corsto,10,,,,347.8,1.574,1.605,1.762
25-Jun,mp,corsto,20,,,,424.8,3.336,1.879,
23-Jun,mp,loninv,3,,,,147.6,1.643,,
25-Jun,mp,loninv,4,,,,164.6,1.421,1.308,
25-Jun,mp,loninv,5,,,,119.3,1.285,,
25-Jun,mp,loninv,6,,,,99.7,1.17,1.262,1.044
25-Jun,mp,loninv,7,,,,228.1,0.961,,
25-Jun,mp,loninv,8,,,,105.2,0.918,0.83,1.072
23-Jun,mp,loninv,9,,,,160,2.275,,
23-Jun,mp,loninv,10,,,,111.1,0.655,,
26-Jun,mp,loninv,11,,,,241.6,1.834,,
26-Jun,mp,loninv,12,,,,288.1,1.431,,
26-Jun,mp,loninv,13,,,,170.7,1.214,,
22-Jun,mp,menfer,1,,,,159.3,1.383,,
26-Jun,mp,menfer,2,,,,166.9,1.77,1.768,1.593
23-Jun,mp,menfer,4,,,,109.7,2.753,1.886,1.882
26-Jun,mp,menfer,5,,,,89.3,0.888,,
26-Jun,mp,menfer,6,,,,119.2,1.367,1.451,1.357
26-Jun,mp,menfer,7,,,,204.9,2.154,1.363,1.866
22-Jun,mp,menfer,8,,,,224.8,1.73,,
22-Jun,mp,menfer,9,,,,154.7,1.393,,
22-Jun,mp,menfer,10,,,,182.3,1.399,,
23-Jun,mp,menfer,10,,,,196.3,1.674,,
25-Jun,mp,menfer,12,,,,280.2,2.475,1.811,1.853
23-Jun,mp,popbal,6,,20,16,,23.7,,
23-Jun,mp,popbal,7,,31,24,,28.2,27.9,28.9
26-Jun,mp,popbal,8,,21,15,,42.2,34.1,
26-Jun,mp,popbal,9,,20,13,,46.6,,
26-Jun,mp,popbal,10,,22,14,,37.8,,
22-Jun,mp,popbal,11,,21,13,,39.4,,
25-Jun,mp,popbal,12,,31,25,,52.9,,
26-Jun,mp,popbal,13,,44,29,,91.9,,
26-Jun,mp,popbal,14,,37,20,,54.9,,
26-Jun,mp,popbal,15,,27,17,,22,,
23-Jun,mp,poptre,5,,10,7,,15.5,,
23-Jun,mp,poptre,6,,5,3,,4.7,,
23-Jun,mp,poptre,7,,13,10,,10.5,,
25-Jun,mp,poptre,7,,17,9,,9.4,23.6,21
25-Jun,mp,poptre,8,,15,8,,20,,
25-Jun,mp,poptre,9,,7,6,,6.6,,
25-Jun,mp,poptre,10,,14,10,,14,,
23-Jun,mp,poptre,11,,6,3,,4.6,,
25-Jun,mp,poptre,12,,20,16,,23.5,25.6,
25-Jun,mp,poptre,13,,10,8,,13.4,,
26-Jun,mp,rhoalb,1,,,,114.5,1.291,1.328,1.079
23-Jun,mp,rhoalb,2,,,,95.5,0.943,0.977,0.545
23-Jun,mp,rhoalb,3,,,,188.6,1.487,,
23-Jun,mp,rhoalb,4,,,,172,1.53,,
23-Jun,mp,rhoalb,5,,,,168.6,1.204,,
22-Jun,mp,rhoalb,8,,,,225.3,2.074,2.23,1.48
22-Jun,mp,rhoalb,9,,,,144.1,1.339,,
22-Jun,mp,rhoalb,10,,,,149.2,1.128,,
26-Jun,mp,rhoalb,11,,,,150.6,2.873,1.675,2.495
26-Jun,mp,rhoalb,12,,,,190.5,1.171,2.133,1.531
25-Jun,mp,riblac,1,,,,92.4,0.715,,
22-Jun,mp,riblac,2,,,,74.5,0.563,,
25-Jun,mp,riblac,3,,,,117.7,0.839,,
25-Jun,mp,riblac,4,,,,127.5,1.086,,
26-Jun,mp,riblac,5,,,,183,0.772,,
25-Jun,mp,riblac,6,,,,179,0.879,,
23-Jun,mp,riblac,7,,,,76.8,0.633,,
25-Jun,mp,riblac,8,,,,95.5,0.572,,
23-Jun,mp,riblac,10,,,,93,0.76,,
22-Jun,mp,riblac,11,,,,104.1,0.784,,
25-Jun,mp,rosaci,1,,,,76.1,0.743,,
22-Jun,mp,rosaci,2,,,,52.6,0.668,,
25-Jun,mp,rosaci,3,,,,86.9,0.665,,
22-Jun,mp,rosaci,4,,,,88.3,0.43,,
22-Jun,mp,rosaci,5,,,,106.1,0.879,,
22-Jun,mp,rosaci,6,,,,85.4,0.854,,
23-Jun,mp,rosaci,7,,,,103.2,0.868,,
23-Jun,mp,rosaci,8,,,,113.1,1.228,,
23-Jun,mp,rosaci,9,,,,129.4,0.915,,
25-Jun,mp,rosaci,10,,,,186.6,11.2,,
22-Jun,mp,rosgym,1,,,,147.4,0.754,,
22-Jun,mp,rosgym,2,,,,124.3,0.853,,
25-Jun,mp,rosgym,3,,,,75.5,1.285,,
26-Jun,mp,rosgym,4,,,,110.6,0.694,,
26-Jun,mp,rosgym,5,,,,106.4,0.601,,
26-Jun,mp,rosgym,6,,,,145.3,9.7,,
26-Jun,mp,rosgym,7,,,,170.6,0.718,0.759,0.565
26-Jun,mp,rosgym,8,,,,158,0.783,,
26-Jun,mp,rosgym,9,,,,129.8,0.603,,
22-Jun,mp,rosgym,10,,,,146,0.917,0.653,
23-Jun,mp,rubpar,1,,,,87.4,0.544,,
25-Jun,mp,rubpar,2,,,,101.5,8.28,,
23-Jun,mp,rubpar,3,,,,60.7,0.474,,
23-Jun,mp,rubpar,4,,,,71.2,0.638,,
23-Jun,mp,rubpar,5,,,,64.3,0.697,,
26-Jun,mp,rubpar,6,,,,168.7,1.374,,
22-Jun,mp,rubpar,7,,,,68.9,0.572,,
26-Jun,mp,rubpar,7,,,,121.8,0.818,,
26-Jun,mp,rubpar,8,,,,94.7,0.572,,
22-Jun,mp,rubpar,9,,,,110,0.687,,
22-Jun,mp,rubpar,10,,,,97.1,0.661,,
26-Jun,mp,rubspe,1,,,,137.1,0.875,,
25-Jun,mp,rubspe,3,,,,123.1,1.008,,
25-Jun,mp,rubspe,4,,,,109.8,0.694,,
25-Jun,mp,rubspe,5,,,,166.2,1.192,,
25-Jun,mp,rubspe,6,,,,102.1,0.866,,
25-Jun,mp,rubspe,8,,,,212.1,1.025,,
26-Jun,mp,rubspe,9,,,,120.1,0.805,,
26-Jun,mp,rubspe,10,,,,179.9,1.128,,
26-Jun,mp,rubspe,11,,,,106.4,0.579,,
26-Jun,mp,rubspe,12,,,,200.2,1.226,,
26-Jun,mp,rubspe,13,,,,153,0.877,,
26-Jun,mp,rubspe,14,,,,190.2,1.313,1.418,
25-Jun,mp,samrac,1,,,,220.6,4.866,,
25-Jun,mp,samrac,2,,,,177.6,3.977,1.992,3.29
26-Jun,mp,samrac,3,,,,310,2.866,,
26-Jun,mp,samrac,4,,,,441,2.597,,
26-Jun,mp,samrac,5,,,,525.3,8.2,6.3,
25-Jun,mp,samrac,6,,,,111.1,1.027,1.68,1.695
23-Jun,mp,samrac,7,,,,284.6,2.208,,
26-Jun,mp,samrac,8,,,,264,1.45,0.942,0.554
26-Jun,mp,samrac,9,,,,286.7,2.349,,
26-Jun,mp,samrac,10,,,,332.2,1.625,1.63,2.083
26-Jun,mp,samrac,11,,,,384.1,1.993,1.6,1.597
23-Jun,mp,shecan,2,,,,136,2.271,1.192,1.427
22-Jun,mp,shecan,3,,,,317,2.86,,
22-Jun,mp,shecan,4,,,,109.5,0.879,0.801,1.029
23-Jun,mp,shecan,5,,,,152.6,3.899,,
23-Jun,mp,shecan,6,,,,150.3,1.374,1.122,1.033
23-Jun,mp,shecan,7,,,,159.3,2.479,2,1.823
25-Jun,mp,shecan,8,,,,80,1.923,,
25-Jun,mp,shecan,9,,,,138.2,1.958,,
22-Jun,mp,shecan,10,,,,123.4,1.894,,
26-Jun,mp,shecan,11,,,,139,0.977,0.944,0.443
23-Jun,mp,sorsco,1,,,,195.4,2.027,1.705,1.72
25-Jun,mp,sorsco,3,,,,123.2,2.04,1.33,1.297
25-Jun,mp,sorsco,4,,,,190.8,2.062,,
26-Jun,mp,sorsco,8,,,,325.6,2,2.9,
26-Jun,mp,sorsco,10,,,,256.8,3.132,3.178,2.553
25-Jun,mp,sorsco,11,,3,5,,6.1,,
25-Jun,mp,sorsco,12,,,,255,2.635,3.419,2.95
26-Jun,mp,sorsco,12,,,,401.1,3,2.1,
26-Jun,mp,sorsco,13,,,,363.3,3.3,,
26-Jun,mp,sorsco,14,,,,177.2,1.892,,
25-Jun,mp,spibet,1,,,,26.1,0.319,,
23-Jun,mp,spibet,2,,,,49.4,0.328,,
25-Jun,mp,spibet,3,,,,57,0.343,,
23-Jun,mp,spibet,4,,,,45,0.341,,
23-Jun,mp,spibet,5,,,,67.5,0.3,,
23-Jun,mp,spibet,6,,,,42.1,0.286,,
23-Jun,mp,spibet,7,,,,67.1,0.476,,
22-Jun,mp,spibet,8,,,,60.8,0.332,,
22-Jun,mp,spibet,9,,,,63.6,0.36,,
23-Jun,mp,spibet,10,,,,42.9,0.428,,
22-Jun,mp,spidou,1,,,,109.4,0.788,,
22-Jun,mp,spidou,2,,,,109.1,0.652,,
22-Jun,mp,spidou,3,,,,119,0.682,,
22-Jun,mp,spipyr,1,,,,132.1,0.735,,
22-Jun,mp,spipyr,2,,,,85.2,0.511,,
22-Jun,mp,spipyr,3,,,,36.5,0.774,,
22-Jun,mp,spipyr,4,,,,144.6,0.938,,
22-Jun,mp,spipyr,5,,,,99.7,0.616,,
22-Jun,mp,spipyr,6,,,,143.8,1.134,,
22-Jun,mp,spipyr,7,,,,131.2,1.091,,
22-Jun,mp,spipyr,8,,,,125.4,0.848,,
26-Jun,mp,spipyr,9,,,,84.9,0.815,,
26-Jun,mp,spipyr,10,,,,120,0.635,,
23-Jun,mp,symalb,1,,,,101.5,0.65,,
25-Jun,mp,symalb,3,,,,100.3,0.701,,
26-Jun,mp,symalb,4,,,,109.2,0.582,,
25-Jun,mp,symalb,5,,,,78,0.616,,
23-Jun,mp,symalb,6,,,,109.6,0.532,,
25-Jun,mp,symalb,7,,,,97.5,0.584,,
25-Jun,mp,symalb,8,,,,146.1,1.114,,
22-Jun,mp,symalb,9,,,,74,0.804,,
22-Jun,mp,symalb,10,,,,77,0.636,,
26-Jun,mp,symalb,11,,,,100.3,0.687,0.778,0.768
26-Jun,mp,vacmem,1,,,,101,0.874,,
23-Jun,mp,vacmem,3,,,,102.7,1.202,1.169,
23-Jun,mp,vacmem,4,,,,108.2,1.297,,
23-Jun,mp,vacmem,5,,,,82.5,0.737,,
25-Jun,mp,vacmem,5,,,,99.2,0.821,,
25-Jun,mp,vacmem,7,,,,113.3,0.952,,
26-Jun,mp,vacmem,8,,,,70.1,0.662,,
26-Jun,mp,vacmem,8,,,,106.9,1.771,,
23-Jun,mp,vacmem,9,,,,53,0.417,,
22-Jun,mp,vacmem,11,,,,86.5,0.869,,
23-Jun,mp,vacmem,12,,,,83.9,0.714,,
23-Jun,mp,vibedu,2,,,,232.6,1.22,,
23-Jun,mp,vibedu,4,,,,161.5,10.5,,
26-Jun,mp,vibedu,5,,,,431,3.931,,
22-Jun,mp,vibedu,7,,,,217.2,1.75,,
26-Jun,mp,vibedu,8,,,,172.3,1.086,,
22-Jun,mp,vibedu,9,,,,133.1,0.879,,
22-Jun,mp,vibedu,10,,,,260.4,1.248,,
23-Jun,mp,vibedu,12,,,,146.1,1.087,,
26-Jun,mp,vibedu,13,,,,256.1,1.306,,
26-Jun,mp,vibedu,14,,,,261,1.183,2.084,
30-May,sm,acegla,2,,10,7,,0.524,,
04-Jun,sm,acegla,3,,7,6,,16.1,9.7,12.6
01-Jun,sm,acegla,7,,10,5,,7.1,,
01-Jun,sm,acegla,8,,14,7,,1.26,,
29-May,sm,acegla,9,,11,13,,5,,
29-May,sm,acegla,10,,11,12,,24,29.9,14.9
30-May,sm,acegla,11,,7,6,,2.2,,
01-Jun,sm,acegla,13,,11,8,,13.6,10.6,4.5
01-Jun,sm,acegla,14,,9,7,,0.65,,
01-Jun,sm,acegla,15,,16,12,,9.9,,
01-Jun,sm,alninc,1,,9,8,,6.1,,
03-Jun,sm,alninc,1,,8,6,,7.5,,
01-Jun,sm,alninc,2,,9,7,,8.5,,
01-Jun,sm,alninc,3,,7,6,,6.4,,
01-Jun,sm,alninc,4,,10,7,,6.2,,
01-Jun,sm,alninc,5,,12,8,,7.3,8.3,3.4
30-May,sm,alninc,8,,9,6,,26.9,15.7,11.9
05-Jun,sm,alninc,19,,7,3,,7.5,6.5,5.3
05-Jun,sm,alninc,20,,11,7,,10.9,7.3,6.5
30-May,sm,alnvir,1,,11,8,,26.4,22.2,24.1
03-Jun,sm,alnvir,1,,6,5,,6.4,3.7,2.4
03-Jun,sm,alnvir,2,,,,4.13,2.1,2.4,2
03-Jun,sm,alnvir,2,,7,6,,4.5,3.1,3.1
04-Jun,sm,alnvir,6,,,,296.3,1.221,1.234,1.123
30-May,sm,alnvir,7,,10,7,,26.7,16.8,8.3
29-May,sm,alnvir,8,,6,7,,3.5,4.1,3.5
03-Jun,sm,alnvir,9,,5,4.18,,5.8,5.3,6.9
03-Jun,sm,alnvir,10,,,,5.22,5,5.7,6.2
05-Jun,sm,alnvir,16,,,,407.9,3.8,3.2,3
05-Jun,sm,alnvir,17,,5,2,,3.7,3.4,3
05-Jun,sm,alnvir,18,,,,445.2,3.1,3.5,3.6
04-Jun,sm,alnvir,19,,,,331.7,3.445,3.62,2.934
04-Jun,sm,alnvir,20,,7,7,,6.5,5.9,5.4
31-May,sm,amealn,1,,9,7,,6.7,6.3,8.6
29-May,sm,amealn,2,,,,293,2.04,,
31-May,sm,amealn,3,,6,5,,3,3,3
31-May,sm,amealn,4,,4,3,,3.1,,
31-May,sm,amealn,5,,9,8,,3.4,,
31-May,sm,amealn,6,,12,10,,5.1,4.3,4.1
31-May,sm,amealn,7,,4,3,,3.3,,
29-May,sm,amealn,9,,,,353.5,2.39,,
29-May,sm,amealn,10,,,,215.1,1.66,,
29-May,sm,amelan,8,,,,320.2,2.48,,
31-May,sm,betpap,1,,12,7,,19,,
30-May,sm,betpap,2,,15,10,,8.6,,
30-May,sm,betpap,4,,15,11,,16.9,,
01-Jun,sm,betpap,5,,13,8,,12.7,,
01-Jun,sm,betpap,6,,14,17,,12.9,,
30-May,sm,betpap,7,,17,15,,27.3,,
29-May,sm,betpap,8,,13,17,,30.1,,
29-May,sm,betpap,9,,13,17,,21.3,,
29-May,sm,betpap,10,,14,18,,21.9,,
29-May,sm,betpap,13,,7,9,,13.1,,
01-Jun,sm,betpap,7_2,,15,8,,1.92,,
30-May,sm,corsto,2,,,,107.4,0.879,,
30-May,sm,corsto,3,,,,150,1.214,,
30-May,sm,corsto,4,,,,181.7,1.261,,
30-May,sm,corsto,5,,,,143,0.873,,
01-Jun,sm,corsto,6,,,,191,1.704,,
01-Jun,sm,corsto,7,,,,265.5,1.415,,
01-Jun,sm,corsto,8,,,,192.5,1.316,,
01-Jun,sm,corsto,10,,,,226.6,2,,
29-May,sm,corsto,11,,,,300.2,2.26,,
01-Jun,sm,corsto,12,,,,266,2.005,,
01-Jun,sm,corsto,13,,,,199.5,1.383,,
01-Jun,sm,corsto,14,,,,250.5,1.707,,
31-May,sm,loninv,1,,,,176.7,1.464,,
31-May,sm,loninv,2,,,,142.5,0.902,,
01-Jun,sm,loninv,3,,,,119.7,0.978,,
03-Jun,sm,loninv,4,,,,131.6,1.612,,
04-Jun,sm,loninv,5,,,,221.4,2.573,,
29-May,sm,loninv,6,,,,215.1,2.01,,
30-May,sm,loninv,7,,,,190.2,1.245,,
30-May,sm,loninv,8,,,,134.2,0.902,,
30-May,sm,loninv,9,,,,183.4,1.398,,
04-Jun,sm,loninv,11,,,,152.1,2.317,,
,sm,menfer,2,888.5,,,,,,
03-Jun,sm,menfer,4,676.6,,,160.3,1.935,1.685,1.637
03-Jun,sm,menfer,6,825.7,,,189.5,1.233,0.997,0.934
03-Jun,sm,menfer,7,,,,200.6,1.78,1.255,1.323
03-Jun,sm,menfer,8,1072.9,,,277.6,2.532,1.865,2.672
03-Jun,sm,menfer,9,,,,267.5,3.023,3.151,2.584
04-Jun,sm,menfer,10,547.7,,,109.5,1.382,1.372,0.939
04-Jun,sm,menfer,11,482.4,,,217.2,1.529,1.663,1.468
04-Jun,sm,menfer,12,555.2,,,221.4,1.847,1.72,1.98
04-Jun,sm,menfer,13,656.7,,,203.8,1.813,1.592,1.434
04-Jun,sm,menfer,14,562.8,,,178.9,2.498,1.839,1.784
30-May,sm,popbal,1,,,,317.6,2,,
04-Jun,sm,popbal,3,,24,16,,37,,
04-Jun,sm,popbal,5,,28,38,,88.9,,
04-Jun,sm,popbal,6,,22,14,,53.2,,
30-May,sm,popbal,8,,12,10,,11.1,,
04-Jun,sm,popbal,9,,25,12,,53.4,,
01-Jun,sm,popbal,10,,16,7,,15.9,,
04-Jun,sm,popbal,11,,15,8,,12.8,23.3,
04-Jun,sm,popbal,12,,16,11,,25.5,24.4,23.3
04-Jun,sm,popbal,20,,24,16,,28.2,,
04-Jun,sm,poptre,2,1623.6,13,11,,10.7,,
04-Jun,sm,poptre,3,1844,8,6,,7.2,,
04-Jun,sm,poptre,4,1804.7,17,12,,26,8.8,119.2
04-Jun,sm,poptre,5,1337.7,8,7,,9.5,,
31-May,sm,poptre,7,1987,7,5,,7.2,,
31-May,sm,poptre,10,,9,7,,9.8,,
31-May,sm,poptre,11,2393.3,8,6,,10.9,,
31-May,sm,poptre,12,2452,7,5,,13.7,,
31-May,sm,poptre,13,2815.2,14,8,,27.4,,
31-May,sm,poptre,14,3319.3,9,7,,15.9,,
03-Jun,sm,poptre,15,2162.9,9,8,,8,,
03-Jun,sm,poptre,16,1924.1,13,8,,17.1,,
03-Jun,sm,poptre,17,1389.9,7,4,,7.5,,
04-Jun,sm,poptre,18,1298.3,7,5,,5.9,,
04-Jun,sm,poptre,19,1455.1,10,8,,12.6,,
31-May,sm,rhoalb,1,,8,7,,3.4,,
30-May,sm,rhoalb,2,,5,3,,2.6,,
30-May,sm,rhoalb,3,,10,8,,4.7,,
30-May,sm,rhoalb,4,,10,7,,6,,
31-May,sm,rhoalb,5,,8,7,,3.5,,
31-May,sm,rhoalb,6,,6,5,,4.5,,
31-May,sm,rhoalb,7,,4,3,,4.5,,
31-May,sm,rhoalb,8,,6,4,,4.6,,
31-May,sm,rhoalb,9,,5,3,,6.4,,
31-May,sm,rhoalb,10,,8,7,,5.1,,
31-May,sm,riblac,2,,,,156.2,1.591,1.392,3.043
31-May,sm,riblac,3,,,,191,1.315,1.479,1.553
03-Jun,sm,riblac,5,,,,145.2,1.021,,
03-Jun,sm,riblac,6,,,,113.4,0.838,,
03-Jun,sm,riblac,7,,,,148.3,0.816,,
04-Jun,sm,riblac,8,883.7,,,55.6,0.577,0.703,0.831
31-May,sm,riblac,9,,,,148.3,0.678,,
04-Jun,sm,riblac,10,1145.3,,,112.8,0.613,,
03-Jun,sm,riblac,11,1547.8,,,94.8,0.706,,
03-Jun,sm,riblac,12,811.6,,,102.6,0.934,,
04-Jun,sm,riblac,12_2,757.9,,,75.7,0.597,,
31-May,sm,rosaci,1,1329.8,,,188.1,1.566,,
31-May,sm,rosaci,2,1705.3,,,218.1,2.29,,
01-Jun,sm,rosaci,3,741.8,,,130,0.755,,
29-May,sm,rosaci,4,659.7,,,161.2,1.5,,
31-May,sm,rosaci,5,2217.8,,,250.1,1.64,,
01-Jun,sm,rosaci,6,434.6,,,137,1.177,,
29-May,sm,rosaci,7,1125.9,,,160,1.43,,
29-May,sm,rosaci,8,819.3,,,197.2,1.88,,
29-May,sm,rosaci,9,1052.3,,,184.2,1.97,,
29-May,sm,rosaci,10,1293.8,,,174.5,1.4,,
05-Jun,sm,rosaci,20,483,,,173.4,1.119,,
03-Jun,sm,rubpar,1,521.8,,,86.7,0.87,,
03-Jun,sm,rubpar,2,306.9,,,99.3,0.723,,
03-Jun,sm,rubpar,3,599.9,,,90.3,0.703,,
29-May,sm,rubpar,4,554.7,,,94.1,0.7,,
29-May,sm,rubpar,5,1014.9,,,102.3,0.92,,
30-May,sm,rubpar,6,831.3,,,78.9,0.65,,
29-May,sm,rubpar,7,1194.9,,,88.8,,,
01-Jun,sm,rubpar,8,447.8,,,73.7,0.647,,
01-Jun,sm,rubpar,9,689.1,,,79.5,0.602,,
29-May,sm,rubpar,10,843.2,,,66.4,,,
31-May,sm,rubspe,1,845.1,,,104.4,0.694,,
31-May,sm,rubspe,2,573.1,,,88.9,0.528,,
04-Jun,sm,rubspe,5,679.7,,,100.1,0.637,,
31-May,sm,rubspe,6,597.2,,,106.5,0.665,,
31-May,sm,rubspe,7,717.9,,,100.4,0.53,,
31-May,sm,rubspe,8,661.9,,,93.7,0.544,,
31-May,sm,rubspe,9,727.7,,,105,0.593,,
31-May,sm,rubspe,10,639.5,,,90,0.575,,
03-Jun,sm,rubspe,11,566.1,,,195.5,0.808,,
03-Jun,sm,rubspe,12,1347.5,,,137.3,0.825,,
03-Jun,sm,samrac,2,714.3,,,276.1,2.857,4.518,4.988
04-Jun,sm,samrac,3,351.5,,,186.4,3.244,,
03-Jun,sm,samrac,4,886,,,187,3.972,,
03-Jun,sm,samrac,5,545.1,,,185.4,1.916,3.356,
03-Jun,sm,samrac,6,627.8,,,180.6,2.554,1.941,1.938
03-Jun,sm,samrac,7,513,,,207.5,4.739,3.948,2.963
04-Jun,sm,samrac,8,791.2,,,209.6,3.018,2.132,2.739
04-Jun,sm,samrac,9,710.5,,,44.8,1.843,1.948,
04-Jun,sm,samrac,10,696.9,,,279,3.973,3.728,3.201
04-Jun,sm,samrac,11,852.8,,,276,2.535,3.319,2.42
30-May,sm,shecan,1,900.2,,,124.6,2.468,,
05-Jun,sm,shecan,5,1109.5,,,127.9,1.483,1.26,1.311
01-Jun,sm,shecan,6,1685.6,,,135.7,2.627,,
01-Jun,sm,shecan,7,1191.4,,,181.2,1.935,,
01-Jun,sm,shecan,8,1363.9,,,137.6,2.125,,
01-Jun,sm,shecan,9,1288.5,13,8,,3.968,,
01-Jun,sm,shecan,10,1152.6,,,224.6,3.436,,
01-Jun,sm,shecan,11,850.9,,,164.3,1.768,,
01-Jun,sm,shecan,12,1432.1,,,121.5,1.241,,
05-Jun,sm,shecan,16,753.4,,,173.5,26.7,,
30-May,sm,sorsco,1,,,,555.8,3.8,,
30-May,sm,sorsco,4,,,,200.4,1.74,,
01-Jun,sm,sorsco,5,,,,229.7,1.738,,
03-Jun,sm,sorsco,6,,,,449.6,2.1,,
01-Jun,sm,sorsco,7,,6,5,,2.628,,
04-Jun,sm,sorsco,9,,9,8,,6.1,6.9,6.6
04-Jun,sm,sorsco,10,,,,270.6,3.7,5.6,4.8
01-Jun,sm,sorsco,11,,7,6,,6.3,,
03-Jun,sm,sorsco,12,,,,333.8,2.9,4,
04-Jun,sm,sorsco,12_02,,5,3,,3.7,5.7,3.5
29-May,sm,spibet,1,,,,48.9,,,
29-May,sm,spibet,2,,,,50.6,,,
29-May,sm,spibet,3,,,,58.2,,,
29-May,sm,spibet,4,,,,55.4,,,
29-May,sm,spibet,5,,,,65.9,,,
29-May,sm,spibet,6,,,,77.1,,,
29-May,sm,spibet,7,,,,90.5,,,
29-May,sm,spibet,8,,,,64.7,,,
29-May,sm,spibet,9,,,,61.7,,,
29-May,sm,spibet,10,,,,75.5,,,
31-May,sm,spidou,1,,,,73.5,0.654,,
31-May,sm,spidou,2,,,,96.5,0.772,,
31-May,sm,spidou,3,,,,73.1,0.553,,
31-May,sm,spidou,4,,,,91.4,0.925,,
31-May,sm,spidou,5,,,,94.8,0.894,,
31-May,sm,spidou,6,,,,77.1,0.86,,
31-May,sm,spidou,7,,,,55.5,0.483,,
31-May,sm,spidou,8,,,,57.3,0.435,,
31-May,sm,spidou,9,,,,63.9,0.568,,
31-May,sm,spidou,10,,,,93.6,0.832,,
01-Jun,sm,spipyr,1,,,,101.2,0.838,,
01-Jun,sm,spipyr,2,,,,87.1,0.674,,
01-Jun,sm,spipyr,3,,,,99.6,0.82,,
01-Jun,sm,spipyr,4,,,,67.7,0.562,,
01-Jun,sm,spipyr,5,,,,90.7,0.647,,
01-Jun,sm,spipyr,6,,,,96.1,0.585,,
01-Jun,sm,spipyr,7,,,,72.8,0.625,,
01-Jun,sm,spipyr,8,,,,11.5,0.658,,
01-Jun,sm,spipyr,9,,,,136.3,0.972,,
01-Jun,sm,spipyr,10,,,,104.5,0.513,,
04-Jun,sm,symalb,2,,,,155.2,1.607,1.718,1.932
29-May,sm,symalb,4,,,,139.3,1.14,,
31-May,sm,symalb,5,,,,105.1,1.099,,
31-May,sm,symalb,6,,,,138.7,1.217,,
30-May,sm,symalb,7,,,,149,1.176,0.956,
01-Jun,sm,symalb,8,,,,128.4,1.178,,
31-May,sm,symalb,9,,,,113.7,0.915,,
29-May,sm,symalb,11,,,,127.1,1.27,,
01-Jun,sm,symalb,12,,,,108.5,0.735,,
04-Jun,sm,symalb,12_02,,,,87.6,0.748,,
04-Jun,sm,symalb,9_02,,,,160.2,1.511,1.069,1.261
03-Jun,sm,vacmem,1,,,,68.9,0.73,,
03-Jun,sm,vacmem,2,,,,76.1,0.785,,
03-Jun,sm,vacmem,3,,,,64.6,0.692,,
03-Jun,sm,vacmem,4,,,,75.8,0.846,,
03-Jun,sm,vacmem,5,,,,55.6,0.665,,
03-Jun,sm,vacmem,6,,,,59.5,0.475,,
03-Jun,sm,vacmem,7,,,,47,0.44,,
04-Jun,sm,vacmem,8,,,,60.9,0.748,,
04-Jun,sm,vacmem,9,,,,55,0.878,,
04-Jun,sm,vacmem,10,,,,56.9,0.772,,
30-May,sm,vibedu,1,,,,107.8,0.768,,
03-Jun,sm,vibedu,5,,,,143.5,0.659,,
29-May,sm,vibedu,7,,,,235,1.72,,
31-May,sm,vibedu,8,,,,131.6,0.898,,
30-May,sm,vibedu,9,,,,176.1,1.26,,
30-May,sm,vibedu,10,,,,143.4,8.73,,
29-May,sm,vibedu,12,,,,160.4,1.37,,
05-Jun,sm,vibedu,19,,,,191.1,1.669,,
05-Jun,sm,vibedu,20,,,,193.6,1.913,,
04-Jun,sm,vibedu,11_02,,,,196.8,1.004,,