date,site,species,no,dist.top,dist.btm,ht,dbh,dbh2,dbh3
03-Jul,afrf,acegla,1,NA,NA,289.4,1.881,NA,NA
11-Jun,afrf,acegla,3,7,5,637.8979486,9.3,2,NA
13-Jun,afrf,acegla,5,8,6,677.1502622,3,3.4,3.2
13-Jun,afrf,acegla,6,9,6,818.8203932,4.2,8.2,3.2
13-Jun,afrf,acegla,7,9,7,713.6854249,5.1,6.9,9
13-Jun,afrf,acegla,8,8,6,677.1502622,6.5,7.5,5.9
13-Jun,afrf,acegla,9,7,4,722.4562647,4.5,6.5,7
13-Jun,afrf,acegla,10,NA,NA,489.6,2.7,4.2,4.3
02-Jul,afrf,acegla,11,NA,NA,466.6,2.411,NA,NA
02-Jul,afrf,acegla,12,NA,NA,335.9,1.632,NA,NA
29-Jul,kl,acegla,1,6,5,479.662479,40.8,5.136,4.69
26-Jul,kl,acegla,3,NA,NA,470.3,2.546,2.037,NA
24-Jul,kl,acegla,4,7,6,508.5551275,13.1,NA,NA
24-Jul,kl,acegla,5,11,6,1069.954446,9.6,6.9,NA
24-Jul,kl,acegla,6,7,6,508.5551275,6.1,NA,NA
24-Jul,kl,acegla,7,12,6,1187.230485,6.5,8.4,8.1
25-Jul,kl,acegla,8,11,9,780.455532,6.143,8.48,7.224
28-Jul,kl,acegla,9,7,6,508.5551275,4.034,NA,NA
28-Jul,kl,acegla,10,NA,NA,NA,10.6,NA,NA
30-Jul,kl,acegla,11,10,7,862.1428429,5.3,3.4,2.2
25-Jun,mp,acegla,1,NA,NA,554.4,2.778,5.005,1.585
25-Jun,mp,acegla,2,NA,NA,267.6,1.126,NA,NA
26-Jun,mp,acegla,3,NA,NA,638.8,3.3,3.4,2.1
26-Jun,mp,acegla,4,NA,NA,336.1,1.959,1.595,1.44
26-Jun,mp,acegla,5,6,5,479.662479,6.2,3.5,3
23-Jun,mp,acegla,7,7,5,637.8979486,4.482,7.672,7.287
23-Jun,mp,acegla,8,7,5,637.8979486,3.5,NA,NA
23-Jun,mp,acegla,9,6,5,479.662479,3.3,NA,NA
23-Jun,mp,acegla,10,7,5,637.8979486,4.7,3.7,NA
26-Jun,mp,acegla,10,7,6,508.5551275,8.2,8.5,11.5
25-Jun,mp,acegla,11,NA,NA,354.3,2.016,NA,NA
30-May,sm,acegla,2,10,7,862.1428429,0.524,NA,NA
04-Jun,sm,acegla,3,7,6,508.5551275,16.1,9.7,12.6
01-Jun,sm,acegla,7,10,5,1014.025404,7.1,NA,NA
01-Jun,sm,acegla,8,14,7,1360.435565,1.26,NA,NA
29-May,sm,acegla,9,13,11,840.820323,5,NA,NA
29-May,sm,acegla,10,12,11,627.5831523,24,29.9,14.9
30-May,sm,acegla,11,7,6,508.5551275,2.2,NA,NA
01-Jun,sm,acegla,13,11,8,902.9834435,13.6,10.6,4.5
01-Jun,sm,acegla,14,9,7,713.6854249,0.65,NA,NA
01-Jun,sm,acegla,15,16,12,1206.300524,9.9,NA,NA
11-Jun,afrf,alninc,1,NA,NA,284.5,2.1,NA,NA
02-Jul,afrf,alninc,1,NA,NA,233.4,0.816,1.525,NA
02-Jul,afrf,alninc,5,5,3,548,2.655,4.354,NA
03-Jul,afrf,alninc,6,8,6,677.1502622,7.8,8.9,7.2
03-Jul,afrf,alninc,7,8,7,535.2983346,4.2,5.5,4.3
11-Jun,afrf,alninc,9,6,5,479.662479,4.7,NA,NA
11-Jun,afrf,alninc,10,10,9,583.8898944,3.4,3.5,4.2
04-Jul,afrf,alninc,12,6,3,667.6152423,4.644,3.848,3.295
04-Jul,afrf,alninc,13,7,5,637.8979486,3.385,5.925,3.35
04-Jul,afrf,alninc,14,NA,NA,319.2,1.947,1.721,NA
12-Jun,afrf,alninc,20,NA,NA,465.3,4.1,3.3,2.8
25-Jul,kl,alninc,1,NA,NA,451.8,3.557,2.765,2.058
25-Jul,kl,alninc,2,6,5,479.662479,3.575,4.041,3.482
25-Jul,kl,alninc,3,9,7,713.6854249,8.644,2.392,NA
25-Jul,kl,alninc,4,7,6,508.5551275,2.948,3.424,1.496
23-Jun,mp,alninc,1,4,2,494.4101615,3,4,3.5
26-Jun,mp,alninc,2,NA,NA,314.5,2.6,3,NA
23-Jun,mp,alninc,3,6,3,667.6152423,5,5.4,6.1
26-Jun,mp,alninc,4,6,5,479.662479,8.1,6.4,NA
22-Jun,mp,alninc,5,NA,NA,447.4,4,NA,NA
23-Jun,mp,alninc,6,5,4,448,5.9,4.8,2.4
23-Jun,mp,alninc,7,7,5,637.8979486,5.3,5.8,4
23-Jun,mp,alninc,8,6,NA,NA,7.4,5.1,3.4
22-Jun,mp,alninc,9,NA,NA,464.8,2.7,NA,NA
22-Jun,mp,alninc,10,9,7,713.6854249,6.8,5.9,8.5
01-Jun,sm,alninc,1,9,8,560.3105626,6.1,NA,NA
03-Jun,sm,alninc,1_June3,8,6,677.1502622,7.5,NA,NA
01-Jun,sm,alninc,2,9,7,713.6854249,8.5,NA,NA
01-Jun,sm,alninc,3,7,6,508.5551275,6.4,NA,NA
01-Jun,sm,alninc,4,10,7,862.1428429,6.2,NA,NA
01-Jun,sm,alninc,5,12,8,1042.427191,7.3,8.3,3.4
30-May,sm,alninc,8,9,6,818.8203932,26.9,15.7,11.9
05-Jun,sm,alninc,19,7,3,780.455532,7.5,6.5,5.3
05-Jun,sm,alninc,20,11,7,996.5281374,10.9,7.3,6.5
28-Jul,kl,alnrub,1,9,7,713.6854249,6.5,NA,NA
28-Jul,kl,alnrub,2,7,5,637.8979486,6.5,NA,NA
28-Jul,kl,alnrub,3,12,10,811.3249581,11.1,NA,NA
28-Jul,kl,alnrub,4,16,12,1206.300524,17.7,NA,NA
28-Jul,kl,alnrub,5,11,10,606.2575695,10.4,NA,NA
28-Jul,kl,alnrub,6,9,3,996.5281374,6.7,NA,NA
28-Jul,kl,alnrub,7,9,8,560.3105626,9.9,NA,NA
28-Jul,kl,alnrub,8,10,8,748,7.5,6,NA
28-Jul,kl,alnrub,9,8,3.5,867.3747285,10.1,NA,NA
28-Jul,kl,alnrub,10,9,4,954.2257748,9.8,NA,NA
22-Jun,mp,alnrub,5,12,9,941.7253933,25.7,NA,NA
22-Jun,mp,alnrub,6,5,4,448,5.3,NA,NA
22-Jun,mp,alnrub,7,8,5,772.4997998,8,NA,NA
02-Jul,afrf,alnvir,1,NA,NA,233.4,0.816,1.525,NA
02-Jul,afrf,alnvir,2,NA,NA,311,1.509,1.382,1.231
02-Jul,afrf,alnvir,3,NA,NA,338.5,1.692,2.055,1.509
02-Jul,afrf,alnvir,4,NA,NA,333.4,1.317,1.24,1.42
02-Jul,afrf,alnvir,5,NA,NA,217.6,1.294,0.915,0.888
02-Jul,afrf,alnvir,11,NA,NA,348.6,1.924,1.328,0.865
02-Jul,afrf,alnvir,12,NA,NA,339.6,1.409,1.232,1.17
04-Jul,afrf,alnvir,13,NA,NA,276.5,1.928,1.953,3.163
04-Jul,afrf,alnvir,14,NA,NA,396.4,2.588,1.821,1.764
12-Jun,afrf,alnvir,20,NA,NA,439.2,4,5.2,4.5
26-Jul,kl,alnvir,2,NA,NA,350.4,2.833,3.633,3.268
26-Jul,kl,alnvir,3,NA,NA,360.1,1.582,1.764,1.861
24-Jul,kl,alnvir,5,NA,NA,170.6,1.756,2,1.953
24-Jul,kl,alnvir,6,NA,NA,174.9,2.288,1.396,1.929
25-Jul,kl,alnvir,7,NA,NA,314.8,1.758,2.252,1.074
26-Jul,kl,alnvir,8,NA,NA,307.4,1.828,1.296,1.464
28-Jul,kl,alnvir,9,5,4,448,3.809,2.552,2.27
28-Jul,kl,alnvir,10,NA,NA,481.1,4.339,4.582,3.381
28-Jul,kl,alnvir,11,NA,NA,452.6,3.174,2.26,2.133
28-Jul,kl,alnvir,12,NA,NA,870.4,2.825,2.24,2.688
25-Jun,mp,alnvir,1,NA,NA,338.6,1.7,1.7,2
25-Jun,mp,alnvir,2,NA,NA,491.1,3.7,3.1,3.3
25-Jun,mp,alnvir,3,NA,NA,252.4,2.4,2.5,2
26-Jun,mp,alnvir,4,NA,NA,474,9.1,NA,NA
26-Jun,mp,alnvir,5,NA,NA,377.6,3,2.1,1.7
22-Jun,mp,alnvir,6,8,7,535.2983346,6.5,NA,NA
22-Jun,mp,alnvir,7,NA,NA,513.8,6,5.2,5.1
22-Jun,mp,alnvir,8,NA,NA,285.1,1.321,NA,NA
25-Jun,mp,alnvir,9,NA,NA,336.4,2.743,7.978,NA
26-Jun,mp,alnvir,10,NA,NA,663.8,7.2,10.6,9.6
30-May,sm,alnvir,1,11,8,902.9834435,26.4,22.2,24.1
03-Jun,sm,alnvir,1_June3,6,5,479.662479,6.4,3.7,2.4
03-Jun,sm,alnvir,2,NA,NA,413,2.1,2.4,2
03-Jun,sm,alnvir,2_2,7,6,508.5551275,4.5,3.1,3.1
04-Jun,sm,alnvir,6,NA,NA,296.3,1.221,1.234,1.123
30-May,sm,alnvir,7,10,7,862.1428429,26.7,16.8,8.3
29-May,sm,alnvir,8,7,6,508.5551275,3.5,4.1,3.5
03-Jun,sm,alnvir,9,5,4.18,422.3647208,5.8,5.3,6.9
03-Jun,sm,alnvir,10,NA,NA,522,5,5.7,6.2
05-Jun,sm,alnvir,16,NA,NA,407.9,3.8,3.2,3
05-Jun,sm,alnvir,17,5,2,606.2575695,3.7,3.4,3
05-Jun,sm,alnvir,18,NA,NA,445.2,3.1,3.5,3.6
04-Jun,sm,alnvir,19,NA,NA,331.7,3.445,3.62,2.934
04-Jun,sm,alnvir,20,7,7,148,6.5,5.9,5.4
11-Jun,afrf,amealn,1,NA,NA,180.7,1.588,1.312,1.13
11-Jun,afrf,amealn,2,NA,NA,157.7,1.183,NA,NA
11-Jun,afrf,amealn,3,NA,NA,234.2,1.986,NA,NA
11-Jun,afrf,amealn,5,NA,NA,210.4,2.357,NA,NA
02-Jul,afrf,amealn,6,NA,NA,274.7,1.536,NA,NA
02-Jul,afrf,amealn,7,NA,NA,243.4,1.432,1.036,NA
02-Jul,afrf,amealn,8,NA,NA,204.6,1.238,1.387,1.034
02-Jul,afrf,amealn,9,NA,NA,182.1,1.293,NA,NA
02-Jul,afrf,amealn,10,NA,NA,198,1.095,NA,NA
02-Jul,afrf,amealn,12,NA,NA,364.2,1.002,NA,NA
29-Jul,kl,amealn,1,NA,NA,357.3,3.137,1.981,0.922
29-Jul,kl,amealn,2,NA,NA,521,3.368,NA,NA
29-Jul,kl,amealn,3,NA,NA,529.6,3.835,NA,NA
24-Jul,kl,amealn,4,NA,NA,381.2,1.66,1.511,1.539
26-Jul,kl,amealn,5,NA,NA,233.9,1.48,NA,NA
26-Jul,kl,amealn,6,NA,NA,350.2,2.612,NA,NA
26-Jul,kl,amealn,7,NA,NA,286.3,1.931,NA,NA
26-Jul,kl,amealn,8,7,5,637.8979486,3.464,2.252,1.985
28-Jul,kl,amealn,9,NA,NA,217.5,2.062,NA,NA
28-Jul,kl,amealn,10,NA,NA,213.4,2.259,NA,NA
23-Jun,mp,amealn,1,NA,NA,142.6,1.308,1.324,1.721
25-Jun,mp,amealn,2,NA,NA,45.8,1.374,1.529,1.738
23-Jun,mp,amealn,3,NA,NA,282.6,1.917,2.21,NA
23-Jun,mp,amealn,4,NA,NA,192.1,1.416,1.342,0.965
25-Jun,mp,amealn,5,NA,NA,198.2,1.776,NA,NA
25-Jun,mp,amealn,6,NA,NA,280.3,2.205,3.361,2.652
25-Jun,mp,amealn,7,NA,NA,228.9,2.524,3.555,2.519
23-Jun,mp,amealn,8,NA,NA,246.4,1.915,1.953,1.72
23-Jun,mp,amealn,9,NA,NA,224.8,3.767,2.676,3.091
23-Jun,mp,amealn,10,NA,NA,297.4,3.107,NA,NA
25-Jun,mp,amealn,11,NA,NA,441.4,2.4,2.6,2.7
22-Jun,mp,amealn,12,NA,NA,406.8,3.4,NA,NA
31-May,sm,amealn,1,9,7,713.6854249,6.7,6.3,8.6
29-May,sm,amealn,2,NA,NA,293,2.04,NA,NA
31-May,sm,amealn,3,6,5,479.662479,3,3,3
31-May,sm,amealn,4,4,3,412.5751311,3.1,NA,NA
31-May,sm,amealn,5,9,8,560.3105626,3.4,NA,NA
31-May,sm,amealn,6,12,10,811.3249581,5.1,4.3,4.1
31-May,sm,amealn,7,4,3,412.5751311,3.3,NA,NA
29-May,sm,amealn,9,NA,NA,353.5,2.39,NA,NA
29-May,sm,amealn,10,NA,NA,215.1,1.66,NA,NA
29-May,sm,amelan,8,NA,NA,320.2,2.48,NA,NA
11-Jun,afrf,betpap,1,19,14,1432.523258,36.9,NA,NA
12-Jun,afrf,betpap,3,13,8,1172.695077,10.5,NA,NA
12-Jun,afrf,betpap,4,12,8,1042.427191,18,NA,NA
12-Jun,afrf,betpap,5,14,7,1360.435565,18.5,NA,NA
11-Jun,afrf,betpap,7,12,10,811.3249581,10,NA,NA
11-Jun,afrf,betpap,8,13,8,1172.695077,12.6,NA,NA
11-Jun,afrf,betpap,9,14,11,1014.025404,12.9,NA,NA
11-Jun,afrf,betpap,10,10,8,748,9.9,NA,NA
11-Jun,afrf,betpap,11,20,14,1576.285686,33.1,NA,NA
12-Jun,afrf,betpap,2_02,12,9,941.7253933,9.9,NA,NA
29-Jul,kl,betpap,5,19,16,1172.695077,12.7,7.9,NA
24-Jul,kl,betpap,6,15,12,1048,9.8,NA,NA
24-Jul,kl,betpap,7,15,9,1348,11.9,NA,NA
24-Jul,kl,betpap,8,14,10,1127.795897,15.5,NA,NA
26-Jul,kl,betpap,9,17,12,1352.159458,17.1,14.9,9.9
28-Jul,kl,betpap,9_02,23,16,1800.271164,29.7,8.4,NA
28-Jul,kl,betpap,10,16,12,1206.300524,13.3,NA,NA
28-Jul,kl,betpap,11,11,5,1127.795897,8.2,NA,NA
28-Jul,kl,betpap,12,11,9,780.455532,10.4,NA,NA
29-Jul,kl,betpap,13,25,18,1882.935157,30.3,NA,NA
29-Jul,kl,betpap,14,19,14,1432.523258,23.3,18.6,NA
31-May,sm,betpap,1,12,7,1122.679434,19,NA,NA
30-May,sm,betpap,2,15,10,1266.033989,8.6,NA,NA
30-May,sm,betpap,4,15,11,1167.803903,16.9,NA,NA
01-Jun,sm,betpap,5,13,8,1172.695077,12.7,NA,NA
01-Jun,sm,betpap,6,17,14,1112.365076,12.9,NA,NA
30-May,sm,betpap,7,17,15,948,27.3,NA,NA
29-May,sm,betpap,8,17,13,1243.445115,30.1,NA,NA
29-May,sm,betpap,9,17,13,1243.445115,21.3,NA,NA
29-May,sm,betpap,10,18,14,1279.37085,21.9,NA,NA
29-May,sm,betpap,13,9,7,713.6854249,13.1,NA,NA
01-Jun,sm,betpap,7_2,15,8,1416.857754,1.92,NA,NA
12-Jun,afrf,betpap ,6,13,8,1172.695077,10.6,NA,NA
11-Jun,afrf,corsto,1,NA,NA,131.8,14.1,NA,NA
13-Jun,afrf,corsto,3,NA,NA,363.2,1.534,0.67,NA
11-Jun,afrf,corsto,4,NA,NA,223.1,1.451,NA,NA
11-Jun,afrf,corsto,5,NA,NA,319.8,2.971,NA,NA
02-Jul,afrf,corsto,6,NA,NA,160,1.701,NA,NA
02-Jul,afrf,corsto,7,NA,NA,181,1.809,NA,NA
02-Jul,afrf,corsto,8,NA,NA,161.6,0.954,NA,NA
02-Jul,afrf,corsto,9,NA,NA,273.8,1.124,NA,NA
02-Jul,afrf,corsto,10,NA,NA,232.4,1.732,1.538,NA
03-Jul,afrf,corsto,11,NA,NA,272.4,2.348,NA,NA
26-Jul,kl,corsto,3,NA,NA,351.9,3.183,2.246,2.11
24-Jul,kl,corsto,5,NA,NA,461.8,2.674,NA,NA
24-Jul,kl,corsto,6,NA,NA,480.8,3.2,NA,NA
24-Jul,kl,corsto,7,NA,NA,470.8,4.85,4.612,3.148
25-Jul,kl,corsto,8,NA,NA,215,1.914,NA,NA
25-Jul,kl,corsto,9,NA,NA,276.4,2.39,NA,NA
25-Jul,kl,corsto,10,NA,NA,312.7,3.181,3.748,NA
28-Jul,kl,corsto,11,NA,NA,290.3,3.79,3.949,1.933
28-Jul,kl,corsto,12,NA,NA,334.2,2.696,NA,NA
30-Jul,kl,corsto,13,NA,NA,338.2,2.869,2.002,1.432
23-Jun,mp,corsto,1,NA,NA,186.4,0.833,NA,NA
26-Jun,mp,corsto,2,NA,NA,384.6,1.442,0.91,1.092
26-Jun,mp,corsto,3,NA,NA,297.1,3.665,NA,NA
23-Jun,mp,corsto,5,NA,NA,371.3,2.717,NA,NA
22-Jun,mp,corsto,6,NA,NA,273.6,1.77,NA,NA
22-Jun,mp,corsto,7,NA,NA,231.1,1.129,NA,NA
22-Jun,mp,corsto,8,NA,NA,111.7,1.987,NA,NA
22-Jun,mp,corsto,9,NA,NA,202.3,2.021,NA,NA
22-Jun,mp,corsto,10,NA,NA,347.8,1.574,1.605,1.762
25-Jun,mp,corsto,20,NA,NA,424.8,3.336,1.879,NA
30-May,sm,corsto,2,NA,NA,107.4,0.879,NA,NA
30-May,sm,corsto,3,NA,NA,150,1.214,NA,NA
30-May,sm,corsto,4,NA,NA,181.7,1.261,NA,NA
30-May,sm,corsto,5,NA,NA,143,0.873,NA,NA
01-Jun,sm,corsto,6,NA,NA,191,1.704,NA,NA
01-Jun,sm,corsto,7,NA,NA,265.5,1.415,NA,NA
01-Jun,sm,corsto,8,NA,NA,192.5,1.316,NA,NA
01-Jun,sm,corsto,10,NA,NA,226.6,2,NA,NA
29-May,sm,corsto,11,NA,NA,300.2,2.26,NA,NA
01-Jun,sm,corsto,12,NA,NA,266,2.005,NA,NA
01-Jun,sm,corsto,13,NA,NA,199.5,1.383,NA,NA
01-Jun,sm,corsto,14,NA,NA,250.5,1.707,NA,NA
12-Jun,afrf,loninv,1,NA,NA,123.4,1.275,NA,NA
11-Jun,afrf,loninv,2,NA,NA,117.3,1.164,NA,NA
11-Jun,afrf,loninv,3,NA,NA,139.6,1.201,NA,NA
02-Jul,afrf,loninv,4,NA,NA,122.1,0.721,NA,NA
02-Jul,afrf,loninv,5,NA,NA,120.8,1.198,NA,NA
03-Jul,afrf,loninv,6,NA,NA,140.6,1.111,NA,NA
13-Jun,afrf,loninv,8,NA,NA,106.2,1.007,NA,NA
04-Jul,afrf,loninv,9,NA,NA,179,1.555,NA,NA
03-Jul,afrf,loninv,11,NA,NA,159.2,2.74,1.599,3.474
12-Jun,afrf,loninv,3_02,NA,NA,246.3,2.071,NA,NA
29-Jul,kl,loninv,1,NA,NA,168.2,0.992,NA,NA
29-Jul,kl,loninv,2,NA,NA,161,1.102,NA,NA
26-Jul,kl,loninv,3,NA,NA,205.3,1.256,0.968,NA
26-Jul,kl,loninv,4,NA,NA,139,1.225,NA,NA
24-Jul,kl,loninv,5,NA,NA,102.2,0.761,NA,NA
25-Jul,kl,loninv,6,NA,NA,130.4,1.494,NA,NA
25-Jul,kl,loninv,7,NA,NA,140,1.879,NA,NA
25-Jul,kl,loninv,8,NA,NA,165.7,2.07,1.954,2.223
26-Jul,kl,loninv,9,NA,NA,167.8,1.234,1.177,0.975
26-Jul,kl,loninv,10,NA,NA,200.5,1.889,2.225,1.602
23-Jun,mp,loninv,3,NA,NA,147.6,1.643,NA,NA
25-Jun,mp,loninv,4,NA,NA,164.6,1.421,1.308,NA
25-Jun,mp,loninv,5,NA,NA,119.3,1.285,NA,NA
25-Jun,mp,loninv,6,NA,NA,99.7,1.17,1.262,1.044
25-Jun,mp,loninv,7,NA,NA,228.1,0.961,NA,NA
25-Jun,mp,loninv,8,NA,NA,105.2,0.918,0.83,1.072
23-Jun,mp,loninv,9,NA,NA,160,2.275,NA,NA
23-Jun,mp,loninv,10,NA,NA,111.1,0.655,NA,NA
26-Jun,mp,loninv,11,NA,NA,241.6,1.834,NA,NA
26-Jun,mp,loninv,12,NA,NA,288.1,1.431,NA,NA
26-Jun,mp,loninv,13,NA,NA,170.7,1.214,NA,NA
31-May,sm,loninv,1,NA,NA,176.7,1.464,NA,NA
31-May,sm,loninv,2,NA,NA,142.5,0.902,NA,NA
01-Jun,sm,loninv,3,NA,NA,119.7,0.978,NA,NA
03-Jun,sm,loninv,4,NA,NA,131.6,1.612,NA,NA
04-Jun,sm,loninv,5,NA,NA,221.4,2.573,NA,NA
29-May,sm,loninv,6,NA,NA,215.1,2.01,NA,NA
30-May,sm,loninv,7,NA,NA,190.2,1.245,NA,NA
30-May,sm,loninv,8,NA,NA,134.2,0.902,NA,NA
30-May,sm,loninv,9,NA,NA,183.4,1.398,NA,NA
04-Jun,sm,loninv,11,NA,NA,152.1,2.317,NA,NA
22-Jun,mp,menfer,1,NA,NA,159.3,1.383,NA,NA
26-Jun,mp,menfer,2,NA,NA,166.9,1.77,1.768,1.593
23-Jun,mp,menfer,4,NA,NA,109.7,2.753,1.886,1.882
26-Jun,mp,menfer,5,NA,NA,89.3,0.888,NA,NA
26-Jun,mp,menfer,6,NA,NA,119.2,1.367,1.451,1.357
26-Jun,mp,menfer,7,NA,NA,204.9,2.154,1.363,1.866
22-Jun,mp,menfer,8,NA,NA,224.8,1.73,NA,NA
22-Jun,mp,menfer,9,NA,NA,154.7,1.393,NA,NA
22-Jun,mp,menfer,10,NA,NA,182.3,1.399,NA,NA
23-Jun,mp,menfer,10_02,NA,NA,196.3,1.674,NA,NA
25-Jun,mp,menfer,12,NA,NA,280.2,2.475,1.811,1.853
,sm,menfer,2,NA,NA,NA,NA,NA,NA
03-Jun,sm,menfer,4,NA,NA,160.3,1.935,1.685,1.637
03-Jun,sm,menfer,6,NA,NA,189.5,1.233,0.997,0.934
03-Jun,sm,menfer,7,NA,NA,200.6,1.78,1.255,1.323
03-Jun,sm,menfer,8,NA,NA,277.6,2.532,1.865,2.672
03-Jun,sm,menfer,9,NA,NA,267.5,3.023,3.151,2.584
04-Jun,sm,menfer,10,NA,NA,109.5,1.382,1.372,0.939
04-Jun,sm,menfer,11,NA,NA,217.2,1.529,1.663,1.468
04-Jun,sm,menfer,12,NA,NA,221.4,1.847,1.72,1.98
04-Jun,sm,menfer,13,NA,NA,203.8,1.813,1.592,1.434
04-Jun,sm,menfer,14,NA,NA,178.9,2.498,1.839,1.784
11-Jun,afrf,popbal,1,7,6,508.5551275,6.3,6.5,6.2
11-Jun,afrf,popbal,2,28,21,2000.025918,34.6,NA,NA
12-Jun,afrf,popbal,2,18,12,1489.640786,14.2,NA,NA
11-Jun,afrf,popbal,3,9,7,713.6854249,10.8,NA,NA
02-Jul,afrf,popbal,4,11,8,902.9834435,5.742,NA,NA
02-Jul,afrf,popbal,5,10,8,748,5.96,NA,NA
02-Jul,afrf,popbal,6,7,4,722.4562647,4.672,NA,NA
02-Jul,afrf,popbal,7,6,5,479.662479,4.175,1.496,NA
02-Jul,afrf,popbal,8,6,5,479.662479,2.499,NA,NA
03-Jul,afrf,popbal,9,11,8,902.9834435,9.906,NA,NA
29-Jul,kl,popbal,1,15,12,1048,14.7,NA,NA
29-Jul,kl,popbal,3,22,15,1757.347694,19.5,NA,NA
24-Jul,kl,popbal,4,29,23,1914.352173,32.6,NA,NA
24-Jul,kl,popbal,5,24,18,1735.450787,23.2,NA,NA
24-Jul,kl,popbal,6,21,14,1713.247584,18.5,17.5,21.5
24-Jul,kl,popbal,7,21,14,1713.247584,25.8,NA,NA
24-Jul,kl,popbal,8,21,16,1508.147051,20.5,NA,NA
28-Jul,kl,popbal,9,7,5,637.8979486,7.2,NA,NA
28-Jul,kl,popbal,10,27,23,1562.213562,24,23.5,12.5
28-Jul,kl,popbal,11,16,8,1533.640646,20.1,NA,NA
23-Jun,mp,popbal,6,20,16,1348,23.7,NA,NA
23-Jun,mp,popbal,7,31,24,2110.141687,28.2,27.9,28.9
26-Jun,mp,popbal,8,21,15,1617.693846,42.2,34.1,NA
26-Jun,mp,popbal,9,20,13,1667.868415,46.6,NA,NA
26-Jun,mp,popbal,10,22,14,1845.056275,37.8,NA,NA
22-Jun,mp,popbal,11,21,13,1797.24225,39.4,NA,NA
25-Jun,mp,popbal,12,31,25,1981.030278,52.9,NA,NA
26-Jun,mp,popbal,13,44,29,3457.078422,91.9,NA,NA
26-Jun,mp,popbal,14,37,20,3260.876483,54.9,NA,NA
26-Jun,mp,popbal,15,27,17,2245.617696,22,NA,NA
30-May,sm,popbal,1,NA,NA,317.6,2,NA,NA
04-Jun,sm,popbal,3,24,16,1936.854382,37,NA,NA
04-Jun,sm,popbal,5,38,28,2717.046516,88.9,NA,NA
04-Jun,sm,popbal,6,22,14,1845.056275,53.2,NA,NA
30-May,sm,popbal,8,12,10,811.3249581,11.1,NA,NA
04-Jun,sm,popbal,9,25,12,2341.17122,53.4,NA,NA
01-Jun,sm,popbal,10,16,7,1586.749457,15.9,NA,NA
04-Jun,sm,popbal,11,15,8,1416.857754,12.8,23.3,NA
04-Jun,sm,popbal,12,16,11,1309.895004,25.5,24.4,23.3
04-Jun,sm,popbal,20,24,16,1936.854382,28.2,NA,NA
02-Jul,afrf,poptre,3,8,6,677.1502622,5.4,NA,NA
02-Jul,afrf,poptre,4,7,5,637.8979486,4.4,NA,NA
02-Jul,afrf,poptre,5,6,5,479.662479,6,NA,NA
02-Jul,afrf,poptre,6,15,8,1416.857754,12.7,NA,NA
13-Jun,afrf,poptre,8,6,4,595.2135955,8.1,NA,NA
13-Jun,afrf,poptre,9,9,4,954.2257748,8,NA,NA
11-Jun,afrf,poptre,10,NA,NA,420.9,3.6,NA,NA
13-Jun,afrf,poptre,11,11,8,902.9834435,11.7,NA,NA
13-Jun,afrf,poptre,12_02,21,11,1936.854382,17.5,NA,NA
02-Jul,afrf,poptre,12,10,5,1014.025404,7.844,NA,NA
13-Jun,afrf,poptre,13,17,14,1112.365076,6,NA,NA
02-Jul,afrf,poptre,15,NA,NA,291,2.744,NA,NA
26-Jul,kl,poptre,1,NA,NA,577.5,2.85,NA,NA
26-Jul,kl,poptre,2,NA,NA,461.6,2.682,NA,NA
24-Jul,kl,poptre,3,9,7,713.6854249,7.2,NA,NA
24-Jul,kl,poptre,4,7,6,508.5551275,6.1,NA,NA
28-Jul,kl,poptre,5,16,7,1586.749457,21.7,NA,NA
28-Jul,kl,poptre,6,10,7,862.1428429,9.9,NA,NA
28-Jul,kl,poptre,7,14,11,1014.025404,11.8,NA,NA
29-Jul,kl,poptre,8,15,10,1266.033989,13.3,NA,NA
29-Jul,kl,poptre,9,12,8,1042.427191,8.8,NA,NA
29-Jul,kl,poptre,10,20,15,1470.875656,20,NA,NA
23-Jun,mp,poptre,5,10,7,862.1428429,15.5,NA,NA
23-Jun,mp,poptre,6,5,3,548,4.7,NA,NA
23-Jun,mp,poptre,7,13,10,978.6623863,10.5,NA,NA
25-Jun,mp,poptre,7_02,17,9,1590.22051,9.4,23.6,21
25-Jun,mp,poptre,8,15,8,1416.857754,20,NA,NA
25-Jun,mp,poptre,9,7,6,508.5551275,6.6,NA,NA
25-Jun,mp,poptre,10,14,10,1127.795897,14,NA,NA
23-Jun,mp,poptre,11,6,3,667.6152423,4.6,NA,NA
25-Jun,mp,poptre,12,20,16,1348,23.5,25.6,NA
25-Jun,mp,poptre,13,10,8,748,13.4,NA,NA
04-Jun,sm,poptre,2,13,11,840.820323,10.7,NA,NA
04-Jun,sm,poptre,3,8,6,677.1502622,7.2,NA,NA
04-Jun,sm,poptre,4,17,12,1352.159458,26,8.8,119.2
04-Jun,sm,poptre,5,8,7,535.2983346,9.5,NA,NA
31-May,sm,poptre,7,7,5,637.8979486,7.2,NA,NA
31-May,sm,poptre,10,9,7,713.6854249,9.8,NA,NA
31-May,sm,poptre,11,8,6,677.1502622,10.9,NA,NA
31-May,sm,poptre,12,7,5,637.8979486,13.7,NA,NA
31-May,sm,poptre,13,14,8,1296.912529,27.4,NA,NA
31-May,sm,poptre,14,9,7,713.6854249,15.9,NA,NA
03-Jun,sm,poptre,15,9,8,560.3105626,8,NA,NA
03-Jun,sm,poptre,16,13,8,1172.695077,17.1,NA,NA
03-Jun,sm,poptre,17,7,4,722.4562647,7.5,NA,NA
04-Jun,sm,poptre,18,7,5,637.8979486,5.9,NA,NA
04-Jun,sm,poptre,19,10,8,748,12.6,NA,NA
25-Jul,kl,rhoalb,1,NA,NA,102.3,1.76,NA,NA
25-Jul,kl,rhoalb,2,NA,NA,131.6,1.639,1.279,1.587
30-Jul,kl,rhoalb,3,NA,NA,110.4,1.228,1.447,1.453
30-Jul,kl,rhoalb,4,NA,NA,133.1,1.288,1.649,1.187
30-Jul,kl,rhoalb,5,NA,NA,191.4,1.643,0.999,NA
30-Jul,kl,rhoalb,6,NA,NA,201.2,1.744,1.433,0.75
30-Jul,kl,rhoalb,7,NA,NA,181.6,1.742,1.296,1.212
30-Jul,kl,rhoalb,8,NA,NA,120.6,0.985,NA,NA
30-Jul,kl,rhoalb,9,NA,NA,166,1.901,NA,NA
30-Jul,kl,rhoalb,10,NA,NA,110.3,1.392,1.375,NA
26-Jun,mp,rhoalb,1,NA,NA,114.5,1.291,1.328,1.079
23-Jun,mp,rhoalb,2,NA,NA,95.5,0.943,0.977,0.545
23-Jun,mp,rhoalb,3,NA,NA,188.6,1.487,NA,NA
23-Jun,mp,rhoalb,4,NA,NA,172,1.53,NA,NA
23-Jun,mp,rhoalb,5,NA,NA,168.6,1.204,NA,NA
22-Jun,mp,rhoalb,8,NA,NA,225.3,2.074,2.23,1.48
22-Jun,mp,rhoalb,9,NA,NA,144.1,1.339,NA,NA
22-Jun,mp,rhoalb,10,NA,NA,149.2,1.128,NA,NA
26-Jun,mp,rhoalb,11,NA,NA,150.6,2.873,1.675,2.495
26-Jun,mp,rhoalb,12,NA,NA,190.5,1.171,2.133,1.531
12-Jun,afrf,riblac,1,NA,NA,46,0.408,NA,NA
12-Jun,afrf,riblac,2,NA,NA,53.1,0.687,NA,NA
02-Jul,afrf,riblac,4,NA,NA,90,0.721,NA,NA
02-Jul,afrf,riblac,6,NA,NA,107.3,0.636,0.6,NA
02-Jul,afrf,riblac,7,NA,NA,92.1,0.799,NA,NA
04-Jul,afrf,riblac,8,NA,NA,143.1,0.91,NA,NA
03-Jul,afrf,riblac,9,NA,NA,NA,NA,NA,NA
03-Jul,afrf,riblac,10,NA,NA,129.4,0.803,NA,NA
03-Jul,afrf,riblac,11,NA,NA,91.5,0.756,NA,NA
04-Jul,afrf,riblac,12,NA,NA,112.9,0.808,NA,NA
12-Jun,afrf,riblac,20,NA,NA,75.5,0.504,NA,NA
29-Jul,kl,riblac,1,NA,NA,151.9,0.648,0.62,NA
29-Jul,kl,riblac,2,NA,NA,140.4,0.592,NA,NA
29-Jul,kl,riblac,3,NA,NA,122.2,0.849,NA,NA
26-Jul,kl,riblac,7,NA,NA,53.8,0.337,0.377,NA
26-Jul,kl,riblac,8,NA,NA,86.1,0.728,NA,NA
24-Jul,kl,riblac,9,NA,NA,55.3,0.565,2.422,NA
28-Jul,kl,riblac,10,NA,NA,50.1,0.471,NA,NA
28-Jul,kl,riblac,11,NA,NA,121.4,0.742,NA,NA
29-Jul,kl,riblac,13,NA,NA,130.4,0.743,NA,NA
29-Jul,kl,riblac,12_02,NA,NA,106.8,0.655,0.69,NA
25-Jun,mp,riblac,1,NA,NA,92.4,0.715,NA,NA
22-Jun,mp,riblac,2,NA,NA,74.5,0.563,NA,NA
25-Jun,mp,riblac,3,NA,NA,117.7,0.839,NA,NA
25-Jun,mp,riblac,4,NA,NA,127.5,1.086,NA,NA
26-Jun,mp,riblac,5,NA,NA,183,0.772,NA,NA
25-Jun,mp,riblac,6,NA,NA,179,0.879,NA,NA
23-Jun,mp,riblac,7,NA,NA,76.8,0.633,NA,NA
25-Jun,mp,riblac,8,NA,NA,95.5,0.572,NA,NA
23-Jun,mp,riblac,10,NA,NA,93,0.76,NA,NA
22-Jun,mp,riblac,11,NA,NA,104.1,0.784,NA,NA
31-May,sm,riblac,2,NA,NA,156.2,1.591,1.392,3.043
31-May,sm,riblac,3,NA,NA,191,1.315,1.479,1.553
03-Jun,sm,riblac,5,NA,NA,145.2,1.021,NA,NA
03-Jun,sm,riblac,6,NA,NA,113.4,0.838,NA,NA
03-Jun,sm,riblac,7,NA,NA,148.3,0.816,NA,NA
04-Jun,sm,riblac,8,NA,NA,55.6,0.577,0.703,0.831
31-May,sm,riblac,9,NA,NA,148.3,0.678,NA,NA
04-Jun,sm,riblac,10,NA,NA,112.8,0.613,NA,NA
03-Jun,sm,riblac,11,NA,NA,94.8,0.706,NA,NA
03-Jun,sm,riblac,12,NA,NA,102.6,0.934,NA,NA
04-Jun,sm,riblac,12_2,NA,NA,75.7,0.597,NA,NA
12-Jun,afrf,rosaci,1,NA,NA,154.6,0.842,NA,NA
11-Jun,afrf,rosaci,2,NA,NA,184.6,1.452,NA,NA
11-Jun,afrf,rosaci,3,NA,NA,144.3,1.051,NA,NA
13-Jun,afrf,rosaci,4,NA,NA,151.3,1.063,NA,NA
11-Jun,afrf,rosaci,5,NA,NA,176.4,1.508,NA,NA
02-Jul,afrf,rosaci,8,NA,NA,98.6,0.722,NA,NA
25-Jun,mp,rosaci,1,NA,NA,76.1,0.743,NA,NA
22-Jun,mp,rosaci,2,NA,NA,52.6,0.668,NA,NA
25-Jun,mp,rosaci,3,NA,NA,86.9,0.665,NA,NA
22-Jun,mp,rosaci,4,NA,NA,88.3,0.43,NA,NA
22-Jun,mp,rosaci,5,NA,NA,106.1,0.879,NA,NA
22-Jun,mp,rosaci,6,NA,NA,85.4,0.854,NA,NA
23-Jun,mp,rosaci,7,NA,NA,103.2,0.868,NA,NA
23-Jun,mp,rosaci,8,NA,NA,113.1,1.228,NA,NA
23-Jun,mp,rosaci,9,NA,NA,129.4,0.915,NA,NA
25-Jun,mp,rosaci,10,NA,NA,186.6,11.2,NA,NA
31-May,sm,rosaci,1,NA,NA,188.1,1.566,NA,NA
31-May,sm,rosaci,2,NA,NA,218.1,2.29,NA,NA
01-Jun,sm,rosaci,3,NA,NA,130,0.755,NA,NA
29-May,sm,rosaci,4,NA,NA,161.2,1.5,NA,NA
31-May,sm,rosaci,5,NA,NA,250.1,1.64,NA,NA
01-Jun,sm,rosaci,6,NA,NA,137,1.177,NA,NA
29-May,sm,rosaci,7,NA,NA,160,1.43,NA,NA
29-May,sm,rosaci,8,NA,NA,197.2,1.88,NA,NA
29-May,sm,rosaci,9,NA,NA,184.2,1.97,NA,NA
29-May,sm,rosaci,10,NA,NA,174.5,1.4,NA,NA
05-Jun,sm,rosaci,20,NA,NA,173.4,1.119,NA,NA
02-Jul,afrf,rosgym,1,NA,NA,101.7,0.639,NA,NA
02-Jul,afrf,rosgym,2,NA,NA,83.6,0.438,NA,NA
02-Jul,afrf,rosgym,3,NA,NA,109.7,0.649,NA,NA
03-Jul,afrf,rosgym,4,NA,NA,96,0.543,NA,NA
03-Jul,afrf,rosgym,5,NA,NA,157.2,0.808,NA,NA
02-Jul,afrf,rosgym,6,NA,NA,91.4,0.749,NA,NA
02-Jul,afrf,rosgym,7,NA,NA,150,1.077,NA,NA
03-Jul,afrf,rosgym,8,NA,NA,120.3,0.808,NA,NA
02-Jul,afrf,rosgym,10,NA,NA,148.6,0.911,0.886,0.657
04-Jul,afrf,rosgym,11,NA,NA,97.4,0.569,NA,NA
29-Jul,kl,rosgym,1,NA,NA,147.2,0.676,NA,NA
29-Jul,kl,rosgym,2,NA,NA,146.1,0.885,NA,NA
26-Jul,kl,rosgym,4,NA,NA,127.5,0.972,NA,NA
24-Jul,kl,rosgym,6,NA,NA,165.9,1.008,NA,NA
24-Jul,kl,rosgym,7,NA,NA,112.7,1.054,NA,NA
26-Jul,kl,rosgym,8,NA,NA,186.7,1.26,1.148,0.768
26-Jul,kl,rosgym,9,NA,NA,121,8.2,NA,NA
28-Jul,kl,rosgym,10,NA,NA,119.2,0.278,NA,NA
28-Jul,kl,rosgym,11,NA,NA,74.6,0.518,NA,NA
28-Jul,kl,rosgym,12,NA,NA,101.4,0.672,NA,NA
22-Jun,mp,rosgym,1,NA,NA,147.4,0.754,NA,NA
22-Jun,mp,rosgym,2,NA,NA,124.3,0.853,NA,NA
25-Jun,mp,rosgym,3,NA,NA,75.5,1.285,NA,NA
26-Jun,mp,rosgym,4,NA,NA,110.6,0.694,NA,NA
26-Jun,mp,rosgym,5,NA,NA,106.4,0.601,NA,NA
26-Jun,mp,rosgym,6,NA,NA,145.3,9.7,NA,NA
26-Jun,mp,rosgym,7,NA,NA,170.6,0.718,0.759,0.565
26-Jun,mp,rosgym,8,NA,NA,158,0.783,NA,NA
26-Jun,mp,rosgym,9,NA,NA,129.8,0.603,NA,NA
22-Jun,mp,rosgym,10,NA,NA,146,0.917,0.653,NA
02-Jul,afrf,rubida,4,NA,NA,71.5,0.477,NA,NA
04-Jul,afrf,rubida,6,NA,NA,88.5,0.656,NA,NA
02-Jul,afrf,rubida,10,NA,NA,87.6,0.607,NA,NA
02-Jul,afrf,rubida,11,NA,NA,146.1,0.767,NA,NA
03-Jul,afrf,rubida,12,NA,NA,106.1,0.649,NA,NA
03-Jul,afrf,rubida,13,NA,NA,91.3,0.54,NA,NA
04-Jul,afrf,rubida,14,NA,NA,131.4,1.082,NA,NA
04-Jul,afrf,rubida,15,NA,NA,130.1,0.781,NA,NA
04-Jul,afrf,rubida,16,NA,NA,124.7,0.793,NA,NA
04-Jul,afrf,rubida,17,NA,NA,104.2,0.592,NA,NA
29-Jul,kl,rubida,1,NA,NA,136.2,0.654,NA,NA
28-Jul,kl,rubida,2,NA,NA,62,0.426,NA,NA
28-Jul,kl,rubida,3,NA,NA,131,0.747,NA,NA
28-Jul,kl,rubida,4,NA,NA,78.7,0.499,NA,NA
29-Jul,kl,rubida,5,NA,NA,68.4,0.473,NA,NA
29-Jul,kl,rubida,6,NA,NA,92.9,0.599,NA,NA
29-Jul,kl,rubida,7,NA,NA,97.8,0.59,NA,NA
30-Jul,kl,rubida,8,NA,NA,126.1,0.689,NA,NA
11-Jun,afrf,rubida ,1,NA,NA,81.2,0.645,0.571,0.521
13-Jun,afrf,rubpar,2,NA,NA,91,0.787,NA,NA
13-Jun,afrf,rubpar,3,NA,NA,116.9,0.846,NA,NA
11-Jun,afrf,rubpar,4,NA,NA,69.1,0.636,NA,NA
02-Jul,afrf,rubpar,5,NA,NA,59.1,0.463,NA,NA
02-Jul,afrf,rubpar,6,NA,NA,64.4,0.484,0.552,0.426
02-Jul,afrf,rubpar,9,NA,NA,75.2,0.621,NA,NA
03-Jul,afrf,rubpar,10,NA,NA,127.6,0.69,NA,NA
03-Jul,afrf,rubpar,11,NA,NA,104.3,0.709,NA,NA
03-Jul,afrf,rubpar,13,NA,NA,88.4,0.658,NA,NA
03-Jul,afrf,rubpar,15,NA,NA,140,0.881,NA,NA
03-Jul,afrf,rubpar,16,NA,NA,140,1.031,NA,NA
03-Jul,afrf,rubpar,19,NA,NA,89.1,0.616,NA,NA
29-Jul,kl,rubpar,1,NA,NA,108.6,0.574,0.765,NA
26-Jul,kl,rubpar,3,NA,NA,128.6,0.731,NA,NA
26-Jul,kl,rubpar,4,NA,NA,96.2,0.69,NA,NA
24-Jul,kl,rubpar,6,NA,NA,72.2,0.761,NA,NA
24-Jul,kl,rubpar,7,NA,NA,67.5,0.718,NA,NA
24-Jul,kl,rubpar,8,NA,NA,83.6,0.725,NA,NA
25-Jul,kl,rubpar,9,NA,NA,67.6,0.655,NA,NA
26-Jul,kl,rubpar,10,NA,NA,98.5,0.802,0.856,NA
26-Jul,kl,rubpar,11,NA,NA,90.6,0.727,NA,NA
28-Jul,kl,rubpar,12,NA,NA,91,0.616,NA,NA
23-Jun,mp,rubpar,1,NA,NA,87.4,0.544,NA,NA
25-Jun,mp,rubpar,2,NA,NA,101.5,8.28,NA,NA
23-Jun,mp,rubpar,3,NA,NA,60.7,0.474,NA,NA
23-Jun,mp,rubpar,4,NA,NA,71.2,0.638,NA,NA
23-Jun,mp,rubpar,5,NA,NA,64.3,0.697,NA,NA
26-Jun,mp,rubpar,6,NA,NA,168.7,1.374,NA,NA
22-Jun,mp,rubpar,7,NA,NA,68.9,0.572,NA,NA
26-Jun,mp,rubpar,7,NA,NA,121.8,0.818,NA,NA
26-Jun,mp,rubpar,8,NA,NA,94.7,0.572,NA,NA
22-Jun,mp,rubpar,9,NA,NA,110,0.687,NA,NA
22-Jun,mp,rubpar,10,NA,NA,97.1,0.661,NA,NA
31-Jul,mp,rubpar,21,NA,NA,115.4,0.788,NA,NA
31-Jul,mp,rubpar,22,NA,NA,122.4,1.154,NA,NA
03-Jun,sm,rubpar,1,NA,NA,86.7,0.87,NA,NA
03-Jun,sm,rubpar,2,NA,NA,99.3,0.723,NA,NA
03-Jun,sm,rubpar,3,NA,NA,90.3,0.703,NA,NA
29-May,sm,rubpar,4,NA,NA,94.1,0.7,NA,NA
29-May,sm,rubpar,5,NA,NA,102.3,0.92,NA,NA
30-May,sm,rubpar,6,NA,NA,78.9,0.65,NA,NA
29-May,sm,rubpar,7,NA,NA,88.8,NA,NA,NA
01-Jun,sm,rubpar,8,NA,NA,73.7,0.647,NA,NA
01-Jun,sm,rubpar,9,NA,NA,79.5,0.602,NA,NA
29-May,sm,rubpar,10,NA,NA,66.4,NA,NA,NA
11-Jun,afrf,rubspe,1,NA,NA,121.8,0.628,0.636,0.784
11-Jun,afrf,rubspe,7,NA,NA,167.2,0.581,NA,NA
12-Jun,afrf,rubspe,10,NA,NA,76.6,0.409,NA,NA
26-Jun,mp,rubspe,1,NA,NA,137.1,0.875,NA,NA
25-Jun,mp,rubspe,3,NA,NA,123.1,1.008,NA,NA
25-Jun,mp,rubspe,4,NA,NA,109.8,0.694,NA,NA
25-Jun,mp,rubspe,5,NA,NA,166.2,1.192,NA,NA
25-Jun,mp,rubspe,6,NA,NA,102.1,0.866,NA,NA
25-Jun,mp,rubspe,8,NA,NA,212.1,1.025,NA,NA
26-Jun,mp,rubspe,9,NA,NA,120.1,0.805,NA,NA
26-Jun,mp,rubspe,10,NA,NA,179.9,1.128,NA,NA
26-Jun,mp,rubspe,11,NA,NA,106.4,0.579,NA,NA
26-Jun,mp,rubspe,12,NA,NA,200.2,1.226,NA,NA
26-Jun,mp,rubspe,13,NA,NA,153,0.877,NA,NA
26-Jun,mp,rubspe,14,NA,NA,190.2,1.313,1.418,NA
31-May,sm,rubspe,1,NA,NA,104.4,0.694,NA,NA
31-May,sm,rubspe,2,NA,NA,88.9,0.528,NA,NA
04-Jun,sm,rubspe,5,NA,NA,100.1,0.637,NA,NA
31-May,sm,rubspe,6,NA,NA,106.5,0.665,NA,NA
31-May,sm,rubspe,7,NA,NA,100.4,0.53,NA,NA
31-May,sm,rubspe,8,NA,NA,93.7,0.544,NA,NA
31-May,sm,rubspe,9,NA,NA,105,0.593,NA,NA
31-May,sm,rubspe,10,NA,NA,90,0.575,NA,NA
03-Jun,sm,rubspe,11,NA,NA,195.5,0.808,NA,NA
03-Jun,sm,rubspe,12,NA,NA,137.3,0.825,NA,NA
11-Jun,afrf,samrac,1,NA,NA,219.4,3.071,NA,NA
11-Jun,afrf,samrac,3,NA,NA,183.4,1.858,NA,NA
04-Jul,afrf,samrac,4,NA,NA,180.5,1.91,NA,NA
04-Jul,afrf,samrac,5,NA,NA,197.5,1.87,NA,NA
03-Jul,afrf,samrac,6,NA,NA,208.4,3.365,NA,NA
03-Jul,afrf,samrac,7,NA,NA,221,1.726,1.384,1.791
11-Jun,afrf,samrac,9,NA,NA,166.2,1.383,NA,NA
03-Jul,afrf,samrac,10,NA,NA,169.1,2.919,NA,NA
04-Jul,afrf,samrac,12,NA,NA,251.2,2.45,NA,NA
04-Jul,afrf,samrac,13,NA,NA,235.6,2.054,NA,NA
24-Jul,kl,samrac,1,NA,NA,122,1.469,1.219,1.45
24-Jul,kl,samrac,2,NA,NA,210.8,2.409,1.693,2.422
24-Jul,kl,samrac,3,NA,NA,195.1,7.269,NA,NA
24-Jul,kl,samrac,4,NA,NA,148.4,1.575,1.62,1.622
25-Jul,kl,samrac,5,NA,NA,160.4,1.602,2.46,1.759
25-Jul,kl,samrac,6,NA,NA,102.7,1.144,1.027,0.97
25-Jul,kl,samrac,7,NA,NA,196.1,2.126,1.138,1.999
25-Jul,kl,samrac,8,NA,NA,223.7,2.261,2.078,2.694
25-Jul,kl,samrac,9,NA,NA,211,2.237,2.134,2.128
25-Jul,kl,samrac,10,NA,NA,218,2.964,2.145,NA
25-Jun,mp,samrac,1,NA,NA,220.6,4.866,NA,NA
25-Jun,mp,samrac,2,NA,NA,177.6,3.977,1.992,3.29
26-Jun,mp,samrac,3,NA,NA,310,2.866,NA,NA
26-Jun,mp,samrac,4,NA,NA,441,2.597,NA,NA
26-Jun,mp,samrac,5,NA,NA,525.3,8.2,6.3,NA
25-Jun,mp,samrac,6,NA,NA,111.1,1.027,1.68,1.695
23-Jun,mp,samrac,7,NA,NA,284.6,2.208,NA,NA
26-Jun,mp,samrac,8,NA,NA,264,1.45,0.942,0.554
26-Jun,mp,samrac,9,NA,NA,286.7,2.349,NA,NA
26-Jun,mp,samrac,10,NA,NA,332.2,1.625,1.63,2.083
26-Jun,mp,samrac,11,NA,NA,384.1,1.993,1.6,1.597
03-Jun,sm,samrac,2,NA,NA,276.1,2.857,4.518,4.988
04-Jun,sm,samrac,3,NA,NA,186.4,3.244,NA,NA
03-Jun,sm,samrac,4,NA,NA,187,3.972,NA,NA
03-Jun,sm,samrac,5,NA,NA,185.4,1.916,3.356,NA
03-Jun,sm,samrac,6,NA,NA,180.6,2.554,1.941,1.938
03-Jun,sm,samrac,7,NA,NA,207.5,4.739,3.948,2.963
04-Jun,sm,samrac,8,NA,NA,209.6,3.018,2.132,2.739
04-Jun,sm,samrac,9,NA,NA,44.8,1.843,1.948,NA
04-Jun,sm,samrac,10,NA,NA,279,3.973,3.728,3.201
04-Jun,sm,samrac,11,NA,NA,276,2.535,3.319,2.42
11-Jun,afrf,shecan,1,NA,NA,74.2,0.946,NA,NA
13-Jun,afrf,shecan,2,NA,NA,103,1.315,NA,NA
13-Jun,afrf,shecan,3,NA,NA,79.6,0.789,0.64,0.731
11-Jun,afrf,shecan,4,NA,NA,87.7,0.958,NA,NA
11-Jun,afrf,shecan,5,NA,NA,150.6,2.439,NA,NA
02-Jul,afrf,shecan,6,NA,NA,157,0.986,1.087,0.88
02-Jul,afrf,shecan,7,NA,NA,153.5,1.342,1.484,NA
02-Jul,afrf,shecan,8,NA,NA,147.1,1.841,NA,NA
02-Jul,afrf,shecan,9,NA,NA,104.4,1.139,NA,NA
02-Jul,afrf,shecan,10,NA,NA,169.5,2.444,NA,NA
29-Jul,kl,shecan,1,NA,NA,148.5,1.45,NA,NA
29-Jul,kl,shecan,2,NA,NA,200.4,3.187,NA,NA
29-Jul,kl,shecan,3,NA,NA,224.5,3.704,2.646,NA
26-Jul,kl,shecan,4,NA,NA,171.2,1.904,1.25,1.185
29-Jul,kl,shecan,4_02,NA,NA,168.5,3.679,NA,NA
26-Jul,kl,shecan,5,NA,NA,218.9,3.985,NA,NA
24-Jul,kl,shecan,6,NA,NA,159.3,1.401,2.031,2.819
24-Jul,kl,shecan,7,NA,NA,163.2,2.391,1.753,1.825
24-Jul,kl,shecan,8,NA,NA,204.2,4.577,NA,NA
26-Jul,kl,shecan,9,NA,NA,237.2,5.292,NA,NA
23-Jun,mp,shecan,2,NA,NA,136,2.271,1.192,1.427
22-Jun,mp,shecan,3,NA,NA,317,2.86,NA,NA
22-Jun,mp,shecan,4,NA,NA,109.5,0.879,0.801,1.029
23-Jun,mp,shecan,5,NA,NA,152.6,3.899,NA,NA
23-Jun,mp,shecan,6,NA,NA,150.3,1.374,1.122,1.033
23-Jun,mp,shecan,7,NA,NA,159.3,2.479,2,1.823
25-Jun,mp,shecan,8,NA,NA,80,1.923,NA,NA
25-Jun,mp,shecan,9,NA,NA,138.2,1.958,NA,NA
22-Jun,mp,shecan,10,NA,NA,123.4,1.894,NA,NA
26-Jun,mp,shecan,11,NA,NA,139,0.977,0.944,0.443
30-May,sm,shecan,1,NA,NA,124.6,2.468,NA,NA
05-Jun,sm,shecan,5,NA,NA,127.9,1.483,1.26,1.311
01-Jun,sm,shecan,6,NA,NA,135.7,2.627,NA,NA
01-Jun,sm,shecan,7,NA,NA,181.2,1.935,NA,NA
01-Jun,sm,shecan,8,NA,NA,137.6,2.125,NA,NA
01-Jun,sm,shecan,9,NA,NA,190.9,3.968,NA,NA
01-Jun,sm,shecan,10,NA,NA,224.6,3.436,NA,NA
01-Jun,sm,shecan,11,NA,NA,164.3,1.768,NA,NA
01-Jun,sm,shecan,12,NA,NA,121.5,1.241,NA,NA
05-Jun,sm,shecan,16,NA,NA,173.5,26.7,NA,NA
11-Jun,afrf,sorsco,2,NA,NA,NA,2.825,NA,NA
12-Jun,afrf,sorsco,3,7,5,637.8979486,1.719,NA,NA
13-Jun,afrf,sorsco,3_02,NA,NA,173.3,3.2,4,NA
02-Jul,afrf,sorsco,6,NA,NA,132,1.226,0.984,NA
02-Jul,afrf,sorsco,7,NA,NA,207.2,1.538,1.468,NA
02-Jul,afrf,sorsco,8,NA,NA,438.8,1.799,NA,NA
02-Jul,afrf,sorsco,9,NA,NA,364.2,1.271,1.407,NA
02-Jul,afrf,sorsco,10,NA,NA,391.4,1.295,NA,NA
02-Jul,afrf,sorsco,11,NA,NA,346.6,2.772,NA,NA
03-Jul,afrf,sorsco,13,NA,NA,209.4,2.246,NA,NA
26-Jul,kl,sorsco,1,NA,NA,175.6,1.612,NA,NA
26-Jul,kl,sorsco,2,NA,NA,382.2,2.8,NA,NA
26-Jul,kl,sorsco,3,NA,NA,212.5,1.456,1.168,0.798
26-Jul,kl,sorsco,4,10,8,748,3.71,NA,NA
26-Jul,kl,sorsco,5,NA,NA,250.7,2.502,NA,NA
25-Jul,kl,sorsco,6,NA,NA,207.8,2.564,NA,NA
25-Jul,kl,sorsco,7,NA,NA,272.2,2.247,2.322,2.354
25-Jul,kl,sorsco,8,NA,NA,479.5,4.465,3.745,1.245
25-Jul,kl,sorsco,9,NA,NA,337.4,2.591,NA,NA
26-Jul,kl,sorsco,10,NA,NA,547.9,2.624,NA,NA
23-Jun,mp,sorsco,1,NA,NA,195.4,2.027,1.705,1.72
25-Jun,mp,sorsco,3,NA,NA,123.2,2.04,1.33,1.297
25-Jun,mp,sorsco,4,NA,NA,190.8,2.062,NA,NA
26-Jun,mp,sorsco,8,NA,NA,325.6,2,2.9,NA
26-Jun,mp,sorsco,10,NA,NA,256.8,3.132,3.178,2.553
25-Jun,mp,sorsco,11,5,3,548,6.1,NA,NA
25-Jun,mp,sorsco,12,NA,NA,255,2.635,3.419,2.95
26-Jun,mp,sorsco,12_2,NA,NA,401.1,3,2.1,NA
26-Jun,mp,sorsco,13,NA,NA,363.3,3.3,NA,NA
26-Jun,mp,sorsco,14,NA,NA,177.2,1.892,NA,NA
30-May,sm,sorsco,1,NA,NA,555.8,3.8,NA,NA
30-May,sm,sorsco,4,NA,NA,200.4,1.74,NA,NA
01-Jun,sm,sorsco,5,NA,NA,229.7,1.738,NA,NA
03-Jun,sm,sorsco,6,NA,NA,449.6,2.1,NA,NA
01-Jun,sm,sorsco,7,6,5,479.662479,2.628,NA,NA
04-Jun,sm,sorsco,9,9,8,560.3105626,6.1,6.9,6.6
04-Jun,sm,sorsco,10,NA,NA,270.6,3.7,5.6,4.8
01-Jun,sm,sorsco,11,7,6,508.5551275,6.3,NA,NA
03-Jun,sm,sorsco,12,NA,NA,333.8,2.9,4,NA
04-Jun,sm,sorsco,12_02,5,3,548,3.7,5.7,3.5
12-Jun,afrf,spibet,1,NA,NA,46.5,0.315,NA,NA
11-Jun,afrf,spibet,2,NA,NA,55,0.559,NA,NA
13-Jun,afrf,spibet,4,NA,NA,5.05,0.299,NA,NA
11-Jun,afrf,spibet,5,NA,NA,63.6,0.392,NA,NA
11-Jun,afrf,spibet,11,NA,NA,50.2,0.354,NA,NA
11-Jun,afrf,spibet,12,NA,NA,51.2,0.448,NA,NA
13-Jun,afrf,spibet,13,NA,NA,97.1,0.588,NA,NA
13-Jun,afrf,spibet,14,NA,NA,91.2,0.565,NA,NA
12-Jun,afrf,spibet,20,NA,NA,57.7,0.361,NA,NA
24-Jul,kl,spibet,3,NA,NA,57.6,0.443,NA,NA
24-Jul,kl,spibet,4,NA,NA,40.4,0.316,NA,NA
25-Jul,kl,spibet,5,NA,NA,71.7,0.577,NA,NA
25-Jul,kl,spibet,6,NA,NA,54.3,0.356,NA,NA
25-Jul,kl,spibet,7,NA,NA,57.7,0.335,1.229,NA
26-Jul,kl,spibet,8,NA,NA,65.5,0.398,NA,NA
26-Jul,kl,spibet,9,NA,NA,55.3,0.292,NA,NA
26-Jul,kl,spibet,10,NA,NA,70.2,0.51,NA,NA
26-Jul,kl,spibet,11,NA,NA,75.6,4.71,NA,NA
28-Jul,kl,spibet,12,NA,NA,62.8,0.33,NA,NA
25-Jun,mp,spibet,1,NA,NA,26.1,0.319,NA,NA
23-Jun,mp,spibet,2,NA,NA,49.4,0.328,NA,NA
25-Jun,mp,spibet,3,NA,NA,57,0.343,NA,NA
23-Jun,mp,spibet,4,NA,NA,45,0.341,NA,NA
23-Jun,mp,spibet,5,NA,NA,67.5,0.3,NA,NA
23-Jun,mp,spibet,6,NA,NA,42.1,0.286,NA,NA
23-Jun,mp,spibet,7,NA,NA,67.1,0.476,NA,NA
22-Jun,mp,spibet,8,NA,NA,60.8,0.332,NA,NA
22-Jun,mp,spibet,9,NA,NA,63.6,0.36,NA,NA
23-Jun,mp,spibet,10,NA,NA,42.9,0.428,NA,NA
29-May,sm,spibet,1,NA,NA,48.9,NA,NA,NA
29-May,sm,spibet,2,NA,NA,50.6,NA,NA,NA
29-May,sm,spibet,3,NA,NA,58.2,NA,NA,NA
29-May,sm,spibet,4,NA,NA,55.4,NA,NA,NA
29-May,sm,spibet,5,NA,NA,65.9,NA,NA,NA
29-May,sm,spibet,6,NA,NA,77.1,NA,NA,NA
29-May,sm,spibet,7,NA,NA,90.5,NA,NA,NA
29-May,sm,spibet,8,NA,NA,64.7,NA,NA,NA
29-May,sm,spibet,9,NA,NA,61.7,NA,NA,NA
29-May,sm,spibet,10,NA,NA,75.5,NA,NA,NA
11-Jun,afrf,spibet ,6_02,NA,NA,51.6,0.283,NA,NA
12-Jun,afrf,spidou,1,NA,NA,83.2,0.509,NA,NA
13-Jun,afrf,spidou,2,NA,NA,107.5,0.725,NA,NA
03-Jul,afrf,spidou,3,NA,NA,103.2,0.495,NA,NA
13-Jun,afrf,spidou,4,NA,NA,160.6,1.182,NA,NA
03-Jul,afrf,spidou,11,NA,NA,129.9,0.548,NA,NA
03-Jul,afrf,spidou,12,NA,NA,121.5,0.81,NA,NA
04-Jul,afrf,spidou,13,NA,NA,159.2,0.685,NA,NA
13-Jun,afrf,spidou,19,NA,NA,139.9,1.078,NA,NA
12-Jun,afrf,spidou,20,NA,NA,98.1,0.65,NA,NA
13-Jun,afrf,spidou,19_02,NA,NA,141.4,0.682,NA,NA
22-Jun,mp,spidou,1,NA,NA,109.4,0.788,NA,NA
22-Jun,mp,spidou,2,NA,NA,109.1,0.652,NA,NA
22-Jun,mp,spidou,3,NA,NA,119,0.682,NA,NA
31-May,sm,spidou,1,NA,NA,73.5,0.654,NA,NA
31-May,sm,spidou,2,NA,NA,96.5,0.772,NA,NA
31-May,sm,spidou,3,NA,NA,73.1,0.553,NA,NA
31-May,sm,spidou,4,NA,NA,91.4,0.925,NA,NA
31-May,sm,spidou,5,NA,NA,94.8,0.894,NA,NA
31-May,sm,spidou,6,NA,NA,77.1,0.86,NA,NA
31-May,sm,spidou,7,NA,NA,55.5,0.483,NA,NA
31-May,sm,spidou,8,NA,NA,57.3,0.435,NA,NA
31-May,sm,spidou,9,NA,NA,63.9,0.568,NA,NA
31-May,sm,spidou,10,NA,NA,93.6,0.832,NA,NA
12-Jun,afrf,spipyr,1,NA,NA,114.6,0.771,NA,NA
13-Jun,afrf,spipyr,2,NA,NA,132.3,0.993,NA,NA
03-Jul,afrf,spipyr,11,NA,NA,100.3,0.6,NA,NA
04-Jul,afrf,spipyr,12,NA,NA,115.2,0.576,NA,NA
04-Jul,afrf,spipyr,13,NA,NA,152,0.859,NA,NA
04-Jul,afrf,spipyr,14,NA,NA,108,0.507,NA,NA
13-Jun,afrf,spipyr,16,NA,NA,99.3,0.76,NA,NA
13-Jun,afrf,spipyr,17,NA,NA,97.6,0.591,NA,NA
13-Jun,afrf,spipyr,18,NA,NA,145.1,0.867,NA,NA
12-Jun,afrf,spipyr,19,NA,NA,87.4,0.788,NA,NA
22-Jun,mp,spipyr,1,NA,NA,132.1,0.735,NA,NA
22-Jun,mp,spipyr,2,NA,NA,85.2,0.511,NA,NA
22-Jun,mp,spipyr,3,NA,NA,36.5,0.774,NA,NA
22-Jun,mp,spipyr,4,NA,NA,144.6,0.938,NA,NA
22-Jun,mp,spipyr,5,NA,NA,99.7,0.616,NA,NA
22-Jun,mp,spipyr,6,NA,NA,143.8,1.134,NA,NA
22-Jun,mp,spipyr,7,NA,NA,131.2,1.091,NA,NA
22-Jun,mp,spipyr,8,NA,NA,125.4,0.848,NA,NA
26-Jun,mp,spipyr,9,NA,NA,84.9,0.815,NA,NA
26-Jun,mp,spipyr,10,NA,NA,120,0.635,NA,NA
01-Jun,sm,spipyr,1,NA,NA,101.2,0.838,NA,NA
01-Jun,sm,spipyr,2,NA,NA,87.1,0.674,NA,NA
01-Jun,sm,spipyr,3,NA,NA,99.6,0.82,NA,NA
01-Jun,sm,spipyr,4,NA,NA,67.7,0.562,NA,NA
01-Jun,sm,spipyr,5,NA,NA,90.7,0.647,NA,NA
01-Jun,sm,spipyr,6,NA,NA,96.1,0.585,NA,NA
01-Jun,sm,spipyr,7,NA,NA,72.8,0.625,NA,NA
01-Jun,sm,spipyr,8,NA,NA,11.5,0.658,NA,NA
01-Jun,sm,spipyr,9,NA,NA,136.3,0.972,NA,NA
01-Jun,sm,spipyr,10,NA,NA,104.5,0.513,NA,NA
12-Jun,afrf,symalb,1,NA,NA,73.2,0.556,NA,NA
12-Jun,afrf,symalb,2,NA,NA,122.2,0.699,NA,NA
13-Jun,afrf,symalb,3,NA,NA,126.4,1.031,NA,NA
11-Jun,afrf,symalb,4,NA,NA,115.2,0.78,NA,NA
02-Jul,afrf,symalb,5,NA,NA,114.6,0.604,NA,NA
02-Jul,afrf,symalb,6,NA,NA,95.2,0.55,0.59,NA
02-Jul,afrf,symalb,7,NA,NA,53.5,0.278,NA,NA
02-Jul,afrf,symalb,8,NA,NA,60,0.609,NA,NA
11-Jun,afrf,symalb,11,NA,NA,83.4,0.872,NA,NA
04-Jul,afrf,symalb,12,NA,NA,68.9,0.531,NA,NA
29-Jul,kl,symalb,1,NA,NA,143.1,1.003,0.917,0.985
26-Jul,kl,symalb,2,NA,NA,121.5,0.837,NA,NA
29-Jul,kl,symalb,2_02,NA,NA,166.5,1.036,1.069,NA
26-Jul,kl,symalb,3,NA,NA,66.6,0.6,NA,NA
24-Jul,kl,symalb,7,NA,NA,75.6,0.566,NA,NA
24-Jul,kl,symalb,8,NA,NA,136,1.033,NA,NA
24-Jul,kl,symalb,9,NA,NA,91.1,0.842,NA,NA
26-Jul,kl,symalb,10,NA,NA,128.3,0.961,0.93,NA
26-Jul,kl,symalb,11,NA,NA,82.4,0.666,NA,NA
28-Jul,kl,symalb,12,NA,NA,79.2,0.411,NA,NA
23-Jun,mp,symalb,1,NA,NA,101.5,0.65,NA,NA
25-Jun,mp,symalb,3,NA,NA,100.3,0.701,NA,NA
26-Jun,mp,symalb,4,NA,NA,109.2,0.582,NA,NA
25-Jun,mp,symalb,5,NA,NA,78,0.616,NA,NA
23-Jun,mp,symalb,6,NA,NA,109.6,0.532,NA,NA
25-Jun,mp,symalb,7,NA,NA,97.5,0.584,NA,NA
25-Jun,mp,symalb,8,NA,NA,146.1,1.114,NA,NA
22-Jun,mp,symalb,9,NA,NA,74,0.804,NA,NA
22-Jun,mp,symalb,10,NA,NA,77,0.636,NA,NA
26-Jun,mp,symalb,11,NA,NA,100.3,0.687,0.778,0.768
04-Jun,sm,symalb,2,NA,NA,155.2,1.607,1.718,1.932
29-May,sm,symalb,4,NA,NA,139.3,1.14,NA,NA
31-May,sm,symalb,5,NA,NA,105.1,1.099,NA,NA
31-May,sm,symalb,6,NA,NA,138.7,1.217,NA,NA
30-May,sm,symalb,7,NA,NA,149,1.176,0.956,NA
01-Jun,sm,symalb,8,NA,NA,128.4,1.178,NA,NA
31-May,sm,symalb,9,NA,NA,113.7,0.915,NA,NA
29-May,sm,symalb,11,NA,NA,127.1,1.27,NA,NA
01-Jun,sm,symalb,12,NA,NA,108.5,0.735,NA,NA
04-Jun,sm,symalb,12_02,NA,NA,87.6,0.748,NA,NA
04-Jun,sm,symalb,9_02,NA,NA,160.2,1.511,1.069,1.261
12-Jun,afrf,vacmem,1,NA,NA,44.9,0.508,NA,NA
02-Jul,afrf,vacmem,3,NA,NA,48.2,0.521,NA,NA
02-Jul,afrf,vacmem,4,NA,NA,30.4,0.293,NA,NA
02-Jul,afrf,vacmem,5,NA,NA,68.1,0.971,0.876,0.759
04-Jul,afrf,vacmem,6,NA,NA,35.6,0.366,NA,NA
04-Jul,afrf,vacmem,7,NA,NA,55,0.574,NA,NA
04-Jul,afrf,vacmem,8,NA,NA,51.2,0.677,NA,NA
04-Jul,afrf,vacmem,9,NA,NA,50.1,0.864,NA,NA
04-Jul,afrf,vacmem,10,NA,NA,28.2,0.624,NA,NA
12-Jun,afrf,vacmem,20,NA,NA,43.8,0.493,NA,NA
25-Jul,kl,vacmem,1,NA,NA,65.7,1.187,NA,NA
25-Jul,kl,vacmem,2,NA,NA,91.5,1.558,NA,NA
25-Jul,kl,vacmem,3,NA,NA,91.1,1.387,NA,NA
25-Jul,kl,vacmem,4,NA,NA,80.1,1.102,NA,NA
25-Jul,kl,vacmem,5,NA,NA,78.6,0.764,NA,NA
25-Jul,kl,vacmem,6,NA,NA,80.4,1.087,NA,NA
25-Jul,kl,vacmem,7,NA,NA,75,1.143,NA,NA
25-Jul,kl,vacmem,8,NA,NA,65.2,1.336,NA,NA
25-Jul,kl,vacmem,9,NA,NA,73.4,1.148,NA,NA
25-Jul,kl,vacmem,10,NA,NA,61,0.777,NA,NA
30-Jul,kl,vacmem,11,NA,NA,42,0.625,NA,NA
26-Jun,mp,vacmem,1,NA,NA,101,0.874,NA,NA
23-Jun,mp,vacmem,3,NA,NA,102.7,1.202,1.169,NA
23-Jun,mp,vacmem,4,NA,NA,108.2,1.297,NA,NA
23-Jun,mp,vacmem,5,NA,NA,82.5,0.737,NA,NA
25-Jun,mp,vacmem,5_02,NA,NA,99.2,0.821,NA,NA
25-Jun,mp,vacmem,7,NA,NA,113.3,0.952,NA,NA
26-Jun,mp,vacmem,8,NA,NA,70.1,0.662,NA,NA
26-Jun,mp,vacmem,8,NA,NA,106.9,1.771,NA,NA
23-Jun,mp,vacmem,9,NA,NA,53,0.417,NA,NA
22-Jun,mp,vacmem,11,NA,NA,86.5,0.869,NA,NA
23-Jun,mp,vacmem,12,NA,NA,83.9,0.714,NA,NA
03-Jun,sm,vacmem,1,NA,NA,68.9,0.73,NA,NA
03-Jun,sm,vacmem,2,NA,NA,76.1,0.785,NA,NA
03-Jun,sm,vacmem,3,NA,NA,64.6,0.692,NA,NA
03-Jun,sm,vacmem,4,NA,NA,75.8,0.846,NA,NA
03-Jun,sm,vacmem,5,NA,NA,55.6,0.665,NA,NA
03-Jun,sm,vacmem,6,NA,NA,59.5,0.475,NA,NA
03-Jun,sm,vacmem,7,NA,NA,47,0.44,NA,NA
04-Jun,sm,vacmem,8,NA,NA,60.9,0.748,NA,NA
04-Jun,sm,vacmem,9,NA,NA,55,0.878,NA,NA
04-Jun,sm,vacmem,10,NA,NA,56.9,0.772,NA,NA
12-Jun,afrf,vibedu,1,NA,NA,111.6,0.866,NA,NA
03-Jul,afrf,vibedu,2,NA,NA,74.8,0.822,NA,NA
12-Jun,afrf,vibedu,3,NA,NA,111.8,0.744,NA,NA
13-Jun,afrf,vibedu,3_02,NA,NA,111.8,0.93,NA,NA
02-Jul,afrf,vibedu,4,NA,NA,80.4,1.085,NA,NA
02-Jul,afrf,vibedu,5,NA,NA,136,1.067,NA,NA
02-Jul,afrf,vibedu,6,NA,NA,216.9,1.392,NA,NA
02-Jul,afrf,vibedu,7,NA,NA,118.5,0.856,NA,NA
02-Jul,afrf,vibedu,8,NA,NA,84.7,0.571,NA,NA
02-Jul,afrf,vibedu,11,NA,NA,123.5,0.898,NA,NA
03-Jul,afrf,vibedu,12,NA,NA,150.9,1.345,NA,NA
26-Jul,kl,vibedu,1,NA,NA,190.5,1.594,NA,NA
26-Jul,kl,vibedu,2,NA,NA,66.2,0.609,0.406,NA
26-Jul,kl,vibedu,3,NA,NA,161,1.466,1.157,NA
25-Jul,kl,vibedu,4,NA,NA,181.6,1.55,1.191,NA
25-Jul,kl,vibedu,5,NA,NA,136.4,1.704,1.07,NA
25-Jul,kl,vibedu,6,NA,NA,139.9,0.888,1.253,NA
25-Jul,kl,vibedu,7,NA,NA,168,2.137,NA,NA
25-Jul,kl,vibedu,8,NA,NA,183.1,1.484,1.698,1.513
25-Jul,kl,vibedu,9,NA,NA,310,1.599,1.191,NA
25-Jul,kl,vibedu,10,NA,NA,223.3,2.912,NA,NA
23-Jun,mp,vibedu,2,NA,NA,232.6,1.22,NA,NA
23-Jun,mp,vibedu,4,NA,NA,161.5,10.5,NA,NA
26-Jun,mp,vibedu,5,NA,NA,431,3.931,NA,NA
22-Jun,mp,vibedu,7,NA,NA,217.2,1.75,NA,NA
26-Jun,mp,vibedu,8,NA,NA,172.3,1.086,NA,NA
22-Jun,mp,vibedu,9,NA,NA,133.1,0.879,NA,NA
22-Jun,mp,vibedu,10,NA,NA,260.4,1.248,NA,NA
23-Jun,mp,vibedu,12,NA,NA,146.1,1.087,NA,NA
26-Jun,mp,vibedu,13,NA,NA,256.1,1.306,NA,NA
26-Jun,mp,vibedu,14,NA,NA,261,1.183,2.084,NA
30-May,sm,vibedu,1,NA,NA,107.8,0.768,NA,NA
03-Jun,sm,vibedu,5,NA,NA,143.5,0.659,NA,NA
29-May,sm,vibedu,7,NA,NA,235,1.72,NA,NA
31-May,sm,vibedu,8,NA,NA,131.6,0.898,NA,NA
30-May,sm,vibedu,9,NA,NA,176.1,1.26,NA,NA
30-May,sm,vibedu,10,NA,NA,143.4,8.73,NA,NA
29-May,sm,vibedu,12,NA,NA,160.4,1.37,NA,NA
05-Jun,sm,vibedu,19,NA,NA,191.1,1.669,NA,NA
05-Jun,sm,vibedu,20,NA,NA,193.6,1.913,NA,NA
04-Jun,sm,vibedu,11,NA,NA,196.8,1.004,NA,NA